solid fan
  facet normal -1 -3.767238E-15 -8.647815E-16
    outer loop
      vertex 0.2852161 0.06535865 0.03623361
      vertex 0.2852161 0 0
      vertex 0.2852161 -0.0004978064 0.002168588
    endloop
  endfacet
  facet normal -1 -5.131763E-15 1.773197E-15
    outer loop
      vertex 0.2852161 0.06535865 0.03623361
      vertex 0.2852161 -0.0004978064 0.002168588
      vertex 0.2852161 0.000601367 0.005349677
    endloop
  endfacet
  facet normal -1 -6.270711E-15 4.161337E-15
    outer loop
      vertex 0.2852161 0.06535865 0.03623361
      vertex 0.2852161 0.000601367 0.005349677
      vertex 0.2852161 0.003314125 0.009437527
    endloop
  endfacet
  facet normal -1 -7.293962E-15 6.530605E-15
    outer loop
      vertex 0.2852161 0.06535865 0.03623361
      vertex 0.2852161 0.003314125 0.009437527
      vertex 0.2852161 0.007631898 0.01426
    endloop
  endfacet
  facet normal -1 -8.2771E-15 9.113402E-15
    outer loop
      vertex 0.2852161 0.06535865 0.03623361
      vertex 0.2852161 0.007631898 0.01426
      vertex 0.2852161 0.01350811 0.01959697
    endloop
  endfacet
  facet normal -1 -9.229444E-15 1.208152E-14
    outer loop
      vertex 0.2852161 0.06535865 0.03623361
      vertex 0.2852161 0.01350811 0.01959697
      vertex 0.2852161 0.02084666 0.02520312
    endloop
  endfacet
  facet normal -1 -1.006982E-14 1.547276E-14
    outer loop
      vertex 0.2852161 0.06535865 0.03623361
      vertex 0.2852161 0.02084666 0.02520312
      vertex 0.2852161 0.02949544 0.03083183
    endloop
  endfacet
  facet normal -1 -1.061249E-14 1.907561E-14
    outer loop
      vertex 0.2852161 0.06535865 0.03623361
      vertex 0.2852161 0.02949544 0.03083183
      vertex 0.2852161 0.03924672 0.03625684
    endloop
  endfacet
  facet normal -1 -1.060962E-14 2.229973E-14
    outer loop
      vertex 0.2852161 0.06535865 0.03623361
      vertex 0.2852161 0.03924672 0.03625684
      vertex 0.2852161 0.04979362 0.04127478
    endloop
  endfacet
  facet normal -1 -1.00897E-14 2.390505E-14
    outer loop
      vertex 0.2852161 0.06535865 0.03623361
      vertex 0.2852161 0.04979362 0.04127478
      vertex 0.2852161 0.06070315 0.0458794
    endloop
  endfacet
  facet normal -1 -9.283165E-15 2.429432E-14
    outer loop
      vertex 0.2852161 0.06535865 0.03623361
      vertex 0.2852161 0.06070315 0.0458794
      vertex 0.2852161 0.07176847 0.0501076
    endloop
  endfacet
  facet normal -1 -8.2779E-15 2.382989E-14
    outer loop
      vertex 0.2852161 0.06535865 0.03623361
      vertex 0.2852161 0.07176847 0.0501076
      vertex 0.2852161 0.0826868 0.05390036
    endloop
  endfacet
  facet normal -1 -7.22137E-15 2.27936E-14
    outer loop
      vertex 0.2852161 0.06535865 0.03623361
      vertex 0.2852161 0.0826868 0.05390036
      vertex 0.2852161 0.0931603 0.05721852
    endloop
  endfacet
  facet normal -1 -6.219292E-15 2.146601E-14
    outer loop
      vertex 0.2852161 0.06535865 0.03623361
      vertex 0.2852161 0.0931603 0.05721852
      vertex 0.2852161 0.102904 0.06004154
    endloop
  endfacet
  facet normal -1 -5.333245E-15 2.006871E-14
    outer loop
      vertex 0.2852161 0.06535865 0.03623361
      vertex 0.2852161 0.102904 0.06004154
      vertex 0.2852161 0.1116526 0.06236649
    endloop
  endfacet
  facet normal -1 -4.592705E-15 1.875685E-14
    outer loop
      vertex 0.2852161 0.06535865 0.03623361
      vertex 0.2852161 0.1116526 0.06236649
      vertex 0.2852161 0.1191672 0.06420645
    endloop
  endfacet
  facet normal -1 -4.007456E-15 1.763107E-14
    outer loop
      vertex 0.2852161 0.06535865 0.03623361
      vertex 0.2852161 0.1191672 0.06420645
      vertex 0.2852161 0.1252407 0.06558693
    endloop
  endfacet
  facet normal -1 -3.576556E-15 1.675201E-14
    outer loop
      vertex 0.2852161 0.06535865 0.03623361
      vertex 0.2852161 0.1252407 0.06558693
      vertex 0.2852161 0.1297047 0.06654
    endloop
  endfacet
  facet normal -1 -3.294464E-15 1.615308E-14
    outer loop
      vertex 0.2852161 0.06535865 0.03623361
      vertex 0.2852161 0.1297047 0.06654
      vertex 0.2852161 0.1324344 0.06709673
    endloop
  endfacet
  facet normal -1 -3.155236E-15 1.585049E-14
    outer loop
      vertex 0.2852161 0.06535865 0.03623361
      vertex 0.2852161 0.1324344 0.06709673
      vertex 0.2852161 0.1333529 0.06727957
    endloop
  endfacet
  facet normal -1 6.981847E-15 -6.350901E-15
    outer loop
      vertex 0.2852161 0.06535865 0.03623361
      vertex 0.2852161 0.1333529 0.06727957
      vertex 0.2852161 0.1326425 0.06649856
    endloop
  endfacet
  facet normal -1 3.432334E-14 -6.713542E-14
    outer loop
      vertex 0.2852161 0.06535865 0.03623361
      vertex 0.2852161 0.1326425 0.06649856
      vertex 0.2852161 0.1301656 0.06523222
    endloop
  endfacet
  facet normal -1 3.339987E-14 -6.507163E-14
    outer loop
      vertex 0.2852161 0.06535865 0.03623361
      vertex 0.2852161 0.1301656 0.06523222
      vertex 0.2852161 0.1261161 0.06315374
    endloop
  endfacet
  facet normal -1 3.209076E-14 -6.211702E-14
    outer loop
      vertex 0.2852161 0.06535865 0.03623361
      vertex 0.2852161 0.1261161 0.06315374
      vertex 0.2852161 0.1206092 0.06030877
    endloop
  endfacet
  facet normal -1 3.056E-14 -5.860404E-14
    outer loop
      vertex 0.2852161 0.06535865 0.03623361
      vertex 0.2852161 0.1206092 0.06030877
      vertex 0.2852161 0.1137995 0.05675772
    endloop
  endfacet
  facet normal -1 2.904267E-14 -5.502286E-14
    outer loop
      vertex 0.2852161 0.06535865 0.03623361
      vertex 0.2852161 0.1137995 0.05675772
      vertex 0.2852161 0.105875 0.05257495
    endloop
  endfacet
  facet normal -1 2.777309E-14 -5.18751E-14
    outer loop
      vertex 0.2852161 0.06535865 0.03623361
      vertex 0.2852161 0.105875 0.05257495
      vertex 0.2852161 0.09704941 0.04784987
    endloop
  endfacet
  facet normal -1 2.691484E-14 -4.953366E-14
    outer loop
      vertex 0.2852161 0.06535865 0.03623361
      vertex 0.2852161 0.09704941 0.04784987
      vertex 0.2852161 0.0875528 0.04268975
    endloop
  endfacet
  facet normal -1 2.651766E-14 -4.81683E-14
    outer loop
      vertex 0.2852161 0.06535865 0.03623361
      vertex 0.2852161 0.0875528 0.04268975
      vertex 0.2852161 0.07762213 0.03722271
    endloop
  endfacet
  facet normal -1 2.647968E-14 -4.769742E-14
    outer loop
      vertex 0.2852161 0.06535865 0.03623361
      vertex 0.2852161 0.07762213 0.03722271
      vertex 0.2852161 0.06749233 0.03159905
    endloop
  endfacet
  facet normal -1 2.648397E-14 -4.769544E-14
    outer loop
      vertex 0.2852161 0.06535865 0.03623361
      vertex 0.2852161 0.06749233 0.03159905
      vertex 0.2852161 0.05738919 0.02598906
    endloop
  endfacet
  facet normal -1 2.656228E-14 -4.775637E-14
    outer loop
      vertex 0.2852161 0.06535865 0.03623361
      vertex 0.2852161 0.05738919 0.02598906
      vertex 0.2852161 0.04767197 0.0205843
    endloop
  endfacet
  facet normal -1 2.789576E-14 -4.926345E-14
    outer loop
      vertex 0.2852161 0.06535865 0.03623361
      vertex 0.2852161 0.04767197 0.0205843
      vertex 0.2852161 0.0385231 0.01540369
    endloop
  endfacet
  facet normal -1 2.744196E-14 -4.867881E-14
    outer loop
      vertex 0.2852161 0.06535865 0.03623361
      vertex 0.2852161 0.0385231 0.01540369
      vertex 0.2852161 0.03004195 0.01062256
    endloop
  endfacet
  facet normal -1 2.36111E-14 -4.33962E-14
    outer loop
      vertex 0.2852161 0.06535865 0.03623361
      vertex 0.2852161 0.03004195 0.01062256
      vertex 0.2852161 0.02235692 0.006441278
    endloop
  endfacet
  facet normal -1 1.701194E-14 -3.387109E-14
    outer loop
      vertex 0.2852161 0.06535865 0.03623361
      vertex 0.2852161 0.02235692 0.006441278
      vertex 0.2852161 0.01559088 0.003042999
    endloop
  endfacet
  facet normal -1 1.005571E-14 -2.344054E-14
    outer loop
      vertex 0.2852161 0.06535865 0.03623361
      vertex 0.2852161 0.01559088 0.003042999
      vertex 0.2852161 0.009864097 0.0005862766
    endloop
  endfacet
  facet normal -1 4.467516E-15 -1.474103E-14
    outer loop
      vertex 0.2852161 0.06535865 0.03623361
      vertex 0.2852161 0.009864097 0.0005862766
      vertex 0.2852161 0.005291657 -0.0007994776
    endloop
  endfacet
  facet normal -1 5.488239E-16 -8.384987E-15
    outer loop
      vertex 0.2852161 0.06535865 0.03623361
      vertex 0.2852161 0.005291657 -0.0007994776
      vertex 0.2852161 0.001976405 -0.001016471
    endloop
  endfacet
  facet normal -1 -2.043699E-15 -3.973724E-15
    outer loop
      vertex 0.2852161 0.06535865 0.03623361
      vertex 0.2852161 0.001976405 -0.001016471
      vertex 0.2852161 0 0
    endloop
  endfacet
  facet normal 1 -9.233209E-16 -4.786626E-17
    outer loop
      vertex 0.47695 0.1181287 0.04077267
      vertex 0.47695 -0.0001926288 0.003715732
      vertex 0.47695 0 0
    endloop
  endfacet
  facet normal 1 -1.135648E-15 6.300846E-16
    outer loop
      vertex 0.47695 0.1181287 0.04077267
      vertex 0.47695 0.002537893 0.008637152
      vertex 0.47695 -0.0001926288 0.003715732
    endloop
  endfacet
  facet normal 1 -1.305167E-15 1.239841E-15
    outer loop
      vertex 0.47695 0.1181287 0.04077267
      vertex 0.47695 0.008188329 0.0145853
      vertex 0.47695 0.002537893 0.008637152
    endloop
  endfacet
  facet normal 1 -1.448209E-15 1.840365E-15
    outer loop
      vertex 0.47695 0.1181287 0.04077267
      vertex 0.47695 0.01669477 0.02127914
      vertex 0.47695 0.008188329 0.0145853
    endloop
  endfacet
  facet normal 1 -1.572967E-15 2.489536E-15
    outer loop
      vertex 0.47695 0.1181287 0.04077267
      vertex 0.47695 0.02791683 0.02836959
      vertex 0.47695 0.01669477 0.02127914
    endloop
  endfacet
  facet normal 1 -1.674526E-15 3.228211E-15
    outer loop
      vertex 0.47695 0.1181287 0.04077267
      vertex 0.47695 0.04162529 0.03548039
      vertex 0.47695 0.02791683 0.02836959
    endloop
  endfacet
  facet normal 1 -1.732201E-15 4.061939E-15
    outer loop
      vertex 0.47695 0.1181287 0.04077267
      vertex 0.47695 0.05749826 0.04224937
      vertex 0.47695 0.04162529 0.03548039
    endloop
  endfacet
  facet normal 1 -1.71098E-15 4.933204E-15
    outer loop
      vertex 0.47695 0.1181287 0.04077267
      vertex 0.47695 0.07512816 0.04836394
      vertex 0.47695 0.05749826 0.04224937
    endloop
  endfacet
  facet normal 1 -1.576905E-15 5.69267E-15
    outer loop
      vertex 0.47695 0.1181287 0.04077267
      vertex 0.47695 0.09395072 0.0535779
      vertex 0.47695 0.07512816 0.04836394
    endloop
  endfacet
  facet normal 1 -1.387992E-15 6.049362E-15
    outer loop
      vertex 0.47695 0.1181287 0.04077267
      vertex 0.47695 0.113251 0.05800624
      vertex 0.47695 0.09395072 0.0535779
    endloop
  endfacet
  facet normal 1 -1.181872E-15 6.107701E-15
    outer loop
      vertex 0.47695 0.1181287 0.04077267
      vertex 0.47695 0.132699 0.06176953
      vertex 0.47695 0.113251 0.05800624
    endloop
  endfacet
  facet normal 1 -9.64253E-16 5.956689E-15
    outer loop
      vertex 0.47695 0.1181287 0.04077267
      vertex 0.47695 0.1517789 0.06485814
      vertex 0.47695 0.132699 0.06176953
    endloop
  endfacet
  facet normal 1 -7.582172E-16 5.668833E-15
    outer loop
      vertex 0.47695 0.1181287 0.04077267
      vertex 0.47695 0.1699889 0.06729376
      vertex 0.47695 0.1517789 0.06485814
    endloop
  endfacet
  facet normal 1 -5.77063E-16 5.314598E-15
    outer loop
      vertex 0.47695 0.1181287 0.04077267
      vertex 0.47695 0.1868537 0.06912495
      vertex 0.47695 0.1699889 0.06729376
    endloop
  endfacet
  facet normal 1 -4.261295E-16 4.94874E-15
    outer loop
      vertex 0.47695 0.1181287 0.04077267
      vertex 0.47695 0.2019355 0.07042362
      vertex 0.47695 0.1868537 0.06912495
    endloop
  endfacet
  facet normal 1 -3.059412E-16 4.609034E-15
    outer loop
      vertex 0.47695 0.1181287 0.04077267
      vertex 0.47695 0.2148444 0.0712805
      vertex 0.47695 0.2019355 0.07042362
    endloop
  endfacet
  facet normal 1 -2.146396E-16 4.31959E-15
    outer loop
      vertex 0.47695 0.1181287 0.04077267
      vertex 0.47695 0.225247 0.0717974
      vertex 0.47695 0.2148444 0.0712805
    endloop
  endfacet
  facet normal 1 -1.494934E-16 4.094662E-15
    outer loop
      vertex 0.47695 0.1181287 0.04077267
      vertex 0.47695 0.2328751 0.0720759
      vertex 0.47695 0.225247 0.0717974
    endloop
  endfacet
  facet normal 1 -1.078152E-16 3.941884E-15
    outer loop
      vertex 0.47695 0.1181287 0.04077267
      vertex 0.47695 0.237532 0.07220327
      vertex 0.47695 0.2328751 0.0720759
    endloop
  endfacet
  facet normal 1 -8.753373E-17 3.864836E-15
    outer loop
      vertex 0.47695 0.1181287 0.04077267
      vertex 0.47695 0.2390977 0.07223873
      vertex 0.47695 0.237532 0.07220327
    endloop
  endfacet
  facet normal 1 1.382112E-15 -1.785114E-15
    outer loop
      vertex 0.47695 0.1181287 0.04077267
      vertex 0.47695 0.2377017 0.07115788
      vertex 0.47695 0.2390977 0.07223873
    endloop
  endfacet
  facet normal 1 5.308624E-15 -1.723687E-14
    outer loop
      vertex 0.47695 0.1181287 0.04077267
      vertex 0.47695 0.2332559 0.06978864
      vertex 0.47695 0.2377017 0.07115788
    endloop
  endfacet
  facet normal 1 5.17645E-15 -1.671245E-14
    outer loop
      vertex 0.47695 0.1181287 0.04077267
      vertex 0.47695 0.2259851 0.06753662
      vertex 0.47695 0.2332559 0.06978864
    endloop
  endfacet
  facet normal 1 4.990279E-15 -1.596219E-14
    outer loop
      vertex 0.47695 0.1181287 0.04077267
      vertex 0.47695 0.2160921 0.06444376
      vertex 0.47695 0.2259851 0.06753662
    endloop
  endfacet
  facet normal 1 4.774991E-15 -1.507122E-14
    outer loop
      vertex 0.47695 0.1181287 0.04077267
      vertex 0.47695 0.2038491 0.06056482
      vertex 0.47695 0.2160921 0.06444376
    endloop
  endfacet
  facet normal 1 4.565691E-15 -1.416473E-14
    outer loop
      vertex 0.47695 0.1181287 0.04077267
      vertex 0.47695 0.1895873 0.05596785
      vertex 0.47695 0.2038491 0.06056482
    endloop
  endfacet
  facet normal 1 4.396826E-15 -1.337061E-14
    outer loop
      vertex 0.47695 0.1181287 0.04077267
      vertex 0.47695 0.1736845 0.05073833
      vertex 0.47695 0.1895873 0.05596785
    endloop
  endfacet
  facet normal 1 4.291504E-15 -1.278347E-14
    outer loop
      vertex 0.47695 0.1181287 0.04077267
      vertex 0.47695 0.1565507 0.04498637
      vertex 0.47695 0.1736845 0.05073833
    endloop
  endfacet
  facet normal 1 4.254424E-15 -1.244536E-14
    outer loop
      vertex 0.47695 0.1181287 0.04077267
      vertex 0.47695 0.1386131 0.03885447
      vertex 0.47695 0.1565507 0.04498637
    endloop
  endfacet
  facet normal 1 4.26496E-15 -1.233285E-14
    outer loop
      vertex 0.47695 0.1181287 0.04077267
      vertex 0.47695 0.1203023 0.03252221
      vertex 0.47695 0.1386131 0.03885447
    endloop
  endfacet
  facet normal 1 4.26605E-15 -1.233257E-14
    outer loop
      vertex 0.47695 0.1181287 0.04077267
      vertex 0.47695 0.1020394 0.02620474
      vertex 0.47695 0.1203023 0.03252221
    endloop
  endfacet
  facet normal 1 4.28198E-15 -1.235016E-14
    outer loop
      vertex 0.47695 0.1181287 0.04077267
      vertex 0.47695 0.08447147 0.02011368
      vertex 0.47695 0.1020394 0.02620474
    endloop
  endfacet
  facet normal 1 4.533784E-15 -1.276039E-14
    outer loop
      vertex 0.47695 0.1181287 0.04077267
      vertex 0.47695 0.06790445 0.0142274
      vertex 0.47695 0.08447147 0.02011368
    endloop
  endfacet
  facet normal 1 4.45106E-15 -1.260388E-14
    outer loop
      vertex 0.47695 0.1181287 0.04077267
      vertex 0.47695 0.05255274 0.008805939
      vertex 0.47695 0.06790445 0.0142274
    endloop
  endfacet
  facet normal 1 3.767103E-15 -1.120082E-14
    outer loop
      vertex 0.47695 0.1181287 0.04077267
      vertex 0.47695 0.03868578 0.004142151
      vertex 0.47695 0.05255274 0.008805939
    endloop
  endfacet
  facet normal 1 2.606484E-15 -8.683715E-15
    outer loop
      vertex 0.47695 0.1181287 0.04077267
      vertex 0.47695 0.02655892 0.0005021796
      vertex 0.47695 0.03868578 0.004142151
    endloop
  endfacet
  facet normal 1 1.399204E-15 -5.938519E-15
    outer loop
      vertex 0.47695 0.1181287 0.04077267
      vertex 0.47695 0.01641609 -0.001887623
      vertex 0.47695 0.02655892 0.0005021796
    endloop
  endfacet
  facet normal 1 4.426038E-16 -3.65775E-15
    outer loop
      vertex 0.47695 0.1181287 0.04077267
      vertex 0.47695 0.008484286 -0.002847406
      vertex 0.47695 0.01641609 -0.001887623
    endloop
  endfacet
  facet normal 1 -2.176333E-16 -1.998163E-15
    outer loop
      vertex 0.47695 0.1181287 0.04077267
      vertex 0.47695 0.002961186 -0.002245848
      vertex 0.47695 0.008484286 -0.002847406
    endloop
  endfacet
  facet normal 1 -6.458988E-16 -8.516278E-16
    outer loop
      vertex 0.47695 0.1181287 0.04077267
      vertex 0.47695 0 0
      vertex 0.47695 0.002961186 -0.002245848
    endloop
  endfacet
  facet normal 0.003204398 -0.9746452 -0.2237329
    outer loop
      vertex 0.2852161 0 0
      vertex 0.3235629 -0.000444302 0.002484727
      vertex 0.2852161 -0.0004978064 0.002168588
    endloop
  endfacet
  facet normal 0 -0.9843864 -0.1760213
    outer loop
      vertex 0.2852161 0 0
      vertex 0.3235629 0 0
      vertex 0.3235629 -0.000444302 0.002484727
    endloop
  endfacet
  facet normal 0.003473466 -0.9451614 0.3265851
    outer loop
      vertex 0.2852161 -0.0004978064 0.002168588
      vertex 0.3235629 0.0009768559 0.006028525
      vertex 0.2852161 0.000601367 0.005349677
    endloop
  endfacet
  facet normal -0.001773559 -0.9281463 0.3722115
    outer loop
      vertex 0.2852161 -0.0004978064 0.002168588
      vertex 0.3235629 -0.000444302 0.002484727
      vertex 0.3235629 0.0009768559 0.006028525
    endloop
  endfacet
  facet normal 0.005435872 -0.8332097 0.5529303
    outer loop
      vertex 0.2852161 0.000601367 0.005349677
      vertex 0.3235629 0.004276449 0.01051066
      vertex 0.2852161 0.003314125 0.009437527
    endloop
  endfacet
  facet normal -0.002609445 -0.8053135 0.5928435
    outer loop
      vertex 0.2852161 0.000601367 0.005349677
      vertex 0.3235629 0.0009768559 0.006028525
      vertex 0.3235629 0.004276449 0.01051066
    endloop
  endfacet
  facet normal 0.009351021 -0.7449839 0.6670169
    outer loop
      vertex 0.2852161 0.003314125 0.009437527
      vertex 0.3235629 0.00943526 0.01573657
      vertex 0.2852161 0.007631898 0.01426
    endloop
  endfacet
  facet normal -0.00180082 -0.7116592 0.7025226
    outer loop
      vertex 0.2852161 0.003314125 0.009437527
      vertex 0.3235629 0.004276449 0.01051066
      vertex 0.3235629 0.00943526 0.01573657
    endloop
  endfacet
  facet normal 0.01454476 -0.6722542 0.7401775
    outer loop
      vertex 0.2852161 0.007631898 0.01426
      vertex 0.3235629 0.01638835 0.02145938
      vertex 0.2852161 0.01350811 0.01959697
    endloop
  endfacet
  facet normal 0.0001552397 -0.6354914 0.772108
    outer loop
      vertex 0.2852161 0.007631898 0.01426
      vertex 0.3235629 0.00943526 0.01573657
      vertex 0.3235629 0.01638835 0.02145938
    endloop
  endfacet
  facet normal 0.02029807 -0.6069362 0.7944913
    outer loop
      vertex 0.2852161 0.01350811 0.01959697
      vertex 0.3235629 0.0250133 0.02740644
      vertex 0.2852161 0.02084666 0.02520312
    endloop
  endfacet
  facet normal 0.00265297 -0.5676545 0.8232626
    outer loop
      vertex 0.2852161 0.01350811 0.01959697
      vertex 0.3235629 0.01638835 0.02145938
      vertex 0.3235629 0.0250133 0.02740644
    endloop
  endfacet
  facet normal 0.02596402 -0.5452816 0.8378507
    outer loop
      vertex 0.2852161 0.02084666 0.02520312
      vertex 0.3235629 0.03512412 0.03330671
      vertex 0.2852161 0.02949544 0.03083183
    endloop
  endfacet
  facet normal 0.005138927 -0.5040105 0.8636823
    outer loop
      vertex 0.2852161 0.02084666 0.02520312
      vertex 0.3235629 0.0250133 0.02740644
      vertex 0.3235629 0.03512412 0.03330671
    endloop
  endfacet
  facet normal 0.03101813 -0.4859316 0.8734463
    outer loop
      vertex 0.2852161 0.02949544 0.03083183
      vertex 0.3235629 0.04647293 0.03891527
      vertex 0.2852161 0.03924672 0.03625684
    endloop
  endfacet
  facet normal 0.007172555 -0.4430365 0.8964749
    outer loop
      vertex 0.2852161 0.02949544 0.03083183
      vertex 0.3235629 0.03512412 0.03330671
      vertex 0.3235629 0.04647293 0.03891527
    endloop
  endfacet
  facet normal 0.03515787 -0.4293611 0.9024483
    outer loop
      vertex 0.2852161 0.03924672 0.03625684
      vertex 0.3235629 0.05870077 0.04401864
      vertex 0.2852161 0.04979362 0.04127478
    endloop
  endfacet
  facet normal 0.008602571 -0.3851433 0.9228167
    outer loop
      vertex 0.2852161 0.03924672 0.03625684
      vertex 0.3235629 0.04647293 0.03891527
      vertex 0.3235629 0.05870077 0.04401864
    endloop
  endfacet
  facet normal 0.04141899 -0.3885223 0.9205079
    outer loop
      vertex 0.2852161 0.04979362 0.04127478
      vertex 0.3235629 0.07131669 0.04863366
      vertex 0.2852161 0.06070315 0.0458794
    endloop
  endfacet
  facet normal 0.01259834 -0.3435174 0.9390618
    outer loop
      vertex 0.2852161 0.04979362 0.04127478
      vertex 0.3235629 0.05870077 0.04401864
      vertex 0.3235629 0.07131669 0.04863366
    endloop
  endfacet
  facet normal 0.04870208 -0.356518 0.9330182
    outer loop
      vertex 0.2852161 0.06070315 0.0458794
      vertex 0.3235629 0.08408835 0.05281354
      vertex 0.2852161 0.07176847 0.0501076
    endloop
  endfacet
  facet normal 0.01782507 -0.3109942 0.9502446
    outer loop
      vertex 0.2852161 0.06070315 0.0458794
      vertex 0.3235629 0.07131669 0.04863366
      vertex 0.3235629 0.08408835 0.05281354
    endloop
  endfacet
  facet normal 0.05532702 -0.3276376 0.9431821
    outer loop
      vertex 0.2852161 0.07176847 0.0501076
      vertex 0.3235629 0.09666941 0.05650814
      vertex 0.2852161 0.0826868 0.05390036
    endloop
  endfacet
  facet normal 0.02281238 -0.2816919 0.9592337
    outer loop
      vertex 0.2852161 0.07176847 0.0501076
      vertex 0.3235629 0.08408835 0.05281354
      vertex 0.3235629 0.09666941 0.05650814
    endloop
  endfacet
  facet normal 0.06100693 -0.3014582 0.9515257
    outer loop
      vertex 0.2852161 0.0826868 0.05390036
      vertex 0.3235629 0.1087202 0.05968955
      vertex 0.2852161 0.0931603 0.05721852
    endloop
  endfacet
  facet normal 0.02731217 -0.2551593 0.9665132
    outer loop
      vertex 0.2852161 0.0826868 0.05390036
      vertex 0.3235629 0.09666941 0.05650814
      vertex 0.3235629 0.1087202 0.05968955
    endloop
  endfacet
  facet normal 0.06549385 -0.2776854 0.9584369
    outer loop
      vertex 0.2852161 0.0931603 0.05721852
      vertex 0.3235629 0.1199167 0.0623502
      vertex 0.2852161 0.102904 0.06004154
    endloop
  endfacet
  facet normal 0.0311032 -0.2310825 0.9724369
    outer loop
      vertex 0.2852161 0.0931603 0.05721852
      vertex 0.3235629 0.1087202 0.05968955
      vertex 0.3235629 0.1199167 0.0623502
    endloop
  endfacet
  facet normal 0.06863545 -0.2562292 0.9641762
    outer loop
      vertex 0.2852161 0.102904 0.06004154
      vertex 0.3235629 0.1299583 0.06450145
      vertex 0.2852161 0.1116526 0.06236649
    endloop
  endfacet
  facet normal 0.03404869 -0.2093603 0.9772456
    outer loop
      vertex 0.2852161 0.102904 0.06004154
      vertex 0.3235629 0.1199167 0.0623502
      vertex 0.3235629 0.1299583 0.06450145
    endloop
  endfacet
  facet normal 0.07042161 -0.2372387 0.9688955
    outer loop
      vertex 0.2852161 0.1116526 0.06236649
      vertex 0.3235629 0.1385746 0.06617132
      vertex 0.2852161 0.1191672 0.06420645
    endloop
  endfacet
  facet normal 0.0361438 -0.1901382 0.9810918
    outer loop
      vertex 0.2852161 0.1116526 0.06236649
      vertex 0.3235629 0.1299583 0.06450145
      vertex 0.3235629 0.1385746 0.06617132
    endloop
  endfacet
  facet normal 0.07099917 -0.2210825 0.9726673
    outer loop
      vertex 0.2852161 0.1191672 0.06420645
      vertex 0.3235629 0.1455328 0.06740013
      vertex 0.2852161 0.1252407 0.06558693
    endloop
  endfacet
  facet normal 0.03753045 -0.1737858 0.9840681
    outer loop
      vertex 0.2852161 0.1191672 0.06420645
      vertex 0.3235629 0.1385746 0.06617132
      vertex 0.3235629 0.1455328 0.06740013
    endloop
  endfacet
  facet normal 0.0706434 -0.2082728 0.9755162
    outer loop
      vertex 0.2852161 0.1252407 0.06558693
      vertex 0.3235629 0.1506436 0.06823352
      vertex 0.2852161 0.1297047 0.06654
    endloop
  endfacet
  facet normal 0.03846793 -0.1608192 0.986234
    outer loop
      vertex 0.2852161 0.1252407 0.06558693
      vertex 0.3235629 0.1455328 0.06740013
      vertex 0.3235629 0.1506436 0.06823352
    endloop
  endfacet
  facet normal 0.06968993 -0.1993528 0.9774465
    outer loop
      vertex 0.2852161 0.1297047 0.06654
      vertex 0.3235629 0.1537673 0.0687136
      vertex 0.2852161 0.1324344 0.06709673
    endloop
  endfacet
  facet normal 0.03926369 -0.151785 0.9876334
    outer loop
      vertex 0.2852161 0.1297047 0.06654
      vertex 0.3235629 0.1506436 0.06823352
      vertex 0.3235629 0.1537673 0.0687136
    endloop
  endfacet
  facet normal 0.06844567 -0.194774 0.9784571
    outer loop
      vertex 0.2852161 0.1324344 0.06709673
      vertex 0.3235629 0.1548182 0.06887005
      vertex 0.2852161 0.1333529 0.06727957
    endloop
  endfacet
  facet normal 0.04018356 -0.1471366 0.9882996
    outer loop
      vertex 0.2852161 0.1324344 0.06709673
      vertex 0.3235629 0.1537673 0.0687136
      vertex 0.3235629 0.1548182 0.06887005
    endloop
  endfacet
  facet normal -0.3590108 0.6904254 -0.6280319
    outer loop
      vertex 0.2852161 0.1333529 0.06727957
      vertex 0.3235629 0.1539701 0.06802432
      vertex 0.2852161 0.1326425 0.06649856
    endloop
  endfacet
  facet normal -0.343609 0.663114 -0.6649907
    outer loop
      vertex 0.2852161 0.1333529 0.06727957
      vertex 0.3235629 0.1548182 0.06887005
      vertex 0.3235629 0.1539701 0.06802432
    endloop
  endfacet
  facet normal -0.2090244 0.4451574 -0.8707145
    outer loop
      vertex 0.2852161 0.1326425 0.06649856
      vertex 0.3235629 0.1510936 0.06672622
      vertex 0.2852161 0.1301656 0.06523222
    endloop
  endfacet
  facet normal -0.189034 0.4039119 -0.8950538
    outer loop
      vertex 0.2852161 0.1326425 0.06649856
      vertex 0.3235629 0.1539701 0.06802432
      vertex 0.3235629 0.1510936 0.06672622
    endloop
  endfacet
  facet normal -0.2036392 0.4470709 -0.8710102
    outer loop
      vertex 0.2852161 0.1301656 0.06523222
      vertex 0.3235629 0.1463904 0.06459472
      vertex 0.2852161 0.1261161 0.06315374
    endloop
  endfacet
  facet normal -0.1864671 0.4055484 -0.8948522
    outer loop
      vertex 0.2852161 0.1301656 0.06523222
      vertex 0.3235629 0.1510936 0.06672622
      vertex 0.3235629 0.1463904 0.06459472
    endloop
  endfacet
  facet normal -0.1964524 0.4500417 -0.8711308
    outer loop
      vertex 0.2852161 0.1261161 0.06315374
      vertex 0.3235629 0.1399933 0.0616752
      vertex 0.2852161 0.1206092 0.06030877
    endloop
  endfacet
  facet normal -0.1822258 0.4082391 -0.8945024
    outer loop
      vertex 0.2852161 0.1261161 0.06315374
      vertex 0.3235629 0.1463904 0.06459472
      vertex 0.3235629 0.1399933 0.0616752
    endloop
  endfacet
  facet normal -0.187677 0.4541594 -0.8709286
    outer loop
      vertex 0.2852161 0.1206092 0.06030877
      vertex 0.3235629 0.1320811 0.05802758
      vertex 0.2852161 0.1137995 0.05675772
    endloop
  endfacet
  facet normal -0.1764582 0.4120924 -0.8938917
    outer loop
      vertex 0.2852161 0.1206092 0.06030877
      vertex 0.3235629 0.1399933 0.0616752
      vertex 0.3235629 0.1320811 0.05802758
    endloop
  endfacet
  facet normal -0.1774871 0.4593829 -0.870325
    outer loop
      vertex 0.2852161 0.1137995 0.05675772
      vertex 0.3235629 0.1228708 0.05372571
      vertex 0.2852161 0.105875 0.05257495
    endloop
  endfacet
  facet normal -0.1692705 0.4170816 -0.8929672
    outer loop
      vertex 0.2852161 0.1137995 0.05675772
      vertex 0.3235629 0.1320811 0.05802758
      vertex 0.3235629 0.1228708 0.05372571
    endloop
  endfacet
  facet normal -0.1659861 0.4654476 -0.8693717
    outer loop
      vertex 0.2852161 0.105875 0.05257495
      vertex 0.3235629 0.1126096 0.04885912
      vertex 0.2852161 0.09704941 0.04784987
    endloop
  endfacet
  facet normal -0.1606948 0.4229488 -0.8917912
    outer loop
      vertex 0.2852161 0.105875 0.05257495
      vertex 0.3235629 0.1228708 0.05372571
      vertex 0.3235629 0.1126096 0.04885912
    endloop
  endfacet
  facet normal -0.1532101 0.4717995 -0.8682925
    outer loop
      vertex 0.2852161 0.09704941 0.04784987
      vertex 0.3235629 0.101564 0.04353663
      vertex 0.2852161 0.0875528 0.04268975
    endloop
  endfacet
  facet normal -0.1506944 0.4291381 -0.8905794
    outer loop
      vertex 0.2852161 0.09704941 0.04784987
      vertex 0.3235629 0.1126096 0.04885912
      vertex 0.3235629 0.101564 0.04353663
    endloop
  endfacet
  facet normal -0.139171 0.4775759 -0.867498
    outer loop
      vertex 0.2852161 0.0875528 0.04268975
      vertex 0.3235629 0.09000956 0.03789035
      vertex 0.2852161 0.07762213 0.03722271
    endloop
  endfacet
  facet normal -0.1392094 0.4347761 -0.8897137
    outer loop
      vertex 0.2852161 0.0875528 0.04268975
      vertex 0.3235629 0.101564 0.04353663
      vertex 0.3235629 0.09000956 0.03789035
    endloop
  endfacet
  facet normal -0.1239241 0.481637 -0.8675647
    outer loop
      vertex 0.2852161 0.07762213 0.03722271
      vertex 0.3235629 0.07822088 0.0320776
      vertex 0.2852161 0.06749233 0.03159905
    endloop
  endfacet
  facet normal -0.1262267 0.4387032 -0.8897226
    outer loop
      vertex 0.2852161 0.07762213 0.03722271
      vertex 0.3235629 0.09000956 0.03789035
      vertex 0.3235629 0.07822088 0.0320776
    endloop
  endfacet
  facet normal -0.1076363 0.4826335 -0.8691832
    outer loop
      vertex 0.2852161 0.06749233 0.03159905
      vertex 0.3235629 0.06646316 0.02627887
      vertex 0.2852161 0.05738919 0.02598906
    endloop
  endfacet
  facet normal -0.1118516 0.4395422 -0.8912305
    outer loop
      vertex 0.2852161 0.06749233 0.03159905
      vertex 0.3235629 0.07822088 0.0320776
      vertex 0.3235629 0.06646316 0.02627887
    endloop
  endfacet
  facet normal -0.09200942 0.484014 -0.8702096
    outer loop
      vertex 0.2852161 0.05738919 0.02598906
      vertex 0.3235629 0.05515407 0.02069137
      vertex 0.2852161 0.04767197 0.0205843
    endloop
  endfacet
  facet normal -0.09757284 0.4408423 -0.8922654
    outer loop
      vertex 0.2852161 0.05738919 0.02598906
      vertex 0.3235629 0.06646316 0.02627887
      vertex 0.3235629 0.05515407 0.02069137
    endloop
  endfacet
  facet normal -0.07832927 0.4912286 -0.8675016
    outer loop
      vertex 0.2852161 0.04767197 0.0205843
      vertex 0.3235629 0.04450134 0.01532647
      vertex 0.2852161 0.0385231 0.01540369
    endloop
  endfacet
  facet normal -0.08496078 0.4481705 -0.8899016
    outer loop
      vertex 0.2852161 0.04767197 0.0205843
      vertex 0.3235629 0.05515407 0.02069137
      vertex 0.3235629 0.04450134 0.01532647
    endloop
  endfacet
  facet normal -0.064159 0.4900666 -0.8693206
    outer loop
      vertex 0.2852161 0.0385231 0.01540369
      vertex 0.3235629 0.03462727 0.01037734
      vertex 0.2852161 0.03004195 0.01062256
    endloop
  endfacet
  facet normal -0.07147389 0.4469429 -0.8917026
    outer loop
      vertex 0.2852161 0.0385231 0.01540369
      vertex 0.3235629 0.04450134 0.01532647
      vertex 0.3235629 0.03462727 0.01037734
    endloop
  endfacet
  facet normal -0.05010192 0.4773226 -0.8772986
    outer loop
      vertex 0.2852161 0.03004195 0.01062256
      vertex 0.3235629 0.02568843 0.006063933
      vertex 0.2852161 0.02235692 0.006441278
    endloop
  endfacet
  facet normal -0.05763013 0.4338719 -0.8991295
    outer loop
      vertex 0.2852161 0.03004195 0.01062256
      vertex 0.3235629 0.03462727 0.01037734
      vertex 0.3235629 0.02568843 0.006063933
    endloop
  endfacet
  facet normal -0.03685727 0.4485204 -0.8930123
    outer loop
      vertex 0.2852161 0.02235692 0.006441278
      vertex 0.3235629 0.01783413 0.002586998
      vertex 0.2852161 0.01559088 0.003042999
    endloop
  endfacet
  facet normal -0.04412261 0.4043962 -0.913519
    outer loop
      vertex 0.2852161 0.02235692 0.006441278
      vertex 0.3235629 0.02568843 0.006063933
      vertex 0.3235629 0.01783413 0.002586998
    endloop
  endfacet
  facet normal -0.0250088 0.3941193 -0.918719
    outer loop
      vertex 0.2852161 0.01559088 0.003042999
      vertex 0.3235629 0.01120942 0.0001195502
      vertex 0.2852161 0.009864097 0.0005862766
    endloop
  endfacet
  facet normal -0.03154622 0.3488628 -0.9366427
    outer loop
      vertex 0.2852161 0.01559088 0.003042999
      vertex 0.3235629 0.01783413 0.002586998
      vertex 0.3235629 0.01120942 0.0001195502
    endloop
  endfacet
  facet normal -0.01494083 0.2900069 -0.9569079
    outer loop
      vertex 0.2852161 0.009864097 0.0005862766
      vertex 0.3235629 0.005951841 -0.001198131
      vertex 0.2852161 0.005291657 -0.0007994776
    endloop
  endfacet
  facet normal -0.02033076 0.2430562 -0.9697991
    outer loop
      vertex 0.2852161 0.009864097 0.0005862766
      vertex 0.3235629 0.01120942 0.0001195502
      vertex 0.3235629 0.005951841 -0.001198131
    endloop
  endfacet
  facet normal -0.006713298 0.06531194 -0.9978423
    outer loop
      vertex 0.2852161 0.005291657 -0.0007994776
      vertex 0.3235629 0.002183334 -0.001260917
      vertex 0.2852161 0.001976405 -0.001016471
    endloop
  endfacet
  facet normal -0.01068076 0.01665741 -0.9998042
    outer loop
      vertex 0.2852161 0.005291657 -0.0007994776
      vertex 0.3235629 0.005951841 -0.001198131
      vertex 0.3235629 0.002183334 -0.001260917
    endloop
  endfacet
  facet normal 0 -0.4573603 -0.8892815
    outer loop
      vertex 0.2852161 0.001976405 -0.001016471
      vertex 0.3235629 0 0
      vertex 0.2852161 0 0
    endloop
  endfacet
  facet normal -0.002821438 -0.5001077 -0.8659586
    outer loop
      vertex 0.2852161 0.001976405 -0.001016471
      vertex 0.3235629 0.002183334 -0.001260917
      vertex 0.3235629 0 0
    endloop
  endfacet
  facet normal 0.0029393 -0.9843821 -0.1760205
    outer loop
      vertex 0.3235629 0 0
      vertex 0.3619097 -0.0003856085 0.002796826
      vertex 0.3235629 -0.000444302 0.002484727
    endloop
  endfacet
  facet normal 0 -0.9906288 -0.1365816
    outer loop
      vertex 0.3235629 0 0
      vertex 0.3619097 0 0
      vertex 0.3619097 -0.0003856085 0.002796826
    endloop
  endfacet
  facet normal 0.002837378 -0.928144 0.3722106
    outer loop
      vertex 0.3235629 -0.000444302 0.002484727
      vertex 0.3619097 0.001360955 0.006693994
      vertex 0.3235629 0.0009768559 0.006028525
    endloop
  endfacet
  facet normal -0.001931804 -0.9125463 0.4089688
    outer loop
      vertex 0.3235629 -0.000444302 0.002484727
      vertex 0.3619097 -0.0003856085 0.002796826
      vertex 0.3619097 0.001360955 0.006693994
    endloop
  endfacet
  facet normal 0.004259292 -0.8053089 0.5928401
    outer loop
      vertex 0.3235629 0.0009768559 0.006028525
      vertex 0.3619097 0.0052488 0.01155599
      vertex 0.3235629 0.004276449 0.01051066
    endloop
  endfacet
  facet normal -0.003015035 -0.7810027 0.6245204
    outer loop
      vertex 0.3235629 0.0009768559 0.006028525
      vertex 0.3619097 0.001360955 0.006693994
      vertex 0.3619097 0.0052488 0.01155599
    endloop
  endfacet
  facet normal 0.007445586 -0.7116406 0.7025043
    outer loop
      vertex 0.3235629 0.004276449 0.01051066
      vertex 0.3619097 0.01124776 0.01716622
      vertex 0.3235629 0.00943526 0.01573657
    endloop
  endfacet
  facet normal -0.002590073 -0.683044 0.7303726
    outer loop
      vertex 0.3235629 0.004276449 0.01051066
      vertex 0.3619097 0.0052488 0.01155599
      vertex 0.3619097 0.01124776 0.01716622
    endloop
  endfacet
  facet normal 0.01173708 -0.6354476 0.7720548
    outer loop
      vertex 0.3235629 0.00943526 0.01573657
      vertex 0.3619097 0.01927424 0.02325168
      vertex 0.3235629 0.01638835 0.02145938
    endloop
  endfacet
  facet normal -0.001152487 -0.6041597 0.7968624
    outer loop
      vertex 0.3235629 0.00943526 0.01573657
      vertex 0.3619097 0.01124776 0.01716622
      vertex 0.3619097 0.01927424 0.02325168
    endloop
  endfacet
  facet normal 0.01643922 -0.5675797 0.8231543
    outer loop
      vertex 0.3235629 0.01638835 0.02145938
      vertex 0.3619097 0.02917924 0.0295131
      vertex 0.3235629 0.0250133 0.02740644
    endloop
  endfacet
  facet normal 0.0007056359 -0.5343368 0.8452714
    outer loop
      vertex 0.3235629 0.01638835 0.02145938
      vertex 0.3619097 0.01927424 0.02325168
      vertex 0.3619097 0.02917924 0.0295131
    endloop
  endfacet
  facet normal 0.02093416 -0.5039067 0.8635044
    outer loop
      vertex 0.3235629 0.0250133 0.02740644
      vertex 0.3619097 0.04074279 0.03565589
      vertex 0.3235629 0.03512412 0.03330671
    endloop
  endfacet
  facet normal 0.002449521 -0.4691329 0.8831242
    outer loop
      vertex 0.3235629 0.0250133 0.02740644
      vertex 0.3619097 0.02917924 0.0295131
      vertex 0.3619097 0.04074279 0.03565589
    endloop
  endfacet
  facet normal 0.02472942 -0.4429124 0.8962238
    outer loop
      vertex 0.3235629 0.03512412 0.03330671
      vertex 0.3619097 0.05367692 0.04141737
      vertex 0.3235629 0.04647293 0.03891527
    endloop
  endfacet
  facet normal 0.003660042 -0.4069013 0.9134648
    outer loop
      vertex 0.3235629 0.03512412 0.03330671
      vertex 0.3619097 0.04074279 0.03565589
      vertex 0.3619097 0.05367692 0.04141737
    endloop
  endfacet
  facet normal 0.02756095 -0.3850113 0.9225003
    outer loop
      vertex 0.3235629 0.04647293 0.03891527
      vertex 0.3619097 0.06757091 0.04657499
      vertex 0.3235629 0.05870077 0.04401864
    endloop
  endfacet
  facet normal 0.004207497 -0.3480047 0.9374833
    outer loop
      vertex 0.3235629 0.04647293 0.03891527
      vertex 0.3619097 0.05367692 0.04141737
      vertex 0.3619097 0.06757091 0.04657499
    endloop
  endfacet
  facet normal 0.0324861 -0.3433634 0.9386406
    outer loop
      vertex 0.3235629 0.05870077 0.04401864
      vertex 0.3619097 0.08187683 0.05116948
      vertex 0.3235629 0.07131669 0.04863366
    endloop
  endfacet
  facet normal 0.007259568 -0.3057699 0.9520778
    outer loop
      vertex 0.3235629 0.05870077 0.04401864
      vertex 0.3619097 0.06757091 0.04657499
      vertex 0.3619097 0.08187683 0.05116948
    endloop
  endfacet
  facet normal 0.03842857 -0.3108139 0.9496936
    outer loop
      vertex 0.3235629 0.07131669 0.04863366
      vertex 0.3619097 0.09633737 0.05527071
      vertex 0.3235629 0.08408835 0.05281354
    endloop
  endfacet
  facet normal 0.01151947 -0.2728351 0.9619918
    outer loop
      vertex 0.3235629 0.07131669 0.04863366
      vertex 0.3619097 0.08187683 0.05116948
      vertex 0.3619097 0.09633737 0.05527071
    endloop
  endfacet
  facet normal 0.04374946 -0.2814954 0.9585647
    outer loop
      vertex 0.3235629 0.08408835 0.05281354
      vertex 0.3619097 0.1105632 0.05883808
      vertex 0.3235629 0.09666941 0.05650814
    endloop
  endfacet
  facet normal 0.01554117 -0.243206 0.9698502
    outer loop
      vertex 0.3235629 0.08408835 0.05281354
      vertex 0.3619097 0.09633737 0.05527071
      vertex 0.3619097 0.1105632 0.05883808
    endloop
  endfacet
  facet normal 0.04819463 -0.2549579 0.9657504
    outer loop
      vertex 0.3235629 0.09666941 0.05650814
      vertex 0.3619097 0.1241735 0.06185557
      vertex 0.3235629 0.1087202 0.05968955
    endloop
  endfacet
  facet normal 0.01910178 -0.2164112 0.9761154
    outer loop
      vertex 0.3235629 0.09666941 0.05650814
      vertex 0.3619097 0.1105632 0.05883808
      vertex 0.3619097 0.1241735 0.06185557
    endloop
  endfacet
  facet normal 0.05154653 -0.230887 0.9716142
    outer loop
      vertex 0.3235629 0.1087202 0.05968955
      vertex 0.3619097 0.1368058 0.06432921
      vertex 0.3235629 0.1199167 0.0623502
    endloop
  endfacet
  facet normal 0.02200425 -0.1921224 0.9811242
    outer loop
      vertex 0.3235629 0.1087202 0.05968955
      vertex 0.3619097 0.1241735 0.06185557
      vertex 0.3619097 0.1368058 0.06432921
    endloop
  endfacet
  facet normal 0.05368011 -0.2091797 0.9764027
    outer loop
      vertex 0.3235629 0.1199167 0.0623502
      vertex 0.3619097 0.1481245 0.06628509
      vertex 0.3235629 0.1299583 0.06450145
    endloop
  endfacet
  facet normal 0.02413409 -0.1702282 0.9851091
    outer loop
      vertex 0.3235629 0.1199167 0.0623502
      vertex 0.3619097 0.1368058 0.06432921
      vertex 0.3619097 0.1481245 0.06628509
    endloop
  endfacet
  facet normal 0.05460902 -0.1899786 0.9802683
    outer loop
      vertex 0.3235629 0.1299583 0.06450145
      vertex 0.3619097 0.1578289 0.06776662
      vertex 0.3235629 0.1385746 0.06617132
    endloop
  endfacet
  facet normal 0.02550594 -0.1508682 0.9882248
    outer loop
      vertex 0.3235629 0.1299583 0.06450145
      vertex 0.3619097 0.1481245 0.06628509
      vertex 0.3619097 0.1578289 0.06776662
    endloop
  endfacet
  facet normal 0.0545 -0.1736499 0.9832983
    outer loop
      vertex 0.3235629 0.1385746 0.06617132
      vertex 0.3619097 0.1656604 0.06882925
      vertex 0.3235629 0.1455328 0.06740013
    endloop
  endfacet
  facet normal 0.02627804 -0.1344089 0.9905775
    outer loop
      vertex 0.3235629 0.1385746 0.06617132
      vertex 0.3619097 0.1578289 0.06776662
      vertex 0.3619097 0.1656604 0.06882925
    endloop
  endfacet
  facet normal 0.05364399 -0.1607066 0.9855434
    outer loop
      vertex 0.3235629 0.1455328 0.06740013
      vertex 0.3619097 0.1714096 0.06953245
      vertex 0.3235629 0.1506436 0.06823352
    endloop
  endfacet
  facet normal 0.02672259 -0.1213643 0.9922483
    outer loop
      vertex 0.3235629 0.1455328 0.06740013
      vertex 0.3619097 0.1656604 0.06882925
      vertex 0.3619097 0.1714096 0.06953245
    endloop
  endfacet
  facet normal 0.05238775 -0.1516936 0.9870383
    outer loop
      vertex 0.3235629 0.1506436 0.06823352
      vertex 0.3619097 0.1749222 0.06992951
      vertex 0.3235629 0.1537673 0.0687136
    endloop
  endfacet
  facet normal 0.02715668 -0.1122802 0.9933054
    outer loop
      vertex 0.3235629 0.1506436 0.06823352
      vertex 0.3619097 0.1714096 0.06953245
      vertex 0.3619097 0.1749222 0.06992951
    endloop
  endfacet
  facet normal 0.05104469 -0.1470636 0.9878091
    outer loop
      vertex 0.3235629 0.1537673 0.0687136
      vertex 0.3619097 0.1761037 0.07005744
      vertex 0.3235629 0.1548182 0.06887005
    endloop
  endfacet
  facet normal 0.02785296 -0.1076089 0.9938031
    outer loop
      vertex 0.3235629 0.1537673 0.0687136
      vertex 0.3619097 0.1749222 0.06992951
      vertex 0.3619097 0.1761037 0.07005744
    endloop
  endfacet
  facet normal -0.3458723 0.6625271 -0.6644021
    outer loop
      vertex 0.3235629 0.1548182 0.06887005
      vertex 0.3619097 0.175118 0.0691501
      vertex 0.3235629 0.1539701 0.06802432
    endloop
  endfacet
  facet normal -0.3330021 0.6386198 -0.6937394
    outer loop
      vertex 0.3235629 0.1548182 0.06887005
      vertex 0.3619097 0.1761037 0.07005744
      vertex 0.3619097 0.175118 0.0691501
    endloop
  endfacet
  facet normal -0.1927271 0.4036165 -0.8943992
    outer loop
      vertex 0.3235629 0.1539701 0.06802432
      vertex 0.3619097 0.1718452 0.06782777
      vertex 0.3235629 0.1510936 0.06672622
    endloop
  endfacet
  facet normal -0.1765565 0.368726 -0.9126165
    outer loop
      vertex 0.3235629 0.1539701 0.06802432
      vertex 0.3619097 0.175118 0.0691501
      vertex 0.3619097 0.1718452 0.06782777
    endloop
  endfacet
  facet normal -0.1878033 0.4054433 -0.8946204
    outer loop
      vertex 0.3235629 0.1510936 0.06672622
      vertex 0.3619097 0.1664936 0.06565558
      vertex 0.3235629 0.1463904 0.06459472
    endloop
  endfacet
  facet normal -0.1742049 0.3703457 -0.9124126
    outer loop
      vertex 0.3235629 0.1510936 0.06672622
      vertex 0.3619097 0.1718452 0.06782777
      vertex 0.3619097 0.1664936 0.06565558
    endloop
  endfacet
  facet normal -0.1812541 0.4083137 -0.8946658
    outer loop
      vertex 0.3235629 0.1463904 0.06459472
      vertex 0.3619097 0.1592137 0.06267831
      vertex 0.3235629 0.1399933 0.0616752
    endloop
  endfacet
  facet normal -0.1703177 0.3730099 -0.9120611
    outer loop
      vertex 0.3235629 0.1463904 0.06459472
      vertex 0.3619097 0.1664936 0.06565558
      vertex 0.3619097 0.1592137 0.06267831
    endloop
  endfacet
  facet normal -0.1732812 0.4123287 -0.8944041
    outer loop
      vertex 0.3235629 0.1399933 0.0616752
      vertex 0.3619097 0.150208 0.05895496
      vertex 0.3235629 0.1320811 0.05802758
    endloop
  endfacet
  facet normal -0.1650362 0.3768336 -0.9114601
    outer loop
      vertex 0.3235629 0.1399933 0.0616752
      vertex 0.3619097 0.1592137 0.06267831
      vertex 0.3619097 0.150208 0.05895496
    endloop
  endfacet
  facet normal -0.1640431 0.4174555 -0.8937677
    outer loop
      vertex 0.3235629 0.1320811 0.05802758
      vertex 0.3619097 0.1397223 0.05455837
      vertex 0.3235629 0.1228708 0.05372571
    endloop
  endfacet
  facet normal -0.1584565 0.381794 -0.9105629
    outer loop
      vertex 0.3235629 0.1320811 0.05802758
      vertex 0.3619097 0.150208 0.05895496
      vertex 0.3619097 0.1397223 0.05455837
    endloop
  endfacet
  facet normal -0.1536221 0.4234311 -0.8928081
    outer loop
      vertex 0.3235629 0.1228708 0.05372571
      vertex 0.3619097 0.1280368 0.04957756
      vertex 0.3235629 0.1126096 0.04885912
    endloop
  endfacet
  facet normal -0.1505974 0.3876327 -0.9094291
    outer loop
      vertex 0.3235629 0.1228708 0.05372571
      vertex 0.3619097 0.1397223 0.05455837
      vertex 0.3619097 0.1280368 0.04957756
    endloop
  endfacet
  facet normal -0.142029 0.4296947 -0.8917344
    outer loop
      vertex 0.3235629 0.1126096 0.04885912
      vertex 0.3619097 0.1154542 0.04412227
      vertex 0.3235629 0.101564 0.04353663
    endloop
  endfacet
  facet normal -0.1414066 0.3937871 -0.9082598
    outer loop
      vertex 0.3235629 0.1126096 0.04885912
      vertex 0.3619097 0.1280368 0.04957756
      vertex 0.3619097 0.1154542 0.04412227
    endloop
  endfacet
  facet normal -0.1292467 0.4353686 -0.8909262
    outer loop
      vertex 0.3235629 0.101564 0.04353663
      vertex 0.3619097 0.1022887 0.03832781
      vertex 0.3235629 0.09000956 0.03789035
    endloop
  endfacet
  facet normal -0.1308055 0.399371 -0.9074099
    outer loop
      vertex 0.3235629 0.101564 0.04353663
      vertex 0.3619097 0.1154542 0.04412227
      vertex 0.3619097 0.1022887 0.03832781
    endloop
  endfacet
  facet normal -0.1152992 0.4392911 -0.8909149
    outer loop
      vertex 0.3235629 0.09000956 0.03789035
      vertex 0.3619097 0.08885381 0.03235776
      vertex 0.3235629 0.07822088 0.0320776
    endloop
  endfacet
  facet normal -0.1187608 0.4032075 -0.9073696
    outer loop
      vertex 0.3235629 0.09000956 0.03789035
      vertex 0.3619097 0.1022887 0.03832781
      vertex 0.3619097 0.08885381 0.03235776
    endloop
  endfacet
  facet normal -0.1003201 0.4400864 -0.8923339
    outer loop
      vertex 0.3235629 0.07822088 0.0320776
      vertex 0.3619097 0.07545418 0.02640199
      vertex 0.3235629 0.06646316 0.02627887
    endloop
  endfacet
  facet normal -0.1053557 0.4038997 -0.9087163
    outer loop
      vertex 0.3235629 0.07822088 0.0320776
      vertex 0.3619097 0.08885381 0.03235776
      vertex 0.3619097 0.07545418 0.02640199
    endloop
  endfacet
  facet normal -0.08597102 0.441316 -0.8932241
    outer loop
      vertex 0.3235629 0.06646316 0.02627887
      vertex 0.3619097 0.06256538 0.02066228
      vertex 0.3235629 0.05515407 0.02069137
    endloop
  endfacet
  facet normal -0.09205744 0.4050829 -0.9096336
    outer loop
      vertex 0.3235629 0.06646316 0.02627887
      vertex 0.3619097 0.07545418 0.02640199
      vertex 0.3619097 0.06256538 0.02066228
    endloop
  endfacet
  facet normal -0.07352131 0.4485795 -0.8907138
    outer loop
      vertex 0.3235629 0.05515407 0.02069137
      vertex 0.3619097 0.05042009 0.01514203
      vertex 0.3235629 0.04450134 0.01532647
    endloop
  endfacet
  facet normal -0.08040139 0.4124424 -0.9074287
    outer loop
      vertex 0.3235629 0.05515407 0.02069137
      vertex 0.3619097 0.06256538 0.02066228
      vertex 0.3619097 0.05042009 0.01514203
    endloop
  endfacet
  facet normal -0.06048871 0.4472684 -0.892352
    outer loop
      vertex 0.3235629 0.04450134 0.01532647
      vertex 0.3619097 0.03916361 0.0100517
      vertex 0.3235629 0.03462727 0.01037734
    endloop
  endfacet
  facet normal -0.06782352 0.4110924 -0.9090671
    outer loop
      vertex 0.3235629 0.04450134 0.01532647
      vertex 0.3619097 0.05042009 0.01514203
      vertex 0.3619097 0.03916361 0.0100517
    endloop
  endfacet
  facet normal -0.0474485 0.4341048 -0.899612
    outer loop
      vertex 0.3235629 0.03462727 0.01037734
      vertex 0.3619097 0.02898074 0.005630093
      vertex 0.3235629 0.02568843 0.006063933
    endloop
  endfacet
  facet normal -0.05482389 0.3976933 -0.915879
    outer loop
      vertex 0.3235629 0.03462727 0.01037734
      vertex 0.3619097 0.03916361 0.0100517
      vertex 0.3619097 0.02898074 0.005630093
    endloop
  endfacet
  facet normal -0.03507521 0.4045414 -0.9138468
    outer loop
      vertex 0.3235629 0.02568843 0.006063933
      vertex 0.3619097 0.02004735 0.002094919
      vertex 0.3235629 0.01783413 0.002586998
    endloop
  endfacet
  facet normal -0.04207443 0.3676362 -0.9290174
    outer loop
      vertex 0.3235629 0.02568843 0.006063933
      vertex 0.3619097 0.02898074 0.005630093
      vertex 0.3619097 0.02004735 0.002094919
    endloop
  endfacet
  facet normal -0.02393128 0.3489366 -0.9368407
    outer loop
      vertex 0.3235629 0.01783413 0.002586998
      vertex 0.3619097 0.01253323 -0.000366935
      vertex 0.3235629 0.01120942 0.0001195502
    endloop
  endfacet
  facet normal -0.03015041 0.3112048 -0.9498645
    outer loop
      vertex 0.3235629 0.01783413 0.002586998
      vertex 0.3619097 0.02004735 0.002094919
      vertex 0.3619097 0.01253323 -0.000366935
    endloop
  endfacet
  facet normal -0.01438525 0.2430813 -0.9698993
    outer loop
      vertex 0.3235629 0.01120942 0.0001195502
      vertex 0.3619097 0.006598409 -0.001604833
      vertex 0.3235629 0.005951841 -0.001198131
    endloop
  endfacet
  facet normal -0.01946451 0.2041489 -0.9787463
    outer loop
      vertex 0.3235629 0.01120942 0.0001195502
      vertex 0.3619097 0.01253323 -0.000366935
      vertex 0.3619097 0.006598409 -0.001604833
    endloop
  endfacet
  facet normal -0.006496185 0.01665801 -0.9998401
    outer loop
      vertex 0.3235629 0.005951841 -0.001198131
      vertex 0.3619097 0.002383838 -0.001506724
      vertex 0.3235629 0.002183334 -0.001260917
    endloop
  endfacet
  facet normal -0.01021009 -0.0232709 -0.9996771
    outer loop
      vertex 0.3235629 0.005951841 -0.001198131
      vertex 0.3619097 0.006598409 -0.001604833
      vertex 0.3619097 0.002383838 -0.001506724
    endloop
  endfacet
  facet normal 0 -0.5001097 -0.8659621
    outer loop
      vertex 0.3235629 0.002183334 -0.001260917
      vertex 0.3619097 0 0
      vertex 0.3235629 0 0
    endloop
  endfacet
  facet normal -0.002624891 -0.5342807 -0.8453031
    outer loop
      vertex 0.3235629 0.002183334 -0.001260917
      vertex 0.3619097 0.002383838 -0.001506724
      vertex 0.3619097 0 0
    endloop
  endfacet
  facet normal 0.002706006 -0.9906252 -0.1365811
    outer loop
      vertex 0.3619097 0 0
      vertex 0.4002564 -0.0003234362 0.003105633
      vertex 0.3619097 -0.0003856085 0.002796826
    endloop
  endfacet
  facet normal 0 -0.9946206 -0.1035848
    outer loop
      vertex 0.3619097 0 0
      vertex 0.4002564 0 0
      vertex 0.4002564 -0.0003234362 0.003105633
    endloop
  endfacet
  facet normal 0.002279349 -0.9125457 0.4089685
    outer loop
      vertex 0.3619097 -0.0003856085 0.002796826
      vertex 0.4002564 0.001750357 0.007349158
      vertex 0.3619097 0.001360955 0.006693994
    endloop
  endfacet
  facet normal -0.002079152 -0.8984509 0.4390692
    outer loop
      vertex 0.3619097 -0.0003856085 0.002796826
      vertex 0.4002564 -0.0003234362 0.003105633
      vertex 0.4002564 0.001750357 0.007349158
    endloop
  endfacet
  facet normal 0.003227501 -0.7810021 0.62452
    outer loop
      vertex 0.3619097 0.001360955 0.006693994
      vertex 0.4002564 0.006226468 0.01258045
      vertex 0.3619097 0.0052488 0.01155599
    endloop
  endfacet
  facet normal -0.003391882 -0.7598158 0.6501296
    outer loop
      vertex 0.3619097 0.001360955 0.006693994
      vertex 0.4002564 0.001750357 0.007349158
      vertex 0.4002564 0.006226468 0.01258045
    endloop
  endfacet
  facet normal 0.00577436 -0.6830349 0.7303629
    outer loop
      vertex 0.3619097 0.0052488 0.01155599
      vertex 0.4002564 0.01306359 0.01856121
      vertex 0.3619097 0.01124776 0.01716622
    endloop
  endfacet
  facet normal -0.003322014 -0.658393 0.752667
    outer loop
      vertex 0.3619097 0.0052488 0.01155599
      vertex 0.4002564 0.006226468 0.01258045
      vertex 0.4002564 0.01306359 0.01856121
    endloop
  endfacet
  facet normal 0.00927407 -0.6041341 0.7968287
    outer loop
      vertex 0.3619097 0.01124776 0.01716622
      vertex 0.4002564 0.0221593 0.02499274
      vertex 0.3619097 0.01927424 0.02325168
    endloop
  endfacet
  facet normal -0.002363935 -0.5773428 0.8164984
    outer loop
      vertex 0.3619097 0.01124776 0.01716622
      vertex 0.4002564 0.01306359 0.01856121
      vertex 0.4002564 0.0221593 0.02499274
    endloop
  endfacet
  facet normal 0.01305364 -0.5342914 0.8451996
    outer loop
      vertex 0.3619097 0.01927424 0.02325168
      vertex 0.4002564 0.03333788 0.03154973
      vertex 0.3619097 0.02917924 0.0295131
    endloop
  endfacet
  facet normal -0.001097327 -0.5059507 0.8625617
    outer loop
      vertex 0.3619097 0.01927424 0.02325168
      vertex 0.4002564 0.0221593 0.02499274
      vertex 0.4002564 0.03333788 0.03154973
    endloop
  endfacet
  facet normal 0.01652088 -0.4690703 0.8830063
    outer loop
      vertex 0.3619097 0.02917924 0.0295131
      vertex 0.4002564 0.04634537 0.03791463
      vertex 0.3619097 0.04074279 0.03565589
    endloop
  endfacet
  facet normal -3.991642E-05 -0.4395264 0.8982297
    outer loop
      vertex 0.3619097 0.02917924 0.0295131
      vertex 0.4002564 0.03333788 0.03154973
      vertex 0.4002564 0.04634537 0.03791463
    endloop
  endfacet
  facet normal 0.0192114 -0.4068289 0.9133023
    outer loop
      vertex 0.3619097 0.04074279 0.03565589
      vertex 0.4002564 0.06085382 0.04380768
      vertex 0.3619097 0.05367692 0.04141737
    endloop
  endfacet
  facet normal 0.0004088344 -0.3763221 0.9264888
    outer loop
      vertex 0.3619097 0.04074279 0.03565589
      vertex 0.4002564 0.04634537 0.03791463
      vertex 0.4002564 0.06085382 0.04380768
    endloop
  endfacet
  facet normal 0.020895 -0.3479318 0.937287
    outer loop
      vertex 0.3619097 0.05367692 0.04141737
      vertex 0.4002564 0.07640105 0.04899797
      vertex 0.3619097 0.06757091 0.04657499
    endloop
  endfacet
  facet normal 0.0001391593 -0.3166601 0.9485391
    outer loop
      vertex 0.3619097 0.05367692 0.04141737
      vertex 0.4002564 0.06085382 0.04380768
      vertex 0.4002564 0.07640105 0.04899797
    endloop
  endfacet
  facet normal 0.02464605 -0.305685 0.9518137
    outer loop
      vertex 0.3619097 0.06757091 0.04657499
      vertex 0.4002564 0.0923829 0.05355068
      vertex 0.3619097 0.08187683 0.05116948
    endloop
  endfacet
  facet normal 0.002318295 -0.2739673 0.9617362
    outer loop
      vertex 0.3619097 0.06757091 0.04657499
      vertex 0.4002564 0.07640105 0.04899797
      vertex 0.4002564 0.0923829 0.05355068
    endloop
  endfacet
  facet normal 0.02940879 -0.2727352 0.9616395
    outer loop
      vertex 0.3619097 0.08187683 0.05116948
      vertex 0.4002564 0.1085175 0.05755247
      vertex 0.3619097 0.09633737 0.05527071
    endloop
  endfacet
  facet normal 0.005684027 -0.2407269 0.9705763
    outer loop
      vertex 0.3619097 0.08187683 0.05116948
      vertex 0.4002564 0.0923829 0.05355068
      vertex 0.4002564 0.1085175 0.05755247
    endloop
  endfacet
  facet normal 0.03358135 -0.2430982 0.9694202
    outer loop
      vertex 0.3619097 0.09633737 0.05527071
      vertex 0.4002564 0.1243731 0.06097278
      vertex 0.3619097 0.1105632 0.05883808
    endloop
  endfacet
  facet normal 0.008812258 -0.2108581 0.977477
    outer loop
      vertex 0.3619097 0.09633737 0.05527071
      vertex 0.4002564 0.1085175 0.05755247
      vertex 0.4002564 0.1243731 0.06097278
    endloop
  endfacet
  facet normal 0.03693864 -0.216303 0.9756273
    outer loop
      vertex 0.3619097 0.1105632 0.05883808
      vertex 0.4002564 0.1395281 0.06380793
      vertex 0.3619097 0.1241735 0.06185557
    endloop
  endfacet
  facet normal 0.01150341 -0.1838741 0.9828825
    outer loop
      vertex 0.3619097 0.1105632 0.05883808
      vertex 0.4002564 0.1243731 0.06097278
      vertex 0.4002564 0.1395281 0.06380793
    endloop
  endfacet
  facet normal 0.03929021 -0.1920206 0.9806041
    outer loop
      vertex 0.3619097 0.1241735 0.06185557
      vertex 0.4002564 0.1535821 0.06607786
      vertex 0.3619097 0.1368058 0.06432921
    endloop
  endfacet
  facet normal 0.01358286 -0.1594347 0.987115
    outer loop
      vertex 0.3619097 0.1241735 0.06185557
      vertex 0.4002564 0.1395281 0.06380793
      vertex 0.4002564 0.1535821 0.06607786
    endloop
  endfacet
  facet normal 0.04053548 -0.1701379 0.9845862
    outer loop
      vertex 0.3619097 0.1368058 0.06432921
      vertex 0.4002564 0.1661651 0.06782379
      vertex 0.3619097 0.1481245 0.06628509
    endloop
  endfacet
  facet normal 0.01495679 -0.1374209 0.9903998
    outer loop
      vertex 0.3619097 0.1368058 0.06432921
      vertex 0.4002564 0.1535821 0.06607786
      vertex 0.4002564 0.1661651 0.06782379
    endloop
  endfacet
  facet normal 0.0407094 -0.1507922 0.9877269
    outer loop
      vertex 0.3619097 0.1481245 0.06628509
      vertex 0.4002564 0.1769462 0.06910471
      vertex 0.3619097 0.1578289 0.06776662
    endloop
  endfacet
  facet normal 0.01565809 -0.1179674 0.992894
    outer loop
      vertex 0.3619097 0.1481245 0.06628509
      vertex 0.4002564 0.1661651 0.06782379
      vertex 0.4002564 0.1769462 0.06910471
    endloop
  endfacet
  facet normal 0.03999638 -0.1343477 0.9901267
    outer loop
      vertex 0.3619097 0.1578289 0.06776662
      vertex 0.4002564 0.1856418 0.06999145
      vertex 0.3619097 0.1656604 0.06882925
    endloop
  endfacet
  facet normal 0.01586024 -0.1014373 0.9947155
    outer loop
      vertex 0.3619097 0.1578289 0.06776662
      vertex 0.4002564 0.1769462 0.06910471
      vertex 0.4002564 0.1856418 0.06999145
    endloop
  endfacet
  facet normal 0.03870111 -0.1213167 0.9918591
    outer loop
      vertex 0.3619097 0.1656604 0.06882925
      vertex 0.4002564 0.1920225 0.07055742
      vertex 0.3619097 0.1714096 0.06953245
    endloop
  endfacet
  facet normal 0.01584752 -0.08834257 0.9959641
    outer loop
      vertex 0.3619097 0.1656604 0.06882925
      vertex 0.4002564 0.1856418 0.06999145
      vertex 0.4002564 0.1920225 0.07055742
    endloop
  endfacet
  facet normal 0.03717987 -0.112244 0.9929849
    outer loop
      vertex 0.3619097 0.1714096 0.06953245
      vertex 0.4002564 0.1959197 0.0708672
      vertex 0.3619097 0.1749222 0.06992951
    endloop
  endfacet
  facet normal 0.0159461 -0.07922704 0.996729
    outer loop
      vertex 0.3619097 0.1714096 0.06953245
      vertex 0.4002564 0.1920225 0.07055742
      vertex 0.4002564 0.1959197 0.0708672
    endloop
  endfacet
  facet normal 0.03575143 -0.1075818 0.9935532
    outer loop
      vertex 0.3619097 0.1749222 0.06992951
      vertex 0.4002564 0.1972303 0.07096519
      vertex 0.3619097 0.1761037 0.07005744
    endloop
  endfacet
  facet normal 0.01643494 -0.07454147 0.9970825
    outer loop
      vertex 0.3619097 0.1749222 0.06992951
      vertex 0.4002564 0.1959197 0.0708672
      vertex 0.4002564 0.1972303 0.07096519
    endloop
  endfacet
  facet normal -0.3340725 0.6383633 -0.6934608
    outer loop
      vertex 0.3619097 0.1761037 0.07005744
      vertex 0.4002564 0.1961075 0.06999849
      vertex 0.3619097 0.175118 0.0691501
    endloop
  endfacet
  facet normal -0.3231917 0.6174353 -0.7171616
    outer loop
      vertex 0.3619097 0.1761037 0.07005744
      vertex 0.4002564 0.1972303 0.07096519
      vertex 0.4002564 0.1961075 0.06999849
    endloop
  endfacet
  facet normal -0.1782497 0.3686116 -0.9123335
    outer loop
      vertex 0.3619097 0.175118 0.0691501
      vertex 0.4002564 0.1924413 0.06865715
      vertex 0.3619097 0.1718452 0.06782777
    endloop
  endfacet
  facet normal -0.164998 0.3388819 -0.9262477
    outer loop
      vertex 0.3619097 0.175118 0.0691501
      vertex 0.4002564 0.1961075 0.06999849
      vertex 0.4002564 0.1924413 0.06865715
    endloop
  endfacet
  facet normal -0.1737427 0.3703764 -0.9124882
    outer loop
      vertex 0.3619097 0.1718452 0.06782777
      vertex 0.4002564 0.1864461 0.06645281
      vertex 0.3619097 0.1664936 0.06565558
    endloop
  endfacet
  facet normal -0.1628486 0.3404892 -0.9260386
    outer loop
      vertex 0.3619097 0.1718452 0.06782777
      vertex 0.4002564 0.1924413 0.06865715
      vertex 0.4002564 0.1864461 0.06645281
    endloop
  endfacet
  facet normal -0.1677679 0.3731755 -0.9124659
    outer loop
      vertex 0.3619097 0.1664936 0.06565558
      vertex 0.4002564 0.1782899 0.06342947
      vertex 0.3619097 0.1592137 0.06267831
    endloop
  endfacet
  facet normal -0.1592936 0.3431338 -0.9256807
    outer loop
      vertex 0.3619097 0.1664936 0.06565558
      vertex 0.4002564 0.1864461 0.06645281
      vertex 0.4002564 0.1782899 0.06342947
    endloop
  endfacet
  facet normal -0.1605164 0.3771185 -0.9121492
    outer loop
      vertex 0.3619097 0.1592137 0.06267831
      vertex 0.4002564 0.1681986 0.05964488
      vertex 0.3619097 0.150208 0.05895496
    endloop
  endfacet
  facet normal -0.1544674 0.3469357 -0.9250813
    outer loop
      vertex 0.3619097 0.1592137 0.06267831
      vertex 0.4002564 0.1782899 0.06342947
      vertex 0.4002564 0.1681986 0.05964488
    endloop
  endfacet
  facet normal -0.1521314 0.3821785 -0.9114799
    outer loop
      vertex 0.3619097 0.150208 0.05895496
      vertex 0.4002564 0.1564467 0.05517051
      vertex 0.3619097 0.1397223 0.05455837
    endloop
  endfacet
  facet normal -0.1484566 0.3518752 -0.9241994
    outer loop
      vertex 0.3619097 0.150208 0.05895496
      vertex 0.4002564 0.1681986 0.05964488
      vertex 0.4002564 0.1564467 0.05517051
    endloop
  endfacet
  facet normal -0.1426759 0.3880932 -0.9105094
    outer loop
      vertex 0.3619097 0.1397223 0.05455837
      vertex 0.4002564 0.1433471 0.05009449
      vertex 0.3619097 0.1280368 0.04957756
    endloop
  endfacet
  facet normal -0.141267 0.3576931 -0.9230923
    outer loop
      vertex 0.3619097 0.1397223 0.05455837
      vertex 0.4002564 0.1564467 0.05517051
      vertex 0.4002564 0.1433471 0.05009449
    endloop
  endfacet
  facet normal -0.1321377 0.3942961 -0.909434
    outer loop
      vertex 0.3619097 0.1280368 0.04957756
      vertex 0.4002564 0.1292385 0.04452696
      vertex 0.3619097 0.1154542 0.04412227
    endloop
  endfacet
  facet normal -0.1328309 0.3638213 -0.921949
    outer loop
      vertex 0.3619097 0.1280368 0.04957756
      vertex 0.4002564 0.1433471 0.05009449
      vertex 0.4002564 0.1292385 0.04452696
    endloop
  endfacet
  facet normal -0.1204737 0.3998981 -0.9086075
    outer loop
      vertex 0.3619097 0.1154542 0.04412227
      vertex 0.4002564 0.1144731 0.03860596
      vertex 0.3619097 0.1022887 0.03832781
    endloop
  endfacet
  facet normal -0.1230523 0.3693639 -0.9211018
    outer loop
      vertex 0.3619097 0.1154542 0.04412227
      vertex 0.4002564 0.1292385 0.04452696
      vertex 0.4002564 0.1144731 0.03860596
    endloop
  endfacet
  facet normal -0.1076797 0.4037202 -0.9085235
    outer loop
      vertex 0.3619097 0.1022887 0.03832781
      vertex 0.4002564 0.09940347 0.03250079
      vertex 0.3619097 0.08885381 0.03235776
    endloop
  endfacet
  facet normal -0.1118785 0.3731304 -0.9210087
    outer loop
      vertex 0.3619097 0.1022887 0.03832781
      vertex 0.4002564 0.1144731 0.03860596
      vertex 0.4002564 0.09940347 0.03250079
    endloop
  endfacet
  facet normal -0.09386055 0.404367 -0.9097678
    outer loop
      vertex 0.3619097 0.08885381 0.03235776
      vertex 0.4002564 0.08437335 0.02641009
      vertex 0.3619097 0.07545418 0.02640199
    endloop
  endfacet
  facet normal -0.09937215 0.3737086 -0.9222077
    outer loop
      vertex 0.3619097 0.08885381 0.03235776
      vertex 0.4002564 0.09940347 0.03250079
      vertex 0.4002564 0.08437335 0.02641009
    endloop
  endfacet
  facet normal -0.08064153 0.4054854 -0.9105375
    outer loop
      vertex 0.3619097 0.07545418 0.02640199
      vertex 0.4002564 0.0699158 0.02053944
      vertex 0.3619097 0.06256538 0.02066228
    endloop
  endfacet
  facet normal -0.08698096 0.3748012 -0.9230159
    outer loop
      vertex 0.3619097 0.07545418 0.02640199
      vertex 0.4002564 0.08437335 0.02641009
      vertex 0.4002564 0.0699158 0.02053944
    endloop
  endfacet
  facet normal -0.06927765 0.4127879 -0.9081887
    outer loop
      vertex 0.3619097 0.06256538 0.02066228
      vertex 0.4002564 0.05628817 0.01488404
      vertex 0.3619097 0.05042009 0.01514203
    endloop
  endfacet
  facet normal -0.07620845 0.3821845 -0.9209383
    outer loop
      vertex 0.3619097 0.06256538 0.02066228
      vertex 0.4002564 0.0699158 0.02053944
      vertex 0.4002564 0.05628817 0.01488404
    endloop
  endfacet
  facet normal -0.05724857 0.4113654 -0.9096709
    outer loop
      vertex 0.3619097 0.05042009 0.01514203
      vertex 0.4002564 0.04365877 0.009671187
      vertex 0.3619097 0.03916361 0.0100517
    endloop
  endfacet
  facet normal -0.0644692 0.3807393 -0.9224323
    outer loop
      vertex 0.3619097 0.05042009 0.01514203
      vertex 0.4002564 0.05628817 0.01488404
      vertex 0.4002564 0.04365877 0.009671187
    endloop
  endfacet
  facet normal -0.04510512 0.3978869 -0.916325
    outer loop
      vertex 0.3619097 0.03916361 0.0100517
      vertex 0.4002564 0.03224067 0.005158042
      vertex 0.3619097 0.02898074 0.005630093
    endloop
  endfacet
  facet normal -0.0522471 0.3670872 -0.9287181
    outer loop
      vertex 0.3619097 0.03916361 0.0100517
      vertex 0.4002564 0.04365877 0.009671187
      vertex 0.4002564 0.03224067 0.005158042
    endloop
  endfacet
  facet normal -0.03350032 0.3677555 -0.9293189
    outer loop
      vertex 0.3619097 0.02898074 0.005630093
      vertex 0.4002564 0.02223625 0.00157879
      vertex 0.3619097 0.02004735 0.002094919
    endloop
  endfacet
  facet normal -0.04019498 0.3365853 -0.9407947
    outer loop
      vertex 0.3619097 0.02898074 0.005630093
      vertex 0.4002564 0.03224067 0.005158042
      vertex 0.4002564 0.02223625 0.00157879
    endloop
  endfacet
  facet normal -0.02297797 0.3112641 -0.9500456
    outer loop
      vertex 0.3619097 0.02004735 0.002094919
      vertex 0.4002564 0.01384007 -0.0008662367
      vertex 0.3619097 0.01253323 -0.000366935
    endloop
  endfacet
  facet normal -0.02887038 0.2794768 -0.9597183
    outer loop
      vertex 0.3619097 0.02004735 0.002094919
      vertex 0.4002564 0.02223625 0.00157879
      vertex 0.4002564 0.01384007 -0.0008662367
    endloop
  endfacet
  facet normal -0.0138929 0.2041679 -0.9788373
    outer loop
      vertex 0.3619097 0.01253323 -0.000366935
      vertex 0.4002564 0.00723454 -0.002016413
      vertex 0.3619097 0.006598409 -0.001604833
    endloop
  endfacet
  facet normal -0.0186705 0.1715123 -0.9850051
    outer loop
      vertex 0.3619097 0.01253323 -0.000366935
      vertex 0.4002564 0.01384007 -0.0008662367
      vertex 0.4002564 0.00723454 -0.002016413
    endloop
  endfacet
  facet normal -0.006303418 -0.02327165 -0.9997093
    outer loop
      vertex 0.3619097 0.006598409 -0.001604833
      vertex 0.4002564 0.002579587 -0.001753067
      vertex 0.3619097 0.002383838 -0.001506724
    endloop
  endfacet
  facet normal -0.009778524 -0.05648033 -0.9983558
    outer loop
      vertex 0.3619097 0.006598409 -0.001604833
      vertex 0.4002564 0.00723454 -0.002016413
      vertex 0.4002564 0.002579587 -0.001753067
    endloop
  endfacet
  facet normal 0 -0.5342825 -0.845306
    outer loop
      vertex 0.3619097 0.002383838 -0.001506724
      vertex 0.4002564 0 0
      vertex 0.3619097 0 0
    endloop
  endfacet
  facet normal -0.002443988 -0.5620776 -0.8270809
    outer loop
      vertex 0.3619097 0.002383838 -0.001506724
      vertex 0.4002564 0.002579587 -0.001753067
      vertex 0.4002564 0 0
    endloop
  endfacet
  facet normal 0.002501557 -0.9946175 -0.1035845
    outer loop
      vertex 0.4002564 0 0
      vertex 0.4386032 -0.000258873 0.003411769
      vertex 0.4002564 -0.0003234362 0.003105633
    endloop
  endfacet
  facet normal 0 -0.9971338 -0.07565899
    outer loop
      vertex 0.4002564 0 0
      vertex 0.4386032 0 0
      vertex 0.4386032 -0.000258873 0.003411769
    endloop
  endfacet
  facet normal 0.00179144 -0.8984514 0.4390694
    outer loop
      vertex 0.4002564 -0.0003234362 0.003105633
      vertex 0.4386032 0.002143077 0.007996308
      vertex 0.4002564 0.001750357 0.007349158
    endloop
  endfacet
  facet normal -0.002213581 -0.8857877 0.4640853
    outer loop
      vertex 0.4002564 -0.0003234362 0.003105633
      vertex 0.4386032 -0.000258873 0.003411769
      vertex 0.4386032 0.002143077 0.007996308
    endloop
  endfacet
  facet normal 0.00232562 -0.7598181 0.6501315
    outer loop
      vertex 0.4002564 0.001750357 0.007349158
      vertex 0.4386032 0.007206811 0.01358902
      vertex 0.4002564 0.006226468 0.01258045
    endloop
  endfacet
  facet normal -0.003735179 -0.7412893 0.6711753
    outer loop
      vertex 0.4002564 0.001750357 0.007349158
      vertex 0.4386032 0.002143077 0.007996308
      vertex 0.4386032 0.007206811 0.01358902
    endloop
  endfacet
  facet normal 0.004313381 -0.6583905 0.7526642
    outer loop
      vertex 0.4002564 0.006226468 0.01258045
      vertex 0.4386032 0.01487977 0.01993014
      vertex 0.4002564 0.01306359 0.01856121
    endloop
  endfacet
  facet normal -0.003987929 -0.6370309 0.7708279
    outer loop
      vertex 0.4002564 0.006226468 0.01258045
      vertex 0.4386032 0.007206811 0.01358902
      vertex 0.4386032 0.01487977 0.01993014
    endloop
  endfacet
  facet normal 0.007120629 -0.5773298 0.81648
    outer loop
      vertex 0.4002564 0.01306359 0.01856121
      vertex 0.4386032 0.02504056 0.02669564
      vertex 0.4002564 0.0221593 0.02499274
    endloop
  endfacet
  facet normal -0.003465272 -0.5542228 0.8323611
    outer loop
      vertex 0.4002564 0.01306359 0.01856121
      vertex 0.4386032 0.01487977 0.01993014
      vertex 0.4386032 0.02504056 0.02669564
    endloop
  endfacet
  facet normal 0.01009333 -0.5059253 0.8625183
    outer loop
      vertex 0.4002564 0.0221593 0.02499274
      vertex 0.4386032 0.03748674 0.03353458
      vertex 0.4002564 0.03333788 0.03154973
    endloop
  endfacet
  facet normal -0.002735781 -0.4815676 0.8764047
    outer loop
      vertex 0.4002564 0.0221593 0.02499274
      vertex 0.4386032 0.02504056 0.02669564
      vertex 0.4386032 0.03748674 0.03353458
    endloop
  endfacet
  facet normal 0.01266177 -0.4394912 0.8981577
    outer loop
      vertex 0.4002564 0.03333788 0.03154973
      vertex 0.4386032 0.05193036 0.04010691
      vertex 0.4002564 0.04634537 0.03791463
    endloop
  endfacet
  facet normal -0.002301832 -0.4141699 0.9101967
    outer loop
      vertex 0.4002564 0.03333788 0.03154973
      vertex 0.4386032 0.03748674 0.03353458
      vertex 0.4386032 0.05193036 0.04010691
    endloop
  endfacet
  facet normal 0.01438622 -0.3762832 0.926393
    outer loop
      vertex 0.4002564 0.04634537 0.03791463
      vertex 0.4386032 0.06800359 0.04611629
      vertex 0.4002564 0.06085382 0.04380768
    endloop
  endfacet
  facet normal -0.002545122 -0.3501981 0.9366722
    outer loop
      vertex 0.4002564 0.04634537 0.03791463
      vertex 0.4386032 0.05193036 0.04010691
      vertex 0.4386032 0.06800359 0.04611629
    endloop
  endfacet
  facet normal 0.01506608 -0.3166242 0.9484314
    outer loop
      vertex 0.4002564 0.06085382 0.04380768
      vertex 0.4386032 0.08519309 0.05132395
      vertex 0.4002564 0.07640105 0.04899797
    endloop
  endfacet
  facet normal -0.003557311 -0.2899407 0.957038
    outer loop
      vertex 0.4002564 0.06085382 0.04380768
      vertex 0.4386032 0.06800359 0.04611629
      vertex 0.4386032 0.08519309 0.05132395
    endloop
  endfacet
  facet normal 0.0177894 -0.2739247 0.9615866
    outer loop
      vertex 0.4002564 0.07640105 0.04899797
      vertex 0.4386032 0.1028391 0.05581988
      vertex 0.4002564 0.0923829 0.05355068
    endloop
  endfacet
  facet normal -0.002170895 -0.2468965 0.9690394
    outer loop
      vertex 0.4002564 0.07640105 0.04899797
      vertex 0.4386032 0.08519309 0.05132395
      vertex 0.4386032 0.1028391 0.05581988
    endloop
  endfacet
  facet normal 0.02151847 -0.240675 0.9703672
    outer loop
      vertex 0.4002564 0.0923829 0.05355068
      vertex 0.4386032 0.1206355 0.05970765
      vertex 0.4002564 0.1085175 0.05755247
    endloop
  endfacet
  facet normal 0.0003829156 -0.2134247 0.9769594
    outer loop
      vertex 0.4002564 0.0923829 0.05355068
      vertex 0.4386032 0.1028391 0.05581988
      vertex 0.4386032 0.1206355 0.05970765
    endloop
  endfacet
  facet normal 0.02468445 -0.210802 0.9772171
    outer loop
      vertex 0.4002564 0.1085175 0.05755247
      vertex 0.4386032 0.1381084 0.06296707
      vertex 0.4002564 0.1243731 0.06097278
    endloop
  endfacet
  facet normal 0.00269963 -0.1833772 0.9830389
    outer loop
      vertex 0.4002564 0.1085175 0.05755247
      vertex 0.4386032 0.1206355 0.05970765
      vertex 0.4386032 0.1381084 0.06296707
    endloop
  endfacet
  facet normal 0.02708784 -0.1838188 0.9825868
    outer loop
      vertex 0.4002564 0.1243731 0.06097278
      vertex 0.4386032 0.1547959 0.06560702
      vertex 0.4002564 0.1395281 0.06380793
    endloop
  endfacet
  facet normal 0.004600801 -0.1562545 0.9877061
    outer loop
      vertex 0.4002564 0.1243731 0.06097278
      vertex 0.4386032 0.1381084 0.06296707
      vertex 0.4386032 0.1547959 0.06560702
    endloop
  endfacet
  facet normal 0.02856219 -0.1593844 0.9868033
    outer loop
      vertex 0.4002564 0.1395281 0.06380793
      vertex 0.4386032 0.17026 0.06766169
      vertex 0.4002564 0.1535821 0.06607786
    endloop
  endfacet
  facet normal 0.005932206 -0.1317072 0.9912709
    outer loop
      vertex 0.4002564 0.1395281 0.06380793
      vertex 0.4386032 0.1547959 0.06560702
      vertex 0.4386032 0.17026 0.06766169
    endloop
  endfacet
  facet normal 0.02902866 -0.1373784 0.9900932
    outer loop
      vertex 0.4002564 0.1535821 0.06607786
      vertex 0.4386032 0.1840967 0.06918756
      vertex 0.4002564 0.1661651 0.06782379
    endloop
  endfacet
  facet normal 0.0066189 -0.10961 0.9939526
    outer loop
      vertex 0.4002564 0.1535821 0.06607786
      vertex 0.4386032 0.17026 0.06766169
      vertex 0.4386032 0.1840967 0.06918756
    endloop
  endfacet
  facet normal 0.02854107 -0.1179338 0.9926112
    outer loop
      vertex 0.4002564 0.1661651 0.06782379
      vertex 0.4386032 0.1959454 0.07025944
      vertex 0.4002564 0.1769462 0.06910471
    endloop
  endfacet
  facet normal 0.006710431 -0.09009332 0.9959107
    outer loop
      vertex 0.4002564 0.1661651 0.06782379
      vertex 0.4386032 0.1840967 0.06918756
      vertex 0.4386032 0.1959454 0.07025944
    endloop
  endfacet
  facet normal 0.02729942 -0.1014122 0.9944699
    outer loop
      vertex 0.4002564 0.1769462 0.06910471
      vertex 0.4386032 0.2054976 0.0709636
      vertex 0.4002564 0.1856418 0.06999145
    endloop
  endfacet
  facet normal 0.006394222 -0.0735174 0.9972734
    outer loop
      vertex 0.4002564 0.1769462 0.06910471
      vertex 0.4386032 0.1959454 0.07025944
      vertex 0.4386032 0.2054976 0.0709636
    endloop
  endfacet
  facet normal 0.02562032 -0.08832466 0.9957622
    outer loop
      vertex 0.4002564 0.1856418 0.06999145
      vertex 0.4386032 0.2125042 0.07138753
      vertex 0.4002564 0.1920225 0.07055742
    endloop
  endfacet
  facet normal 0.005965633 -0.0603916 0.9981569
    outer loop
      vertex 0.4002564 0.1856418 0.06999145
      vertex 0.4386032 0.2054976 0.0709636
      vertex 0.4386032 0.2125042 0.07138753
    endloop
  endfacet
  facet normal 0.02386817 -0.07921454 0.9965718
    outer loop
      vertex 0.4002564 0.1920225 0.07055742
      vertex 0.4386032 0.2167827 0.07160712
      vertex 0.4002564 0.1959197 0.0708672
    endloop
  endfacet
  facet normal 0.005759036 -0.05125737 0.9986689
    outer loop
      vertex 0.4002564 0.1920225 0.07055742
      vertex 0.4386032 0.2125042 0.07138753
      vertex 0.4386032 0.2167827 0.07160712
    endloop
  endfacet
  facet normal 0.02236613 -0.07453289 0.9969677
    outer loop
      vertex 0.4002564 0.1959197 0.0708672
      vertex 0.4386032 0.2182213 0.07167419
      vertex 0.4002564 0.1972303 0.07096519
    endloop
  endfacet
  facet normal 0.006059155 -0.0465635 0.998897
    outer loop
      vertex 0.4002564 0.1959197 0.0708672
      vertex 0.4386032 0.2167827 0.07160712
      vertex 0.4386032 0.2182213 0.07167419
    endloop
  endfacet
  facet normal -0.3235577 0.6173537 -0.7170668
    outer loop
      vertex 0.4002564 0.1972303 0.07096519
      vertex 0.4386032 0.2169617 0.07064979
      vertex 0.4002564 0.1961075 0.06999849
    endloop
  endfacet
  facet normal -0.3142637 0.5989806 -0.7365192
    outer loop
      vertex 0.4002564 0.1972303 0.07096519
      vertex 0.4386032 0.2182213 0.07167419
      vertex 0.4386032 0.2169617 0.07064979
    endloop
  endfacet
  facet normal -0.1654651 0.338855 -0.9261742
    outer loop
      vertex 0.4002564 0.1961075 0.06999849
      vertex 0.4386032 0.2129046 0.06929315
      vertex 0.4002564 0.1924413 0.06865715
    endloop
  endfacet
  facet normal -0.1544792 0.3133203 -0.9369987
    outer loop
      vertex 0.4002564 0.1961075 0.06999849
      vertex 0.4386032 0.2169617 0.07064979
      vertex 0.4386032 0.2129046 0.06929315
    endloop
  endfacet
  facet normal -0.161331 0.3405752 -0.9262725
    outer loop
      vertex 0.4002564 0.1924413 0.06865715
      vertex 0.4386032 0.2062699 0.06706276
      vertex 0.4002564 0.1864461 0.06645281
    endloop
  endfacet
  facet normal -0.1525158 0.3149188 -0.9367844
    outer loop
      vertex 0.4002564 0.1924413 0.06865715
      vertex 0.4386032 0.2129046 0.06929315
      vertex 0.4386032 0.2062699 0.06706276
    endloop
  endfacet
  facet normal -0.1558694 0.3433237 -0.926193
    outer loop
      vertex 0.4002564 0.1864461 0.06645281
      vertex 0.4386032 0.197243 0.06400163
      vertex 0.4002564 0.1782899 0.06342947
    endloop
  endfacet
  facet normal -0.1492662 0.3175495 -0.9364197
    outer loop
      vertex 0.4002564 0.1864461 0.06645281
      vertex 0.4386032 0.2062699 0.06706276
      vertex 0.4386032 0.197243 0.06400163
    endloop
  endfacet
  facet normal -0.149261 0.3472166 -0.9258303
    outer loop
      vertex 0.4002564 0.1782899 0.06342947
      vertex 0.4386032 0.1860729 0.06016611
      vertex 0.4002564 0.1681986 0.05964488
    endloop
  endfacet
  facet normal -0.1448584 0.3213362 -0.93582
    outer loop
      vertex 0.4002564 0.1782899 0.06342947
      vertex 0.4386032 0.197243 0.06400163
      vertex 0.4386032 0.1860729 0.06016611
    endloop
  endfacet
  facet normal -0.1416349 0.352231 -0.925134
    outer loop
      vertex 0.4002564 0.1681986 0.05964488
      vertex 0.4386032 0.1730627 0.05562605
      vertex 0.4002564 0.1564467 0.05517051
    endloop
  endfacet
  facet normal -0.1393694 0.3262615 -0.934949
    outer loop
      vertex 0.4002564 0.1681986 0.05964488
      vertex 0.4386032 0.1860729 0.06016611
      vertex 0.4386032 0.1730627 0.05562605
    endloop
  endfacet
  facet normal -0.1330365 0.3581048 -0.9241549
    outer loop
      vertex 0.4002564 0.1564467 0.05517051
      vertex 0.4386032 0.1585578 0.05046835
      vertex 0.4002564 0.1433471 0.05009449
    endloop
  endfacet
  facet normal -0.1327933 0.3320655 -0.9338621
    outer loop
      vertex 0.4002564 0.1564467 0.05517051
      vertex 0.4386032 0.1730627 0.05562605
      vertex 0.4386032 0.1585578 0.05046835
    endloop
  endfacet
  facet normal -0.1234327 0.364267 -0.9230785
    outer loop
      vertex 0.4002564 0.1433471 0.05009449
      vertex 0.4386032 0.1429326 0.04480326
      vertex 0.4002564 0.1292385 0.04452696
    endloop
  endfacet
  facet normal -0.1250476 0.3381756 -0.9327381
    outer loop
      vertex 0.4002564 0.1433471 0.05009449
      vertex 0.4386032 0.1585578 0.05046835
      vertex 0.4386032 0.1429326 0.04480326
    endloop
  endfacet
  facet normal -0.1127575 0.3698188 -0.9222363
    outer loop
      vertex 0.4002564 0.1292385 0.04452696
      vertex 0.4386032 0.126577 0.03877117
      vertex 0.4002564 0.1144731 0.03860596
    endloop
  endfacet
  facet normal -0.1160202 0.3436878 -0.9318895
    outer loop
      vertex 0.4002564 0.1292385 0.04452696
      vertex 0.4386032 0.1429326 0.04480326
      vertex 0.4386032 0.126577 0.03877117
    endloop
  endfacet
  facet normal -0.1009819 0.3735683 -0.9220897
    outer loop
      vertex 0.4002564 0.1144731 0.03860596
      vertex 0.4386032 0.1098825 0.03254668
      vertex 0.4002564 0.09940347 0.03250079
    endloop
  endfacet
  facet normal -0.1056405 0.3474008 -0.9317472
    outer loop
      vertex 0.4002564 0.1144731 0.03860596
      vertex 0.4386032 0.126577 0.03877117
      vertex 0.4386032 0.1098825 0.03254668
    endloop
  endfacet
  facet normal -0.08818507 0.3741044 -0.9231843
    outer loop
      vertex 0.4002564 0.09940347 0.03250079
      vertex 0.4386032 0.09323181 0.02633684
      vertex 0.4002564 0.08437335 0.02641009
    endloop
  endfacet
  facet normal -0.09395214 0.3478908 -0.9328156
    outer loop
      vertex 0.4002564 0.09940347 0.03250079
      vertex 0.4386032 0.1098825 0.03254668
      vertex 0.4386032 0.09323181 0.02633684
    endloop
  endfacet
  facet normal -0.07596041 0.3751401 -0.9238506
    outer loop
      vertex 0.4002564 0.08437335 0.02641009
      vertex 0.4386032 0.07721502 0.02035044
      vertex 0.4002564 0.0699158 0.02053944
    endloop
  endfacet
  facet normal -0.08238538 0.348913 -0.9335268
    outer loop
      vertex 0.4002564 0.08437335 0.02641009
      vertex 0.4386032 0.09323181 0.02633684
      vertex 0.4386032 0.07721502 0.02035044
    endloop
  endfacet
  facet normal -0.06555033 0.3824748 -0.9216378
    outer loop
      vertex 0.4002564 0.0699158 0.02053944
      vertex 0.4386032 0.0621139 0.01457433
      vertex 0.4002564 0.05628817 0.01488404
    endloop
  endfacet
  facet normal -0.07241524 0.3563159 -0.9315552
    outer loop
      vertex 0.4002564 0.0699158 0.02053944
      vertex 0.4386032 0.07721502 0.02035044
      vertex 0.4386032 0.0621139 0.01457433
    endloop
  endfacet
  facet normal -0.05440235 0.380968 -0.9229863
    outer loop
      vertex 0.4002564 0.05628817 0.01488404
      vertex 0.4386032 0.04811984 0.009252294
      vertex 0.4002564 0.04365877 0.009671187
    endloop
  endfacet
  facet normal -0.06143652 0.3547965 -0.9329228
    outer loop
      vertex 0.4002564 0.05628817 0.01488404
      vertex 0.4386032 0.0621139 0.01457433
      vertex 0.4386032 0.04811984 0.009252294
    endloop
  endfacet
  facet normal -0.0430461 0.3672485 -0.9291262
    outer loop
      vertex 0.4002564 0.04365877 0.009671187
      vertex 0.4386032 0.03547408 0.004659495
      vertex 0.4002564 0.03224067 0.005158042
    endloop
  endfacet
  facet normal -0.04991868 0.3409461 -0.9387566
    outer loop
      vertex 0.4002564 0.04365877 0.009671187
      vertex 0.4386032 0.04811984 0.009252294
      vertex 0.4386032 0.03547408 0.004659495
    endloop
  endfacet
  facet normal -0.03211588 0.3366838 -0.9410699
    outer loop
      vertex 0.4002564 0.03224067 0.005158042
      vertex 0.4386032 0.02440553 0.001046227
      vertex 0.4002564 0.02223625 0.00157879
    endloop
  endfacet
  facet normal -0.03849753 0.3100977 -0.9499249
    outer loop
      vertex 0.4002564 0.03224067 0.005158042
      vertex 0.4386032 0.03547408 0.004659495
      vertex 0.4386032 0.02440553 0.001046227
    endloop
  endfacet
  facet normal -0.0221393 0.2795248 -0.9598832
    outer loop
      vertex 0.4002564 0.02223625 0.00157879
      vertex 0.4386032 0.01513345 -0.001374047
      vertex 0.4002564 0.01384007 -0.0008662367
    endloop
  endfacet
  facet normal -0.02771483 0.2524686 -0.9672081
    outer loop
      vertex 0.4002564 0.02223625 0.00157879
      vertex 0.4386032 0.02440553 0.001046227
      vertex 0.4386032 0.01513345 -0.001374047
    endloop
  endfacet
  facet normal -0.01345922 0.1715266 -0.9850875
    outer loop
      vertex 0.4002564 0.01384007 -0.0008662367
      vertex 0.4386032 0.007862585 -0.002430987
      vertex 0.4002564 0.00723454 -0.002016413
    endloop
  endfacet
  facet normal -0.01795395 0.1438312 -0.9894394
    outer loop
      vertex 0.4002564 0.01384007 -0.0008662367
      vertex 0.4386032 0.01513345 -0.001374047
      vertex 0.4386032 0.007862585 -0.002430987
    endloop
  endfacet
  facet normal -0.006133396 -0.05648197 -0.9983848
    outer loop
      vertex 0.4002564 0.00723454 -0.002016413
      vertex 0.4386032 0.002771757 -0.001999515
      vertex 0.4002564 0.002579587 -0.001753067
    endloop
  endfacet
  facet normal -0.009388982 -0.08444825 -0.9963836
    outer loop
      vertex 0.4002564 0.00723454 -0.002016413
      vertex 0.4386032 0.007862585 -0.002430987
      vertex 0.4386032 0.002771757 -0.001999515
    endloop
  endfacet
  facet normal 0 -0.5620793 -0.8270834
    outer loop
      vertex 0.4002564 0.002579587 -0.001753067
      vertex 0.4386032 0 0
      vertex 0.4002564 0 0
    endloop
  endfacet
  facet normal -0.002280266 -0.5850448 -0.8109977
    outer loop
      vertex 0.4002564 0.002579587 -0.001753067
      vertex 0.4386032 0.002771757 -0.001999515
      vertex 0.4386032 0 0
    endloop
  endfacet
  facet normal 0.002322271 -0.9971311 -0.07565879
    outer loop
      vertex 0.4386032 0 0
      vertex 0.47695 -0.0001926288 0.003715732
      vertex 0.4386032 -0.000258873 0.003411769
    endloop
  endfacet
  facet normal 0 -0.9986589 -0.05177189
    outer loop
      vertex 0.4386032 0 0
      vertex 0.47695 0 0
      vertex 0.47695 -0.0001926288 0.003715732
    endloop
  endfacet
  facet normal 0.001364326 -0.8857891 0.464086
    outer loop
      vertex 0.4386032 -0.000258873 0.003411769
      vertex 0.47695 0.002537893 0.008637152
      vertex 0.4386032 0.002143077 0.007996308
    endloop
  endfacet
  facet normal -0.002335085 -0.8744263 0.4851527
    outer loop
      vertex 0.4386032 -0.000258873 0.003411769
      vertex 0.47695 -0.0001926288 0.003715732
      vertex 0.47695 0.002537893 0.008637152
    endloop
  endfacet
  facet normal 0.00153629 -0.7412935 0.6711792
    outer loop
      vertex 0.4386032 0.002143077 0.007996308
      vertex 0.47695 0.008188329 0.0145853
      vertex 0.4386032 0.007206811 0.01358902
    endloop
  endfacet
  facet normal -0.004045136 -0.7250121 0.6887243
    outer loop
      vertex 0.4386032 0.002143077 0.007996308
      vertex 0.47695 0.002537893 0.008637152
      vertex 0.47695 0.008188329 0.0145853
    endloop
  endfacet
  facet normal 0.003034616 -0.6370331 0.7708305
    outer loop
      vertex 0.4386032 0.007206811 0.01358902
      vertex 0.47695 0.01669477 0.02127914
      vertex 0.4386032 0.01487977 0.01993014
    endloop
  endfacet
  facet normal -0.004588604 -0.6183978 0.7858518
    outer loop
      vertex 0.4386032 0.007206811 0.01358902
      vertex 0.47695 0.008188329 0.0145853
      vertex 0.47695 0.01669477 0.02127914
    endloop
  endfacet
  facet normal 0.005235581 -0.5542185 0.8323547
    outer loop
      vertex 0.4386032 0.01487977 0.01993014
      vertex 0.47695 0.02791683 0.02836959
      vertex 0.4386032 0.02504056 0.02669564
    endloop
  endfacet
  facet normal -0.004458169 -0.5341402 0.8453842
    outer loop
      vertex 0.4386032 0.01487977 0.01993014
      vertex 0.47695 0.01669477 0.02127914
      vertex 0.47695 0.02791683 0.02836959
    endloop
  endfacet
  facet normal 0.00750182 -0.4815559 0.8763833
    outer loop
      vertex 0.4386032 0.02504056 0.02669564
      vertex 0.47695 0.04162529 0.03548039
      vertex 0.4386032 0.03748674 0.03353458
    endloop
  endfacet
  facet normal -0.004212487 -0.4604514 0.8876749
    outer loop
      vertex 0.4386032 0.02504056 0.02669564
      vertex 0.47695 0.02791683 0.02836959
      vertex 0.47695 0.04162529 0.03548039
    endloop
  endfacet
  facet normal 0.009283342 -0.4141531 0.9101599
    outer loop
      vertex 0.4386032 0.03748674 0.03353458
      vertex 0.47695 0.05749826 0.04224937
      vertex 0.4386032 0.05193036 0.04010691
    endloop
  endfacet
  facet normal -0.004340192 -0.3922639 0.9198425
    outer loop
      vertex 0.4386032 0.03748674 0.03353458
      vertex 0.47695 0.04162529 0.03548039
      vertex 0.47695 0.05749826 0.04224937
    endloop
  endfacet
  facet normal 0.01016205 -0.3501811 0.9366269
    outer loop
      vertex 0.4386032 0.05193036 0.04010691
      vertex 0.47695 0.07512816 0.04836394
      vertex 0.4386032 0.06800359 0.04611629
    endloop
  endfacet
  facet normal -0.005207028 -0.3276761 0.9447758
    outer loop
      vertex 0.4386032 0.05193036 0.04010691
      vertex 0.47695 0.05749826 0.04224937
      vertex 0.47695 0.07512816 0.04836394
    endloop
  endfacet
  facet normal 0.00996333 -0.2899281 0.9569966
    outer loop
      vertex 0.4386032 0.06800359 0.04611629
      vertex 0.47695 0.09395072 0.0535779
      vertex 0.4386032 0.08519309 0.05132395
    endloop
  endfacet
  facet normal -0.006888332 -0.2669472 0.9636865
    outer loop
      vertex 0.4386032 0.06800359 0.04611629
      vertex 0.47695 0.07512816 0.04836394
      vertex 0.47695 0.09395072 0.0535779
    endloop
  endfacet
  facet normal 0.01178635 -0.24688 0.9689744
    outer loop
      vertex 0.4386032 0.08519309 0.05132395
      vertex 0.47695 0.113251 0.05800624
      vertex 0.4386032 0.1028391 0.05581988
    endloop
  endfacet
  facet normal -0.006215934 -0.223629 0.9746545
    outer loop
      vertex 0.4386032 0.08519309 0.05132395
      vertex 0.47695 0.09395072 0.0535779
      vertex 0.47695 0.113251 0.05800624
    endloop
  endfacet
  facet normal 0.01460933 -0.2134019 0.9768553
    outer loop
      vertex 0.4386032 0.1028391 0.05581988
      vertex 0.47695 0.132699 0.06176953
      vertex 0.4386032 0.1206355 0.05970765
    endloop
  endfacet
  facet normal -0.004393369 -0.1899792 0.9817783
    outer loop
      vertex 0.4386032 0.1028391 0.05581988
      vertex 0.47695 0.113251 0.05800624
      vertex 0.47695 0.132699 0.06176953
    endloop
  endfacet
  facet normal 0.0168927 -0.1833517 0.9829022
    outer loop
      vertex 0.4386032 0.1206355 0.05970765
      vertex 0.47695 0.1517789 0.06485814
      vertex 0.4386032 0.1381084 0.06296707
    endloop
  endfacet
  facet normal -0.00280767 -0.1597966 0.987146
    outer loop
      vertex 0.4386032 0.1206355 0.05970765
      vertex 0.47695 0.132699 0.06176953
      vertex 0.47695 0.1517789 0.06485814
    endloop
  endfacet
  facet normal 0.01845957 -0.1562295 0.9875483
    outer loop
      vertex 0.4386032 0.1381084 0.06296707
      vertex 0.47695 0.1699889 0.06729376
      vertex 0.4386032 0.1547959 0.06560702
    endloop
  endfacet
  facet normal -0.001618258 -0.1325712 0.9911722
    outer loop
      vertex 0.4386032 0.1381084 0.06296707
      vertex 0.47695 0.1517789 0.06485814
      vertex 0.47695 0.1699889 0.06729376
    endloop
  endfacet
  facet normal 0.01916467 -0.1316853 0.9911063
    outer loop
      vertex 0.4386032 0.1547959 0.06560702
      vertex 0.47695 0.1868537 0.06912495
      vertex 0.4386032 0.17026 0.06766169
    endloop
  endfacet
  facet normal -0.000960951 -0.1079462 0.9941563
    outer loop
      vertex 0.4386032 0.1547959 0.06560702
      vertex 0.47695 0.1699889 0.06729376
      vertex 0.47695 0.1868537 0.06912495
    endloop
  endfacet
  facet normal 0.0189484 -0.1095927 0.9937959
    outer loop
      vertex 0.4386032 0.17026 0.06766169
      vertex 0.47695 0.2019355 0.07042362
      vertex 0.4386032 0.1840967 0.06918756
    endloop
  endfacet
  facet normal -0.0008936401 -0.08579118 0.9963127
    outer loop
      vertex 0.4386032 0.17026 0.06766169
      vertex 0.47695 0.1868537 0.06912495
      vertex 0.47695 0.2019355 0.07042362
    endloop
  endfacet
  facet normal 0.01788128 -0.09008095 0.9957739
    outer loop
      vertex 0.4386032 0.1840967 0.06918756
      vertex 0.47695 0.2148444 0.0712805
      vertex 0.4386032 0.1959454 0.07025944
    endloop
  endfacet
  facet normal -0.001351708 -0.06623279 0.9978033
    outer loop
      vertex 0.4386032 0.1840967 0.06918756
      vertex 0.47695 0.2019355 0.07042362
      vertex 0.47695 0.2148444 0.0712805
    endloop
  endfacet
  facet normal 0.01617698 -0.07350928 0.9971633
    outer loop
      vertex 0.4386032 0.1959454 0.07025944
      vertex 0.47695 0.225247 0.0717974
      vertex 0.4386032 0.2054976 0.0709636
    endloop
  endfacet
  facet normal -0.002135108 -0.04962846 0.9987655
    outer loop
      vertex 0.4386032 0.1959454 0.07025944
      vertex 0.47695 0.2148444 0.0712805
      vertex 0.47695 0.225247 0.0717974
    endloop
  endfacet
  facet normal 0.01416245 -0.06038662 0.9980746
    outer loop
      vertex 0.4386032 0.2054976 0.0709636
      vertex 0.47695 0.2328751 0.0720759
      vertex 0.4386032 0.2125042 0.07138753
    endloop
  endfacet
  facet normal -0.002938514 -0.03648487 0.9993299
    outer loop
      vertex 0.4386032 0.2054976 0.0709636
      vertex 0.47695 0.225247 0.0717974
      vertex 0.47695 0.2328751 0.0720759
    endloop
  endfacet
  facet normal 0.01220899 -0.0512544 0.998611
    outer loop
      vertex 0.4386032 0.2125042 0.07138753
      vertex 0.47695 0.237532 0.07220327
      vertex 0.4386032 0.2167827 0.07160712
    endloop
  endfacet
  facet normal -0.003420155 -0.02734081 0.9996203
    outer loop
      vertex 0.4386032 0.2125042 0.07138753
      vertex 0.47695 0.2328751 0.0720759
      vertex 0.47695 0.237532 0.07220327
    endloop
  endfacet
  facet normal 0.01064339 -0.04656172 0.9988587
    outer loop
      vertex 0.4386032 0.2167827 0.07160712
      vertex 0.47695 0.2390977 0.07223873
      vertex 0.4386032 0.2182213 0.07167419
    endloop
  endfacet
  facet normal -0.003290166 -0.02264283 0.9997382
    outer loop
      vertex 0.4386032 0.2167827 0.07160712
      vertex 0.47695 0.237532 0.07220327
      vertex 0.47695 0.2390977 0.07223873
    endloop
  endfacet
  facet normal -0.3142083 0.5989922 -0.7365334
    outer loop
      vertex 0.4386032 0.2182213 0.07167419
      vertex 0.47695 0.2377017 0.07115788
      vertex 0.4386032 0.2169617 0.07064979
    endloop
  endfacet
  facet normal -0.3061969 0.5827927 -0.7527258
    outer loop
      vertex 0.4386032 0.2182213 0.07167419
      vertex 0.47695 0.2390977 0.07223873
      vertex 0.47695 0.2377017 0.07115788
    endloop
  endfacet
  facet normal -0.154184 0.3133349 -0.9370424
    outer loop
      vertex 0.4386032 0.2169617 0.07064979
      vertex 0.47695 0.2332559 0.06978864
      vertex 0.4386032 0.2129046 0.06929315
    endloop
  endfacet
  facet normal -0.1449826 0.2912277 -0.9456038
    outer loop
      vertex 0.4386032 0.2169617 0.07064979
      vertex 0.47695 0.2377017 0.07115788
      vertex 0.47695 0.2332559 0.06978864
    endloop
  endfacet
  facet normal -0.1503825 0.3150229 -0.9370943
    outer loop
      vertex 0.4386032 0.2129046 0.06929315
      vertex 0.47695 0.2259851 0.06753662
      vertex 0.4386032 0.2062699 0.06706276
    endloop
  endfacet
  facet normal -0.1431887 0.2928201 -0.9453853
    outer loop
      vertex 0.4386032 0.2129046 0.06929315
      vertex 0.47695 0.2332559 0.06978864
      vertex 0.47695 0.2259851 0.06753662
    endloop
  endfacet
  facet normal -0.145378 0.3177355 -0.9369682
    outer loop
      vertex 0.4386032 0.2062699 0.06706276
      vertex 0.47695 0.2160921 0.06444376
      vertex 0.4386032 0.197243 0.06400163
    endloop
  endfacet
  facet normal -0.1402171 0.2954412 -0.9450152
    outer loop
      vertex 0.4386032 0.2062699 0.06706276
      vertex 0.47695 0.2259851 0.06753662
      vertex 0.47695 0.2160921 0.06444376
    endloop
  endfacet
  facet normal -0.1393413 0.3215934 -0.9365691
    outer loop
      vertex 0.4386032 0.197243 0.06400163
      vertex 0.47695 0.2038491 0.06056482
      vertex 0.4386032 0.1860729 0.06016611
    endloop
  endfacet
  facet normal -0.1361899 0.2992178 -0.9444157
    outer loop
      vertex 0.4386032 0.197243 0.06400163
      vertex 0.47695 0.2160921 0.06444376
      vertex 0.47695 0.2038491 0.06056482
    endloop
  endfacet
  facet normal -0.1323888 0.326577 -0.9358529
    outer loop
      vertex 0.4386032 0.1860729 0.06016611
      vertex 0.47695 0.1895873 0.05596785
      vertex 0.4386032 0.1730627 0.05562605
    endloop
  endfacet
  facet normal -0.1311752 0.3041342 -0.9435547
    outer loop
      vertex 0.4386032 0.1860729 0.06016611
      vertex 0.47695 0.2038491 0.06056482
      vertex 0.47695 0.1895873 0.05596785
    endloop
  endfacet
  facet normal -0.1245499 0.3324238 -0.9348699
    outer loop
      vertex 0.4386032 0.1730627 0.05562605
      vertex 0.47695 0.1736845 0.05073833
      vertex 0.4386032 0.1585578 0.05046835
    endloop
  endfacet
  facet normal -0.1251559 0.3099296 -0.9424859
    outer loop
      vertex 0.4386032 0.1730627 0.05562605
      vertex 0.47695 0.1895873 0.05596785
      vertex 0.47695 0.1736845 0.05073833
    endloop
  endfacet
  facet normal -0.115773 0.338559 -0.9337957
    outer loop
      vertex 0.4386032 0.1585578 0.05046835
      vertex 0.47695 0.1565507 0.04498637
      vertex 0.4386032 0.1429326 0.04480326
    endloop
  endfacet
  facet normal -0.1180363 0.3160278 -0.9413787
    outer loop
      vertex 0.4386032 0.1585578 0.05046835
      vertex 0.47695 0.1736845 0.05073833
      vertex 0.47695 0.1565507 0.04498637
    endloop
  endfacet
  facet normal -0.1059712 0.3440761 -0.9329425
    outer loop
      vertex 0.4386032 0.1429326 0.04480326
      vertex 0.47695 0.1386131 0.03885447
      vertex 0.4386032 0.126577 0.03877117
    endloop
  endfacet
  facet normal -0.1096891 0.321518 -0.9405288
    outer loop
      vertex 0.4386032 0.1429326 0.04480326
      vertex 0.47695 0.1565507 0.04498637
      vertex 0.47695 0.1386131 0.03885447
    endloop
  endfacet
  facet normal -0.09509393 0.3477725 -0.932744
    outer loop
      vertex 0.4386032 0.126577 0.03877117
      vertex 0.47695 0.1203023 0.03252221
      vertex 0.4386032 0.1098825 0.03254668
    endloop
  endfacet
  facet normal -0.1000274 0.3251905 -0.9403434
    outer loop
      vertex 0.4386032 0.126577 0.03877117
      vertex 0.47695 0.1386131 0.03885447
      vertex 0.47695 0.1203023 0.03252221
    endloop
  endfacet
  facet normal -0.08319783 0.3482249 -0.9337117
    outer loop
      vertex 0.4386032 0.1098825 0.03254668
      vertex 0.47695 0.1020394 0.02620474
      vertex 0.4386032 0.09323181 0.02633684
    endloop
  endfacet
  facet normal -0.08907767 0.3256115 -0.9412982
    outer loop
      vertex 0.4386032 0.1098825 0.03254668
      vertex 0.47695 0.1203023 0.03252221
      vertex 0.47695 0.1020394 0.02620474
    endloop
  endfacet
  facet normal -0.07184805 0.3491983 -0.9342903
    outer loop
      vertex 0.4386032 0.09323181 0.02633684
      vertex 0.47695 0.08447147 0.02011368
      vertex 0.4386032 0.07721502 0.02035044
    endloop
  endfacet
  facet normal -0.07825442 0.326579 -0.9419248
    outer loop
      vertex 0.4386032 0.09323181 0.02633684
      vertex 0.47695 0.1020394 0.02620474
      vertex 0.47695 0.08447147 0.02011368
    endloop
  endfacet
  facet normal -0.06227601 0.3565604 -0.9321944
    outer loop
      vertex 0.4386032 0.07721502 0.02035044
      vertex 0.47695 0.06790445 0.0142274
      vertex 0.4386032 0.0621139 0.01457433
    endloop
  endfacet
  facet normal -0.06900733 0.3339988 -0.940044
    outer loop
      vertex 0.4386032 0.07721502 0.02035044
      vertex 0.47695 0.08447147 0.02011368
      vertex 0.47695 0.06790445 0.0142274
    endloop
  endfacet
  facet normal -0.05190189 0.3549888 -0.9334287
    outer loop
      vertex 0.4386032 0.0621139 0.01457433
      vertex 0.47695 0.05255274 0.008805939
      vertex 0.4386032 0.04811984 0.009252294
    endloop
  endfacet
  facet normal -0.05871321 0.3324208 -0.9413019
    outer loop
      vertex 0.4386032 0.0621139 0.01457433
      vertex 0.47695 0.06790445 0.0142274
      vertex 0.47695 0.05255274 0.008805939
    endloop
  endfacet
  facet normal -0.04123688 0.3410813 -0.9391289
    outer loop
      vertex 0.4386032 0.04811984 0.009252294
      vertex 0.47695 0.03868578 0.004142151
      vertex 0.4386032 0.03547408 0.004659495
    endloop
  endfacet
  facet normal -0.04782869 0.3184128 -0.9467448
    outer loop
      vertex 0.4386032 0.04811984 0.009252294
      vertex 0.47695 0.05255274 0.008805939
      vertex 0.47695 0.03868578 0.004142151
    endloop
  endfacet
  facet normal -0.03089899 0.3101796 -0.9501757
    outer loop
      vertex 0.4386032 0.03547408 0.004659495
      vertex 0.47695 0.02655892 0.0005021796
      vertex 0.4386032 0.02440553 0.001046227
    endloop
  endfacet
  facet normal -0.03697449 0.2872899 -0.9571298
    outer loop
      vertex 0.4386032 0.03547408 0.004659495
      vertex 0.47695 0.03868578 0.004142151
      vertex 0.47695 0.02655892 0.0005021796
    endloop
  endfacet
  facet normal -0.0214017 0.2525078 -0.9673581
    outer loop
      vertex 0.4386032 0.02440553 0.001046227
      vertex 0.47695 0.01641609 -0.001887623
      vertex 0.4386032 0.01513345 -0.001374047
    endloop
  endfacet
  facet normal -0.02667838 0.2292536 -0.9730011
    outer loop
      vertex 0.4386032 0.02440553 0.001046227
      vertex 0.47695 0.02655892 0.0005021796
      vertex 0.47695 0.01641609 -0.001887623
    endloop
  endfacet
  facet normal -0.01307747 0.1438421 -0.9895142
    outer loop
      vertex 0.4386032 0.01513345 -0.001374047
      vertex 0.47695 0.008484286 -0.002847406
      vertex 0.4386032 0.007862585 -0.002430987
    endloop
  endfacet
  facet normal -0.01731143 0.1201101 -0.9926096
    outer loop
      vertex 0.4386032 0.01513345 -0.001374047
      vertex 0.47695 0.01641609 -0.001887623
      vertex 0.47695 0.008484286 -0.002847406
    endloop
  endfacet
  facet normal -0.005983579 -0.08445046 -0.9964097
    outer loop
      vertex 0.4386032 0.007862585 -0.002430987
      vertex 0.47695 0.002961186 -0.002245848
      vertex 0.4386032 0.002771757 -0.001999515
    endloop
  endfacet
  facet normal -0.009039626 -0.1082719 -0.9940802
    outer loop
      vertex 0.4386032 0.007862585 -0.002430987
      vertex 0.47695 0.008484286 -0.002847406
      vertex 0.47695 0.002961186 -0.002245848
    endloop
  endfacet
  facet normal 0 -0.5850464 -0.8109999
    outer loop
      vertex 0.4386032 0.002771757 -0.001999515
      vertex 0.47695 0 0
      vertex 0.4386032 0 0
    endloop
  endfacet
  facet normal -0.002133145 -0.6042879 -0.7967632
    outer loop
      vertex 0.4386032 0.002771757 -0.001999515
      vertex 0.47695 0.002961186 -0.002245848
      vertex 0.47695 0 0
    endloop
  endfacet
  facet normal -0.5 -0.8660254 -8.143052E-15
    outer loop
      vertex 0.0860058 0.2796837 0.03623361
      vertex 0.1426081 0.2470044 0
      vertex 0.1430392 0.2467555 0.002168588
    endloop
  endfacet
  facet normal -0.5 -0.8660254 1.134288E-14
    outer loop
      vertex 0.0860058 0.2796837 0.03623361
      vertex 0.1430392 0.2467555 0.002168588
      vertex 0.1420873 0.2473051 0.005349677
    endloop
  endfacet
  facet normal -0.5 -0.8660254 -9.587423E-15
    outer loop
      vertex 0.0860058 0.2796837 0.03623361
      vertex 0.1420873 0.2473051 0.005349677
      vertex 0.1397379 0.2486615 0.009437527
    endloop
  endfacet
  facet normal -0.5 -0.8660254 1.299799E-14
    outer loop
      vertex 0.0860058 0.2796837 0.03623361
      vertex 0.1397379 0.2486615 0.009437527
      vertex 0.1359986 0.2508203 0.01426
    endloop
  endfacet
  facet normal -0.5 -0.8660254 -6.058198E-15
    outer loop
      vertex 0.0860058 0.2796837 0.03623361
      vertex 0.1359986 0.2508203 0.01426
      vertex 0.1309097 0.2537584 0.01959697
    endloop
  endfacet
  facet normal -0.5 -0.8660254 -1.286178E-14
    outer loop
      vertex 0.0860058 0.2796837 0.03623361
      vertex 0.1309097 0.2537584 0.01959697
      vertex 0.1245543 0.2574277 0.02520312
    endloop
  endfacet
  facet normal -0.5 -0.8660254 -1.607313E-14
    outer loop
      vertex 0.0860058 0.2796837 0.03623361
      vertex 0.1245543 0.2574277 0.02520312
      vertex 0.1170642 0.2617521 0.03083183
    endloop
  endfacet
  facet normal -0.5 -0.8660254 1.910367E-15
    outer loop
      vertex 0.0860058 0.2796837 0.03623361
      vertex 0.1170642 0.2617521 0.03083183
      vertex 0.1086194 0.2666278 0.03625684
    endloop
  endfacet
  facet normal -0.5 -0.8660254 -1.321463E-14
    outer loop
      vertex 0.0860058 0.2796837 0.03623361
      vertex 0.1086194 0.2666278 0.03625684
      vertex 0.09948551 0.2719012 0.04127478
    endloop
  endfacet
  facet normal -0.5 -0.8660254 -8.987377E-15
    outer loop
      vertex 0.0860058 0.2796837 0.03623361
      vertex 0.09948551 0.2719012 0.04127478
      vertex 0.09003758 0.277356 0.0458794
    endloop
  endfacet
  facet normal -0.5 -0.8660254 -8.670118E-15
    outer loop
      vertex 0.0860058 0.2796837 0.03623361
      vertex 0.09003758 0.277356 0.0458794
      vertex 0.08045473 0.2828886 0.0501076
    endloop
  endfacet
  facet normal -0.5 -0.8660254 -6.0745E-15
    outer loop
      vertex 0.0860058 0.2796837 0.03623361
      vertex 0.08045473 0.2828886 0.0501076
      vertex 0.07099918 0.2883478 0.05390036
    endloop
  endfacet
  facet normal -0.5 -0.8660254 -1.062653E-14
    outer loop
      vertex 0.0860058 0.2796837 0.03623361
      vertex 0.07099918 0.2883478 0.05390036
      vertex 0.06192887 0.2935845 0.05721852
    endloop
  endfacet
  facet normal -0.5 -0.8660254 -2.151434E-15
    outer loop
      vertex 0.0860058 0.2796837 0.03623361
      vertex 0.06192887 0.2935845 0.05721852
      vertex 0.05349059 0.2984564 0.06004154
    endloop
  endfacet
  facet normal -0.5 -0.8660254 -2.150548E-14
    outer loop
      vertex 0.0860058 0.2796837 0.03623361
      vertex 0.05349059 0.2984564 0.06004154
      vertex 0.04591403 0.3028307 0.06236649
    endloop
  endfacet
  facet normal -0.5 -0.8660254 -3.900133E-15
    outer loop
      vertex 0.0860058 0.2796837 0.03623361
      vertex 0.04591403 0.3028307 0.06236649
      vertex 0.03940627 0.306588 0.06420645
    endloop
  endfacet
  facet normal -0.5 -0.8660254 -1.133958E-14
    outer loop
      vertex 0.0860058 0.2796837 0.03623361
      vertex 0.03940627 0.306588 0.06420645
      vertex 0.03414643 0.3096247 0.06558693
    endloop
  endfacet
  facet normal -0.5 -0.8660254 0
    outer loop
      vertex 0.0860058 0.2796837 0.03623361
      vertex 0.03414643 0.3096247 0.06558693
      vertex 0.03028048 0.3118567 0.06654
    endloop
  endfacet
  facet normal -0.5 -0.8660254 9.246232E-15
    outer loop
      vertex 0.0860058 0.2796837 0.03623361
      vertex 0.03028048 0.3118567 0.06654
      vertex 0.02791651 0.3132216 0.06709673
    endloop
  endfacet
  facet normal -0.5 -0.8660254 0
    outer loop
      vertex 0.0860058 0.2796837 0.03623361
      vertex 0.02791651 0.3132216 0.06709673
      vertex 0.02712104 0.3136808 0.06727957
    endloop
  endfacet
  facet normal -0.5 -0.8660254 0
    outer loop
      vertex 0.0860058 0.2796837 0.03623361
      vertex 0.02712104 0.3136808 0.06727957
      vertex 0.02773629 0.3133256 0.06649856
    endloop
  endfacet
  facet normal -0.5 -0.8660254 -4.235061E-14
    outer loop
      vertex 0.0860058 0.2796837 0.03623361
      vertex 0.02773629 0.3133256 0.06649856
      vertex 0.02988137 0.3120872 0.06523222
    endloop
  endfacet
  facet normal -0.5 -0.8660254 2.510838E-14
    outer loop
      vertex 0.0860058 0.2796837 0.03623361
      vertex 0.02988137 0.3120872 0.06523222
      vertex 0.03338827 0.3100625 0.06315374
    endloop
  endfacet
  facet normal -0.5 -0.8660254 7.931115E-14
    outer loop
      vertex 0.0860058 0.2796837 0.03623361
      vertex 0.03338827 0.3100625 0.06315374
      vertex 0.0381574 0.307309 0.06030877
    endloop
  endfacet
  facet normal -0.5 -0.8660254 6.723366E-15
    outer loop
      vertex 0.0860058 0.2796837 0.03623361
      vertex 0.0381574 0.307309 0.06030877
      vertex 0.04405481 0.3039041 0.05675772
    endloop
  endfacet
  facet normal -0.5 -0.8660254 2.44104E-14
    outer loop
      vertex 0.0860058 0.2796837 0.03623361
      vertex 0.04405481 0.3039041 0.05675772
      vertex 0.05091761 0.2999419 0.05257495
    endloop
  endfacet
  facet normal -0.5 -0.8660254 3.214426E-14
    outer loop
      vertex 0.0860058 0.2796837 0.03623361
      vertex 0.05091761 0.2999419 0.05257495
      vertex 0.0585608 0.2955291 0.04784987
    endloop
  endfacet
  facet normal -0.5 -0.8660254 -5.09368E-15
    outer loop
      vertex 0.0860058 0.2796837 0.03623361
      vertex 0.0585608 0.2955291 0.04784987
      vertex 0.06678511 0.2907808 0.04268975
    endloop
  endfacet
  facet normal -0.5 -0.8660254 2.107866E-14
    outer loop
      vertex 0.0860058 0.2796837 0.03623361
      vertex 0.06678511 0.2907808 0.04268975
      vertex 0.07538531 0.2858155 0.03722271
    endloop
  endfacet
  facet normal -0.5 -0.8660254 8.2194E-15
    outer loop
      vertex 0.0860058 0.2796837 0.03623361
      vertex 0.07538531 0.2858155 0.03722271
      vertex 0.08415798 0.2807506 0.03159905
    endloop
  endfacet
  facet normal -0.5 -0.8660254 1.030094E-14
    outer loop
      vertex 0.0860058 0.2796837 0.03623361
      vertex 0.08415798 0.2807506 0.03159905
      vertex 0.09290755 0.275699 0.02598906
    endloop
  endfacet
  facet normal -0.5 -0.8660254 5.879297E-15
    outer loop
      vertex 0.0860058 0.2796837 0.03623361
      vertex 0.09290755 0.275699 0.02598906
      vertex 0.1013229 0.2708404 0.0205843
    endloop
  endfacet
  facet normal -0.5 -0.8660254 4.206756E-14
    outer loop
      vertex 0.0860058 0.2796837 0.03623361
      vertex 0.1013229 0.2708404 0.0205843
      vertex 0.1092461 0.2662659 0.01540369
    endloop
  endfacet
  facet normal -0.5 -0.8660254 8.968193E-15
    outer loop
      vertex 0.0860058 0.2796837 0.03623361
      vertex 0.1092461 0.2662659 0.01540369
      vertex 0.116591 0.2620254 0.01062256
    endloop
  endfacet
  facet normal -0.5 -0.8660254 -1.323481E-14
    outer loop
      vertex 0.0860058 0.2796837 0.03623361
      vertex 0.116591 0.2620254 0.01062256
      vertex 0.1232464 0.2581828 0.006441278
    endloop
  endfacet
  facet normal -0.5 -0.8660254 1.759938E-14
    outer loop
      vertex 0.0860058 0.2796837 0.03623361
      vertex 0.1232464 0.2581828 0.006441278
      vertex 0.1291059 0.2547998 0.003042999
    endloop
  endfacet
  facet normal -0.5 -0.8660254 3.517543E-14
    outer loop
      vertex 0.0860058 0.2796837 0.03623361
      vertex 0.1291059 0.2547998 0.003042999
      vertex 0.1340655 0.2519364 0.0005862766
    endloop
  endfacet
  facet normal -0.5 -0.8660254 -2.266796E-14
    outer loop
      vertex 0.0860058 0.2796837 0.03623361
      vertex 0.1340655 0.2519364 0.0005862766
      vertex 0.1380253 0.2496502 -0.0007994776
    endloop
  endfacet
  facet normal -0.5 -0.8660254 3.951899E-15
    outer loop
      vertex 0.0860058 0.2796837 0.03623361
      vertex 0.1380253 0.2496502 -0.0007994776
      vertex 0.1408964 0.2479926 -0.001016471
    endloop
  endfacet
  facet normal -0.5 -0.8660254 -1.570767E-15
    outer loop
      vertex 0.0860058 0.2796837 0.03623361
      vertex 0.1408964 0.2479926 -0.001016471
      vertex 0.1426081 0.2470044 0
    endloop
  endfacet
  facet normal 0.5 0.8660254 -5.823976E-15
    outer loop
      vertex 0.1361726 0.4721152 0.04077267
      vertex 0.2386418 0.4129545 0.003715732
      vertex 0.238475 0.4130508 0
    endloop
  endfacet
  facet normal 0.5 0.8660254 9.01391E-15
    outer loop
      vertex 0.1361726 0.4721152 0.04077267
      vertex 0.2362771 0.4143198 0.008637152
      vertex 0.2386418 0.4129545 0.003715732
    endloop
  endfacet
  facet normal 0.5 0.8660254 -5.142751E-15
    outer loop
      vertex 0.1361726 0.4721152 0.04077267
      vertex 0.2313837 0.417145 0.0145853
      vertex 0.2362771 0.4143198 0.008637152
    endloop
  endfacet
  facet normal 0.5 0.8660254 6.760923E-15
    outer loop
      vertex 0.1361726 0.4721152 0.04077267
      vertex 0.2240169 0.4213982 0.02127914
      vertex 0.2313837 0.417145 0.0145853
    endloop
  endfacet
  facet normal 0.5 0.8660254 3.466297E-15
    outer loop
      vertex 0.1361726 0.4721152 0.04077267
      vertex 0.2142983 0.4270092 0.02836959
      vertex 0.2240169 0.4213982 0.02127914
    endloop
  endfacet
  facet normal 0.5 0.8660254 -6.439193E-15
    outer loop
      vertex 0.1361726 0.4721152 0.04077267
      vertex 0.2024264 0.4338635 0.03548039
      vertex 0.2142983 0.4270092 0.02836959
    endloop
  endfacet
  facet normal 0.5 0.8660254 3.998481E-15
    outer loop
      vertex 0.1361726 0.4721152 0.04077267
      vertex 0.18868 0.4417999 0.04224937
      vertex 0.2024264 0.4338635 0.03548039
    endloop
  endfacet
  facet normal 0.5 0.8660254 2.73262E-15
    outer loop
      vertex 0.1361726 0.4721152 0.04077267
      vertex 0.1734121 0.4506149 0.04836394
      vertex 0.18868 0.4417999 0.04224937
    endloop
  endfacet
  facet normal 0.5 0.8660254 -2.510478E-15
    outer loop
      vertex 0.1361726 0.4721152 0.04077267
      vertex 0.1571113 0.4600262 0.0535779
      vertex 0.1734121 0.4506149 0.04836394
    endloop
  endfacet
  facet normal 0.5 0.8660254 -1.913049E-17
    outer loop
      vertex 0.1361726 0.4721152 0.04077267
      vertex 0.1403968 0.4696763 0.05800624
      vertex 0.1571113 0.4600262 0.0535779
    endloop
  endfacet
  facet normal 0.5 0.8660254 2.875242E-16
    outer loop
      vertex 0.1361726 0.4721152 0.04077267
      vertex 0.1235543 0.4794003 0.06176953
      vertex 0.1403968 0.4696763 0.05800624
    endloop
  endfacet
  facet normal 0.5 0.8660254 1.295737E-15
    outer loop
      vertex 0.1361726 0.4721152 0.04077267
      vertex 0.1070306 0.4889403 0.06485814
      vertex 0.1235543 0.4794003 0.06176953
    endloop
  endfacet
  facet normal 0.5 0.8660254 -3.344079E-15
    outer loop
      vertex 0.1361726 0.4721152 0.04077267
      vertex 0.09126028 0.4980453 0.06729376
      vertex 0.1070306 0.4889403 0.06485814
    endloop
  endfacet
  facet normal 0.5 0.8660254 1.292527E-14
    outer loop
      vertex 0.1361726 0.4721152 0.04077267
      vertex 0.07665497 0.5064777 0.06912495
      vertex 0.09126028 0.4980453 0.06729376
    endloop
  endfacet
  facet normal 0.5 0.8660254 7.690447E-15
    outer loop
      vertex 0.1361726 0.4721152 0.04077267
      vertex 0.06359371 0.5140186 0.07042362
      vertex 0.07665497 0.5064777 0.06912495
    endloop
  endfacet
  facet normal 0.5 0.8660254 -1.394703E-14
    outer loop
      vertex 0.1361726 0.4721152 0.04077267
      vertex 0.05241431 0.520473 0.0712805
      vertex 0.06359371 0.5140186 0.07042362
    endloop
  endfacet
  facet normal 0.5 0.8660254 1.297625E-14
    outer loop
      vertex 0.1361726 0.4721152 0.04077267
      vertex 0.04340536 0.5256743 0.0717974
      vertex 0.05241431 0.520473 0.0712805
    endloop
  endfacet
  facet normal 0.5 0.8660254 4.193656E-15
    outer loop
      vertex 0.1361726 0.4721152 0.04077267
      vertex 0.03679925 0.5294884 0.0720759
      vertex 0.04340536 0.5256743 0.0717974
    endloop
  endfacet
  facet normal 0.5 0.8660254 -9.919469E-14
    outer loop
      vertex 0.1361726 0.4721152 0.04077267
      vertex 0.03276626 0.5318168 0.07220327
      vertex 0.03679925 0.5294884 0.0720759
    endloop
  endfacet
  facet normal 0.5 0.8660254 1.157051E-13
    outer loop
      vertex 0.1361726 0.4721152 0.04077267
      vertex 0.03141029 0.5325997 0.07223873
      vertex 0.03276626 0.5318168 0.07220327
    endloop
  endfacet
  facet normal 0.5 0.8660254 4.995013E-14
    outer loop
      vertex 0.1361726 0.4721152 0.04077267
      vertex 0.03261927 0.5319017 0.07115788
      vertex 0.03141029 0.5325997 0.07223873
    endloop
  endfacet
  facet normal 0.5 0.8660254 2.42316E-13
    outer loop
      vertex 0.1361726 0.4721152 0.04077267
      vertex 0.0364695 0.5296787 0.06978864
      vertex 0.03261927 0.5319017 0.07115788
    endloop
  endfacet
  facet normal 0.5 0.8660254 -1.616194E-13
    outer loop
      vertex 0.1361726 0.4721152 0.04077267
      vertex 0.04276616 0.5260434 0.06753662
      vertex 0.0364695 0.5296787 0.06978864
    endloop
  endfacet
  facet normal 0.5 0.8660254 -1.134479E-13
    outer loop
      vertex 0.1361726 0.4721152 0.04077267
      vertex 0.05133375 0.5210969 0.06444376
      vertex 0.04276616 0.5260434 0.06753662
    endloop
  endfacet
  facet normal 0.5 0.8660254 0
    outer loop
      vertex 0.1361726 0.4721152 0.04077267
      vertex 0.06193654 0.5149753 0.06056482
      vertex 0.05133375 0.5210969 0.06444376
    endloop
  endfacet
  facet normal 0.5 0.8660254 3.87967E-15
    outer loop
      vertex 0.1361726 0.4721152 0.04077267
      vertex 0.0742876 0.5078445 0.05596785
      vertex 0.06193654 0.5149753 0.06056482
    endloop
  endfacet
  facet normal 0.5 0.8660254 3.448474E-14
    outer loop
      vertex 0.1361726 0.4721152 0.04077267
      vertex 0.08805982 0.4998931 0.05073833
      vertex 0.0742876 0.5078445 0.05596785
    endloop
  endfacet
  facet normal 0.5 0.8660254 -1.384355E-14
    outer loop
      vertex 0.1361726 0.4721152 0.04077267
      vertex 0.1028982 0.4913261 0.04498637
      vertex 0.08805982 0.4998931 0.05073833
    endloop
  endfacet
  facet normal 0.5 0.8660254 3.726559E-15
    outer loop
      vertex 0.1361726 0.4721152 0.04077267
      vertex 0.1184325 0.4823574 0.03885447
      vertex 0.1028982 0.4913261 0.04498637
    endloop
  endfacet
  facet normal 0.5 0.8660254 -1.438813E-15
    outer loop
      vertex 0.1361726 0.4721152 0.04077267
      vertex 0.1342901 0.473202 0.03252221
      vertex 0.1184325 0.4823574 0.03885447
    endloop
  endfacet
  facet normal 0.5 0.8660254 -6.903637E-16
    outer loop
      vertex 0.1361726 0.4721152 0.04077267
      vertex 0.1501063 0.4640705 0.02620474
      vertex 0.1342901 0.473202 0.03252221
    endloop
  endfacet
  facet normal 0.5 0.8660254 9.439617E-15
    outer loop
      vertex 0.1361726 0.4721152 0.04077267
      vertex 0.1653206 0.4552866 0.02011368
      vertex 0.1501063 0.4640705 0.02620474
    endloop
  endfacet
  facet normal 0.5 0.8660254 -1.57957E-14
    outer loop
      vertex 0.1361726 0.4721152 0.04077267
      vertex 0.179668 0.447003 0.0142274
      vertex 0.1653206 0.4552866 0.02011368
    endloop
  endfacet
  facet normal 0.5 0.8660254 1.282825E-14
    outer loop
      vertex 0.1361726 0.4721152 0.04077267
      vertex 0.192963 0.4393272 0.008805939
      vertex 0.179668 0.447003 0.0142274
    endloop
  endfacet
  facet normal 0.5 0.8660254 9.46564E-15
    outer loop
      vertex 0.1361726 0.4721152 0.04077267
      vertex 0.2049721 0.4323937 0.004142151
      vertex 0.192963 0.4393272 0.008805939
    endloop
  endfacet
  facet normal 0.5 0.8660254 2.797159E-15
    outer loop
      vertex 0.1361726 0.4721152 0.04077267
      vertex 0.2154743 0.4263303 0.0005021796
      vertex 0.2049721 0.4323937 0.004142151
    endloop
  endfacet
  facet normal 0.5 0.8660254 -9.148271E-15
    outer loop
      vertex 0.1361726 0.4721152 0.04077267
      vertex 0.2242583 0.4212589 -0.001887623
      vertex 0.2154743 0.4263303 0.0005021796
    endloop
  endfacet
  facet normal 0.5 0.8660254 1.08082E-14
    outer loop
      vertex 0.1361726 0.4721152 0.04077267
      vertex 0.2311274 0.417293 -0.002847406
      vertex 0.2242583 0.4212589 -0.001887623
    endloop
  endfacet
  facet normal 0.5 0.8660254 -2.82643E-14
    outer loop
      vertex 0.1361726 0.4721152 0.04077267
      vertex 0.2359105 0.4145314 -0.002245848
      vertex 0.2311274 0.417293 -0.002847406
    endloop
  endfacet
  facet normal 0.5 0.8660254 1.123425E-14
    outer loop
      vertex 0.1361726 0.4721152 0.04077267
      vertex 0.238475 0.4130508 0
      vertex 0.2359105 0.4145314 -0.002245848
    endloop
  endfacet
  facet normal 0.8456697 -0.4845475 -0.2237329
    outer loop
      vertex 0.1426081 0.2470044 0
      vertex 0.1621662 0.2799915 0.002484727
      vertex 0.1430392 0.2467555 0.002168588
    endloop
  endfacet
  facet normal 0.8525036 -0.4921932 -0.1760213
    outer loop
      vertex 0.1426081 0.2470044 0
      vertex 0.1617814 0.2802137 0
      vertex 0.1621662 0.2799915 0.002484727
    endloop
  endfacet
  facet normal 0.8202705 -0.4695726 0.3265851
    outer loop
      vertex 0.1430392 0.2467555 0.002168588
      vertex 0.1609355 0.2807021 0.006028525
      vertex 0.1420873 0.2473051 0.005349677
    endloop
  endfacet
  facet normal 0.8029115 -0.4656091 0.3722115
    outer loop
      vertex 0.1430392 0.2467555 0.002168588
      vertex 0.1621662 0.2799915 0.002484727
      vertex 0.1609355 0.2807021 0.006028525
    endloop
  endfacet
  facet normal 0.7242987 -0.4118973 0.5529303
    outer loop
      vertex 0.1420873 0.2473051 0.005349677
      vertex 0.1580779 0.2823519 0.01051066
      vertex 0.1397379 0.2486615 0.009437527
    endloop
  endfacet
  facet normal 0.6961172 -0.4049166 0.5928435
    outer loop
      vertex 0.1420873 0.2473051 0.005349677
      vertex 0.1609355 0.2807021 0.006028525
      vertex 0.1580779 0.2823519 0.01051066
    endloop
  endfacet
  facet normal 0.6498505 -0.3643937 0.6670169
    outer loop
      vertex 0.1397379 0.2486615 0.009437527
      vertex 0.1536103 0.2849313 0.01573657
      vertex 0.1359986 0.2508203 0.01426
    endloop
  endfacet
  facet normal 0.6154145 -0.3573891 0.7025226
    outer loop
      vertex 0.1397379 0.2486615 0.009437527
      vertex 0.1580779 0.2823519 0.01051066
      vertex 0.1536103 0.2849313 0.01573657
    endloop
  endfacet
  facet normal 0.5894616 -0.323531 0.7401775
    outer loop
      vertex 0.1359986 0.2508203 0.01426
      vertex 0.1475887 0.2884079 0.02145938
      vertex 0.1309097 0.2537584 0.01959697
    endloop
  endfacet
  facet normal 0.5504293 -0.3176112 0.772108
    outer loop
      vertex 0.1359986 0.2508203 0.01426
      vertex 0.1536103 0.2849313 0.01573657
      vertex 0.1475887 0.2884079 0.02145938
    endloop
  endfacet
  facet normal 0.5357712 -0.2858894 0.7944913
    outer loop
      vertex 0.1309097 0.2537584 0.01959697
      vertex 0.1401193 0.2927203 0.02740644
      vertex 0.1245543 0.2574277 0.02520312
    endloop
  endfacet
  facet normal 0.4929297 -0.2815297 0.8232626
    outer loop
      vertex 0.1309097 0.2537584 0.01959697
      vertex 0.1475887 0.2884079 0.02145938
      vertex 0.1401193 0.2927203 0.02740644
    endloop
  endfacet
  facet normal 0.4852097 -0.2501553 0.8378507
    outer loop
      vertex 0.1245543 0.2574277 0.02520312
      vertex 0.1313631 0.2977757 0.03330671
      vertex 0.1170642 0.2617521 0.03083183
    endloop
  endfacet
  facet normal 0.4390553 -0.2475548 0.8636823
    outer loop
      vertex 0.1245543 0.2574277 0.02520312
      vertex 0.1401193 0.2927203 0.02740644
      vertex 0.1313631 0.2977757 0.03330671
    endloop
  endfacet
  facet normal 0.4363382 -0.2161033 0.8734463
    outer loop
      vertex 0.1170642 0.2617521 0.03083183
      vertex 0.1215347 0.3034501 0.03891527
      vertex 0.1086194 0.2666278 0.03625684
    endloop
  endfacet
  facet normal 0.3872671 -0.2153066 0.8964749
    outer loop
      vertex 0.1170642 0.2617521 0.03083183
      vertex 0.1313631 0.2977757 0.03330671
      vertex 0.1215347 0.3034501 0.03891527
    endloop
  endfacet
  facet normal 0.3894166 -0.1842329 0.9024483
    outer loop
      vertex 0.1086194 0.2666278 0.03625684
      vertex 0.1109451 0.3095641 0.04401864
      vertex 0.09948551 0.2719012 0.04127478
    endloop
  endfacet
  facet normal 0.3378452 -0.1851216 0.9228167
    outer loop
      vertex 0.1086194 0.2666278 0.03625684
      vertex 0.1215347 0.3034501 0.03891527
      vertex 0.1109451 0.3095641 0.04401864
    endloop
  endfacet
  facet normal 0.3571797 -0.1583913 0.9205079
    outer loop
      vertex 0.09948551 0.2719012 0.04127478
      vertex 0.1000194 0.315872 0.04863366
      vertex 0.09003758 0.277356 0.0458794
    endloop
  endfacet
  facet normal 0.303794 -0.1608482 0.9390618
    outer loop
      vertex 0.09948551 0.2719012 0.04127478
      vertex 0.1109451 0.3095641 0.04401864
      vertex 0.1000194 0.315872 0.04863366
    endloop
  endfacet
  facet normal 0.3331047 -0.1360818 0.9330182
    outer loop
      vertex 0.09003758 0.277356 0.0458794
      vertex 0.08895879 0.3222579 0.05281354
      vertex 0.08045473 0.2828886 0.0501076
    endloop
  endfacet
  facet normal 0.2782414 -0.1400601 0.9502446
    outer loop
      vertex 0.09003758 0.277356 0.0458794
      vertex 0.1000194 0.315872 0.04863366
      vertex 0.08895879 0.3222579 0.05281354
    endloop
  endfacet
  facet normal 0.311406 -0.1159042 0.9431821
    outer loop
      vertex 0.08045473 0.2828886 0.0501076
      vertex 0.07806327 0.3285484 0.05650814
      vertex 0.07099918 0.2883478 0.05390036
    endloop
  endfacet
  facet normal 0.2553585 -0.1210898 0.9592337
    outer loop
      vertex 0.08045473 0.2828886 0.0501076
      vertex 0.08895879 0.3222579 0.05281354
      vertex 0.07806327 0.3285484 0.05650814
    endloop
  endfacet
  facet normal 0.2915739 -0.09789556 0.9515257
    outer loop
      vertex 0.07099918 0.2883478 0.05390036
      vertex 0.06762697 0.3345738 0.05968955
      vertex 0.06192887 0.2935845 0.05721852
    endloop
  endfacet
  facet normal 0.2346305 -0.1039266 0.9665132
    outer loop
      vertex 0.07099918 0.2883478 0.05390036
      vertex 0.07806327 0.3285484 0.05650814
      vertex 0.06762697 0.3345738 0.05968955
    endloop
  endfacet
  facet normal 0.2732296 -0.08212339 0.9584369
    outer loop
      vertex 0.06192887 0.2935845 0.05721852
      vertex 0.05793051 0.340172 0.0623502
      vertex 0.05349059 0.2984564 0.06004154
    endloop
  endfacet
  facet normal 0.2156749 -0.08860511 0.9724369
    outer loop
      vertex 0.06192887 0.2935845 0.05721852
      vertex 0.06762697 0.3345738 0.05968955
      vertex 0.05793051 0.340172 0.0623502
    endloop
  endfacet
  facet normal 0.2562187 -0.06867454 0.9641762
    outer loop
      vertex 0.05349059 0.2984564 0.06004154
      vertex 0.04923429 0.3451928 0.06450145
      vertex 0.04591403 0.3028307 0.06236649
    endloop
  endfacet
  facet normal 0.1983357 -0.07519312 0.9772456
    outer loop
      vertex 0.05349059 0.2984564 0.06004154
      vertex 0.05793051 0.340172 0.0623502
      vertex 0.04923429 0.3451928 0.06450145
    endloop
  endfacet
  facet normal 0.2406656 -0.05763247 0.9688955
    outer loop
      vertex 0.04591403 0.3028307 0.06236649
      vertex 0.04177233 0.349501 0.06617132
      vertex 0.03940627 0.306588 0.06420645
    endloop
  endfacet
  facet normal 0.1827364 -0.06376763 0.9810918
    outer loop
      vertex 0.04591403 0.3028307 0.06236649
      vertex 0.04923429 0.3451928 0.06450145
      vertex 0.04177233 0.349501 0.06617132
    endloop
  endfacet
  facet normal 0.2269627 -0.04905419 0.9726673
    outer loop
      vertex 0.03940627 0.306588 0.06420645
      vertex 0.03574637 0.3529801 0.06740013
      vertex 0.03414643 0.3096247 0.06558693
    endloop
  endfacet
  facet normal 0.1692682 -0.05439059 0.9840681
    outer loop
      vertex 0.03940627 0.306588 0.06420645
      vertex 0.04177233 0.349501 0.06617132
      vertex 0.03574637 0.3529801 0.06740013
    endloop
  endfacet
  facet normal 0.2156912 -0.04295742 0.9755162
    outer loop
      vertex 0.03414643 0.3096247 0.06558693
      vertex 0.03132026 0.3555355 0.06823352
      vertex 0.03028048 0.3118567 0.06654
    endloop
  endfacet
  facet normal 0.1585074 -0.04709537 0.986234
    outer loop
      vertex 0.03414643 0.3096247 0.06558693
      vertex 0.03574637 0.3529801 0.06740013
      vertex 0.03132026 0.3555355 0.06823352
    endloop
  endfacet
  facet normal 0.2074896 -0.03932317 0.9774465
    outer loop
      vertex 0.03028048 0.3118567 0.06654
      vertex 0.02861502 0.3570973 0.0687136
      vertex 0.02791651 0.3132216 0.06709673
    endloop
  endfacet
  facet normal 0.1510815 -0.04188917 0.9876334
    outer loop
      vertex 0.03028048 0.3118567 0.06654
      vertex 0.03132026 0.3555355 0.06823352
      vertex 0.02861502 0.3570973 0.0687136
    endloop
  endfacet
  facet normal 0.2029021 -0.0381113 0.9784571
    outer loop
      vertex 0.02791651 0.3132216 0.06709673
      vertex 0.02770492 0.3576228 0.06887005
      vertex 0.02712104 0.3136808 0.06727957
    endloop
  endfacet
  facet normal 0.1475158 -0.03876833 0.9882996
    outer loop
      vertex 0.02791651 0.3132216 0.06709673
      vertex 0.02861502 0.3570973 0.0687136
      vertex 0.02770492 0.3576228 0.06887005
    endloop
  endfacet
  facet normal -0.7774313 0.03430022 -0.6280319
    outer loop
      vertex 0.02712104 0.3136808 0.06727957
      vertex 0.02843942 0.3571987 0.06802432
      vertex 0.02773629 0.3133256 0.06649856
    endloop
  endfacet
  facet normal -0.7460781 0.03398287 -0.6649907
    outer loop
      vertex 0.02712104 0.3136808 0.06727957
      vertex 0.02770492 0.3576228 0.06887005
      vertex 0.02843942 0.3571987 0.06802432
    endloop
  endfacet
  facet normal -0.4900298 0.0415583 -0.8707145
    outer loop
      vertex 0.02773629 0.3133256 0.06649856
      vertex 0.03093057 0.3557605 0.06672622
      vertex 0.02988137 0.3120872 0.06523222
    endloop
  endfacet
  facet normal -0.444315 0.03824769 -0.8950538
    outer loop
      vertex 0.02773629 0.3133256 0.06649856
      vertex 0.02843942 0.3571987 0.06802432
      vertex 0.03093057 0.3557605 0.06672622
    endloop
  endfacet
  facet normal -0.4889943 0.04717874 -0.8710102
    outer loop
      vertex 0.02988137 0.3120872 0.06523222
      vertex 0.03500367 0.3534089 0.06459472
      vertex 0.03338827 0.3100625 0.06315374
    endloop
  endfacet
  facet normal -0.4444488 0.04128898 -0.8948522
    outer loop
      vertex 0.02988137 0.3120872 0.06523222
      vertex 0.03093057 0.3557605 0.06672622
      vertex 0.03500367 0.3534089 0.06459472
    endloop
  endfacet
  facet normal -0.4879738 0.05488806 -0.8711308
    outer loop
      vertex 0.03338827 0.3100625 0.06315374
      vertex 0.04054365 0.3502103 0.0616752
      vertex 0.0381574 0.307309 0.06030877
    endloop
  endfacet
  facet normal -0.4446583 0.04630742 -0.8945024
    outer loop
      vertex 0.03338827 0.3100625 0.06315374
      vertex 0.03500367 0.3534089 0.06459472
      vertex 0.04054365 0.3502103 0.0616752
    endloop
  endfacet
  facet normal -0.487152 0.06454669 -0.8709286
    outer loop
      vertex 0.0381574 0.307309 0.06030877
      vertex 0.04739587 0.3462542 0.05802758
      vertex 0.04405481 0.3039041 0.05675772
    endloop
  endfacet
  facet normal -0.4451116 0.05322894 -0.8938917
    outer loop
      vertex 0.0381574 0.307309 0.06030877
      vertex 0.04054365 0.3502103 0.0616752
      vertex 0.04739587 0.3462542 0.05802758
    endloop
  endfacet
  facet normal -0.4865808 0.07598313 -0.870325
    outer loop
      vertex 0.04405481 0.3039041 0.05675772
      vertex 0.05537218 0.3416491 0.05372571
      vertex 0.05091761 0.2999419 0.05257495
    endloop
  endfacet
  facet normal -0.4458386 0.06194823 -0.8929672
    outer loop
      vertex 0.04405481 0.3039041 0.05675772
      vertex 0.04739587 0.3462542 0.05802758
      vertex 0.05537218 0.3416491 0.05372571
    endloop
  endfacet
  facet normal -0.4860825 0.08897563 -0.8693717
    outer loop
      vertex 0.05091761 0.2999419 0.05257495
      vertex 0.06425869 0.3365185 0.04885912
      vertex 0.0585608 0.2955291 0.04784987
    endloop
  endfacet
  facet normal -0.4466318 0.07230863 -0.8917912
    outer loop
      vertex 0.05091761 0.2999419 0.05257495
      vertex 0.05537218 0.3416491 0.05372571
      vertex 0.06425869 0.3365185 0.04885912
    endloop
  endfacet
  facet normal -0.4851954 0.1032159 -0.8682925
    outer loop
      vertex 0.0585608 0.2955291 0.04784987
      vertex 0.07382447 0.3309957 0.04353663
      vertex 0.06678511 0.2907808 0.04268975
    endloop
  endfacet
  facet normal -0.4469917 0.08406384 -0.8905794
    outer loop
      vertex 0.0585608 0.2955291 0.04784987
      vertex 0.06425869 0.3365185 0.04885912
      vertex 0.07382447 0.3309957 0.04353663
    endloop
  endfacet
  facet normal -0.4831784 0.1182623 -0.867498
    outer loop
      vertex 0.06678511 0.2907808 0.04268975
      vertex 0.08383087 0.3252185 0.03789035
      vertex 0.07538531 0.2858155 0.03722271
    endloop
  endfacet
  facet normal -0.4461319 0.09682915 -0.8897137
    outer loop
      vertex 0.06678511 0.2907808 0.04268975
      vertex 0.07382447 0.3309957 0.04353663
      vertex 0.08383087 0.3252185 0.03789035
    endloop
  endfacet
  facet normal -0.479072 0.1334971 -0.8675647
    outer loop
      vertex 0.07538531 0.2858155 0.03722271
      vertex 0.09404017 0.3193241 0.0320776
      vertex 0.08415798 0.2807506 0.03159905
    endloop
  endfacet
  facet normal -0.4430415 0.110036 -0.8897226
    outer loop
      vertex 0.07538531 0.2858155 0.03722271
      vertex 0.08383087 0.3252185 0.03789035
      vertex 0.09404017 0.3193241 0.0320776
    endloop
  endfacet
  facet normal -0.471791 0.148101 -0.8691832
    outer loop
      vertex 0.08415798 0.2807506 0.03159905
      vertex 0.1042227 0.3134453 0.02627887
      vertex 0.09290755 0.275699 0.02598906
    endloop
  endfacet
  facet normal -0.4365805 0.1229047 -0.8912305
    outer loop
      vertex 0.08415798 0.2807506 0.03159905
      vertex 0.09404017 0.3193241 0.0320776
      vertex 0.1042227 0.3134453 0.02627887
    endloop
  endfacet
  facet normal -0.4651731 0.1623245 -0.8702096
    outer loop
      vertex 0.09290755 0.275699 0.02598906
      vertex 0.1140166 0.3077907 0.02069137
      vertex 0.1013229 0.2708404 0.0205843
    endloop
  endfacet
  facet normal -0.4305671 0.1359206 -0.8922654
    outer loop
      vertex 0.09290755 0.275699 0.02598906
      vertex 0.1042227 0.3134453 0.02627887
      vertex 0.1140166 0.3077907 0.02069137
    endloop
  endfacet
  facet normal -0.4645811 0.1777792 -0.8675016
    outer loop
      vertex 0.1013229 0.2708404 0.0205843
      vertex 0.1232421 0.3024643 0.01532647
      vertex 0.1092461 0.2662659 0.01540369
    endloop
  endfacet
  facet normal -0.4306074 0.1505071 -0.8899016
    outer loop
      vertex 0.1013229 0.2708404 0.0205843
      vertex 0.1140166 0.3077907 0.02069137
      vertex 0.1232421 0.3024643 0.01532647
    endloop
  endfacet
  facet normal -0.4564896 0.18947 -0.8693206
    outer loop
      vertex 0.1092461 0.2662659 0.01540369
      vertex 0.1317933 0.2975273 0.01037734
      vertex 0.116591 0.2620254 0.01062256
    endloop
  endfacet
  facet normal -0.4228008 0.1615732 -0.8917026
    outer loop
      vertex 0.1092461 0.2662659 0.01540369
      vertex 0.1232421 0.3024643 0.01532647
      vertex 0.1317933 0.2975273 0.01037734
    endloop
  endfacet
  facet normal -0.4384245 0.1952718 -0.8772986
    outer loop
      vertex 0.116591 0.2620254 0.01062256
      vertex 0.1395346 0.2930579 0.006063933
      vertex 0.1232464 0.2581828 0.006441278
    endloop
  endfacet
  facet normal -0.4045592 0.1670268 -0.8991295
    outer loop
      vertex 0.116591 0.2620254 0.01062256
      vertex 0.1317933 0.2975273 0.01037734
      vertex 0.1395346 0.2930579 0.006063933
    endloop
  endfacet
  facet normal -0.4068587 0.1923409 -0.8930123
    outer loop
      vertex 0.1232464 0.2581828 0.006441278
      vertex 0.1463366 0.2891307 0.002586998
      vertex 0.1291059 0.2547998 0.003042999
    endloop
  endfacet
  facet normal -0.3722787 0.1639868 -0.913519
    outer loop
      vertex 0.1232464 0.2581828 0.006441278
      vertex 0.1395346 0.2930579 0.006063933
      vertex 0.1463366 0.2891307 0.002586998
    endloop
  endfacet
  facet normal -0.3538217 0.1754014 -0.918719
    outer loop
      vertex 0.1291059 0.2547998 0.003042999
      vertex 0.1520738 0.2858184 0.0001195502
      vertex 0.1340655 0.2519364 0.0005862766
    endloop
  endfacet
  facet normal -0.3178972 0.1471116 -0.9366427
    outer loop
      vertex 0.1291059 0.2547998 0.003042999
      vertex 0.1463366 0.2891307 0.002586998
      vertex 0.1520738 0.2858184 0.0001195502
    endloop
  endfacet
  facet normal -0.2586238 0.1320643 -0.9569079
    outer loop
      vertex 0.1340655 0.2519364 0.0005862766
      vertex 0.156627 0.2831896 -0.001198131
      vertex 0.1380253 0.2496502 -0.0007994776
    endloop
  endfacet
  facet normal -0.2206582 0.1039211 -0.9697991
    outer loop
      vertex 0.1340655 0.2519364 0.0005862766
      vertex 0.1520738 0.2858184 0.0001195502
      vertex 0.156627 0.2831896 -0.001198131
    endloop
  endfacet
  facet normal -0.05991845 0.02684208 -0.9978423
    outer loop
      vertex 0.1380253 0.2496502 -0.0007994776
      vertex 0.1598906 0.2813053 -0.001260917
      vertex 0.1408964 0.2479926 -0.001016471
    endloop
  endfacet
  facet normal -0.01976612 -0.0009211037 -0.9998042
    outer loop
      vertex 0.1380253 0.2496502 -0.0007994776
      vertex 0.156627 0.2831896 -0.001198131
      vertex 0.1598906 0.2813053 -0.001260917
    endloop
  endfacet
  facet normal 0.3960857 -0.2286802 -0.8892815
    outer loop
      vertex 0.1408964 0.2479926 -0.001016471
      vertex 0.1617814 0.2802137 0
      vertex 0.1426081 0.2470044 0
    endloop
  endfacet
  facet normal 0.4316952 -0.2524973 -0.8659586
    outer loop
      vertex 0.1408964 0.2479926 -0.001016471
      vertex 0.1598906 0.2813053 -0.001260917
      vertex 0.1617814 0.2802137 0
    endloop
  endfacet
  facet normal 0.8539696 -0.4896455 -0.1760205
    outer loop
      vertex 0.1617814 0.2802137 0
      vertex 0.1812888 0.3132302 0.002796826
      vertex 0.1621662 0.2799915 0.002484727
    endloop
  endfacet
  facet normal 0.8579097 -0.4953144 -0.1365816
    outer loop
      vertex 0.1617814 0.2802137 0
      vertex 0.1809548 0.313423 0
      vertex 0.1812888 0.3132302 0.002796826
    endloop
  endfacet
  facet normal 0.805215 -0.4616147 0.3722106
    outer loop
      vertex 0.1621662 0.2799915 0.002484727
      vertex 0.1797762 0.3141034 0.006693994
      vertex 0.1609355 0.2807021 0.006028525
    endloop
  endfacet
  facet normal 0.7893224 -0.4579462 0.4089688
    outer loop
      vertex 0.1621662 0.2799915 0.002484727
      vertex 0.1812888 0.3132302 0.002796826
      vertex 0.1797762 0.3141034 0.006693994
    endloop
  endfacet
  facet normal 0.6995476 -0.3989658 0.5928401
    outer loop
      vertex 0.1609355 0.2807021 0.006028525
      vertex 0.1764092 0.3160474 0.01155599
      vertex 0.1580779 0.2823519 0.01051066
    endloop
  endfacet
  facet normal 0.6748606 -0.3931124 0.6245204
    outer loop
      vertex 0.1609355 0.2807021 0.006028525
      vertex 0.1797762 0.3141034 0.006693994
      vertex 0.1764092 0.3160474 0.01155599
    endloop
  endfacet
  facet normal 0.6200216 -0.3493722 0.7025043
    outer loop
      vertex 0.1580779 0.2823519 0.01051066
      vertex 0.171214 0.3190468 0.01716622
      vertex 0.1536103 0.2849313 0.01573657
    endloop
  endfacet
  facet normal 0.5902384 -0.3437651 0.7303726
    outer loop
      vertex 0.1580779 0.2823519 0.01051066
      vertex 0.1764092 0.3160474 0.01155599
      vertex 0.171214 0.3190468 0.01716622
    endloop
  endfacet
  facet normal 0.5561823 -0.3075592 0.7720548
    outer loop
      vertex 0.1536103 0.2849313 0.01573657
      vertex 0.1642628 0.3230601 0.02325168
      vertex 0.1475887 0.2884079 0.02145938
    endloop
  endfacet
  facet normal 0.5226414 -0.3030779 0.7968624
    outer loop
      vertex 0.1536103 0.2849313 0.01573657
      vertex 0.171214 0.3190468 0.01716622
      vertex 0.1642628 0.3230601 0.02325168
    endloop
  endfacet
  facet normal 0.4997581 -0.2695531 0.8231543
    outer loop
      vertex 0.1475887 0.2884079 0.02145938
      vertex 0.1556849 0.3280126 0.0295131
      vertex 0.1401193 0.2927203 0.02740644
    endloop
  endfacet
  facet normal 0.463102 -0.2665573 0.8452714
    outer loop
      vertex 0.1475887 0.2884079 0.02145938
      vertex 0.1642628 0.3230601 0.02325168
      vertex 0.1556849 0.3280126 0.0295131
    endloop
  endfacet
  facet normal 0.446863 -0.2338238 0.8635044
    outer loop
      vertex 0.1401193 0.2927203 0.02740644
      vertex 0.1456705 0.3337944 0.03565589
      vertex 0.1313631 0.2977757 0.03330671
    endloop
  endfacet
  facet normal 0.4075057 -0.2324451 0.8831242
    outer loop
      vertex 0.1401193 0.2927203 0.02740644
      vertex 0.1556849 0.3280126 0.0295131
      vertex 0.1456705 0.3337944 0.03565589
    endloop
  endfacet
  facet normal 0.3959381 -0.2000399 0.8962238
    outer loop
      vertex 0.1313631 0.2977757 0.03330671
      vertex 0.1344693 0.3402614 0.04141737
      vertex 0.1215347 0.3034501 0.03891527
    endloop
  endfacet
  facet normal 0.3542169 -0.200281 0.9134648
    outer loop
      vertex 0.1313631 0.2977757 0.03330671
      vertex 0.1456705 0.3337944 0.03565589
      vertex 0.1344693 0.3402614 0.04141737
    endloop
  endfacet
  facet normal 0.34721 -0.1686371 0.9225003
    outer loop
      vertex 0.1215347 0.3034501 0.03891527
      vertex 0.1224367 0.3472084 0.04657499
      vertex 0.1109451 0.3095641 0.04401864
    endloop
  endfacet
  facet normal 0.3034847 -0.1703585 0.9374833
    outer loop
      vertex 0.1215347 0.3034501 0.03891527
      vertex 0.1344693 0.3402614 0.04141737
      vertex 0.1224367 0.3472084 0.04657499
    endloop
  endfacet
  facet normal 0.3136045 -0.1435479 0.9386406
    outer loop
      vertex 0.1109451 0.3095641 0.04401864
      vertex 0.1100474 0.3543614 0.05116948
      vertex 0.1000194 0.315872 0.04863366
    endloop
  endfacet
  facet normal 0.2684343 -0.146598 0.9520778
    outer loop
      vertex 0.1109451 0.3095641 0.04401864
      vertex 0.1224367 0.3472084 0.04657499
      vertex 0.1100474 0.3543614 0.05116948
    endloop
  endfacet
  facet normal 0.288387 -0.1221268 0.9496936
    outer loop
      vertex 0.1000194 0.315872 0.04863366
      vertex 0.09752422 0.3615916 0.05527071
      vertex 0.08895879 0.3222579 0.05281354
    endloop
  endfacet
  facet normal 0.2420419 -0.1264414 0.9619918
    outer loop
      vertex 0.1000194 0.315872 0.04863366
      vertex 0.1100474 0.3543614 0.05116948
      vertex 0.09752422 0.3615916 0.05527071
    endloop
  endfacet
  facet normal 0.2656569 -0.1028596 0.9585647
    outer loop
      vertex 0.08895879 0.3222579 0.05281354
      vertex 0.08520427 0.3687046 0.05883808
      vertex 0.07806327 0.3285484 0.05650814
    endloop
  endfacet
  facet normal 0.2183931 -0.1081439 0.9698502
    outer loop
      vertex 0.08895879 0.3222579 0.05281354
      vertex 0.09752422 0.3615916 0.05527071
      vertex 0.08520427 0.3687046 0.05883808
    endloop
  endfacet
  facet normal 0.2448973 -0.08574116 0.9657504
    outer loop
      vertex 0.07806327 0.3285484 0.05650814
      vertex 0.0734174 0.3755097 0.06185557
      vertex 0.06762697 0.3345738 0.05968955
    endloop
  endfacet
  facet normal 0.1969685 -0.091663 0.9761154
    outer loop
      vertex 0.07806327 0.3285484 0.05650814
      vertex 0.08520427 0.3687046 0.05883808
      vertex 0.0734174 0.3755097 0.06185557
    endloop
  endfacet
  facet normal 0.2257273 -0.07080291 0.9716142
    outer loop
      vertex 0.06762697 0.3345738 0.05968955
      vertex 0.06247752 0.3818259 0.06432921
      vertex 0.05793051 0.340172 0.0623502
    endloop
  endfacet
  facet normal 0.177385 -0.07700496 0.9811242
    outer loop
      vertex 0.06762697 0.3345738 0.05968955
      vertex 0.0734174 0.3755097 0.06185557
      vertex 0.06247752 0.3818259 0.06432921
    endloop
  endfacet
  facet normal 0.207995 -0.05810152 0.9764027
    outer loop
      vertex 0.05793051 0.340172 0.0623502
      vertex 0.05267524 0.3874852 0.06628509
      vertex 0.04923429 0.3451928 0.06450145
    endloop
  endfacet
  facet normal 0.159489 -0.06421337 0.9851091
    outer loop
      vertex 0.05793051 0.340172 0.0623502
      vertex 0.06247752 0.3818259 0.06432921
      vertex 0.05267524 0.3874852 0.06628509
    endloop
  endfacet
  facet normal 0.1918308 -0.04769648 0.9802683
    outer loop
      vertex 0.04923429 0.3451928 0.06450145
      vertex 0.04427101 0.3923374 0.06776662
      vertex 0.04177233 0.349501 0.06617132
    endloop
  endfacet
  facet normal 0.1434087 -0.05334531 0.9882248
    outer loop
      vertex 0.04923429 0.3451928 0.06450145
      vertex 0.05267524 0.3874852 0.06628509
      vertex 0.04427101 0.3923374 0.06776662
    endloop
  endfacet
  facet normal 0.1776352 -0.03962655 0.9832983
    outer loop
      vertex 0.04177233 0.349501 0.06617132
      vertex 0.03748874 0.3962531 0.06882925
      vertex 0.03574637 0.3529801 0.06740013
    endloop
  endfacet
  facet normal 0.1295405 -0.04444699 0.9905775
    outer loop
      vertex 0.04177233 0.349501 0.06617132
      vertex 0.04427101 0.3923374 0.06776662
      vertex 0.03748874 0.3962531 0.06882925
    endloop
  endfacet
  facet normal 0.165998 -0.03389622 0.9855434
    outer loop
      vertex 0.03574637 0.3529801 0.06740013
      vertex 0.03250979 0.3991277 0.06953245
      vertex 0.03132026 0.3555355 0.06823352
    endloop
  endfacet
  facet normal 0.1184659 -0.03753971 0.9922483
    outer loop
      vertex 0.03574637 0.3529801 0.06740013
      vertex 0.03748874 0.3962531 0.06882925
      vertex 0.03250979 0.3991277 0.06953245
    endloop
  endfacet
  facet normal 0.1575644 -0.03047767 0.9870383
    outer loop
      vertex 0.03132026 0.3555355 0.06823352
      vertex 0.02946778 0.400884 0.06992951
      vertex 0.02861502 0.3570973 0.0687136
    endloop
  endfacet
  facet normal 0.1108158 -0.03262173 0.9933054
    outer loop
      vertex 0.03132026 0.3555355 0.06823352
      vertex 0.03250979 0.3991277 0.06953245
      vertex 0.02946778 0.400884 0.06992951
    endloop
  endfacet
  facet normal 0.1528832 -0.0293258 0.9878091
    outer loop
      vertex 0.02861502 0.3570973 0.0687136
      vertex 0.02844459 0.4014748 0.07005744
      vertex 0.02770492 0.3576228 0.06887005
    endloop
  endfacet
  facet normal 0.1071185 -0.02968307 0.9938031
    outer loop
      vertex 0.02861502 0.3570973 0.0687136
      vertex 0.02946778 0.400884 0.06992951
      vertex 0.02844459 0.4014748 0.07005744
    endloop
  endfacet
  facet normal -0.7467015 0.03172936 -0.6644021
    outer loop
      vertex 0.02770492 0.3576228 0.06887005
      vertex 0.02929818 0.400982 0.0691501
      vertex 0.02843942 0.3571987 0.06802432
    endloop
  endfacet
  facet normal -0.719562 0.03092159 -0.6937394
    outer loop
      vertex 0.02770492 0.3576228 0.06887005
      vertex 0.02844459 0.4014748 0.07005744
      vertex 0.02929818 0.400982 0.0691501
    endloop
  endfacet
  facet normal -0.4459057 0.03490169 -0.8943992
    outer loop
      vertex 0.02843942 0.3571987 0.06802432
      vertex 0.03213256 0.3993455 0.06782777
      vertex 0.03093057 0.3557605 0.06672622
    endloop
  endfacet
  facet normal -0.4076043 0.03146056 -0.9126165
    outer loop
      vertex 0.02843942 0.3571987 0.06802432
      vertex 0.02929818 0.400982 0.0691501
      vertex 0.03213256 0.3993455 0.06782777
    endloop
  endfacet
  facet normal -0.4450259 0.0400792 -0.8946204
    outer loop
      vertex 0.03093057 0.3557605 0.06672622
      vertex 0.03676716 0.3966697 0.06565558
      vertex 0.03500367 0.3534089 0.06459472
    endloop
  endfacet
  facet normal -0.4078313 0.03430694 -0.9124126
    outer loop
      vertex 0.03093057 0.3557605 0.06672622
      vertex 0.03213256 0.3993455 0.06782777
      vertex 0.03676716 0.3966697 0.06565558
    endloop
  endfacet
  facet normal -0.4442371 0.04718615 -0.8946658
    outer loop
      vertex 0.03500367 0.3534089 0.06459472
      vertex 0.04307168 0.3930298 0.06267831
      vertex 0.04054365 0.3502103 0.0616752
    endloop
  endfacet
  facet normal -0.4081949 0.0390055 -0.9120611
    outer loop
      vertex 0.03500367 0.3534089 0.06459472
      vertex 0.03676716 0.3966697 0.06565558
      vertex 0.04307168 0.3930298 0.06267831
    endloop
  endfacet
  facet normal -0.4437277 0.05609838 -0.8944041
    outer loop
      vertex 0.04054365 0.3502103 0.0616752
      vertex 0.05087093 0.3885269 0.05895496
      vertex 0.04739587 0.3462542 0.05802758
    endloop
  endfacet
  facet normal -0.4088655 0.04549128 -0.9114601
    outer loop
      vertex 0.04054365 0.3502103 0.0616752
      vertex 0.04307168 0.3930298 0.06267831
      vertex 0.05087093 0.3885269 0.05895496
    endloop
  endfacet
  facet normal -0.4435487 0.06666227 -0.8937677
    outer loop
      vertex 0.04739587 0.3462542 0.05802758
      vertex 0.05995179 0.3832841 0.05455837
      vertex 0.05537218 0.3416491 0.05372571
    endloop
  endfacet
  facet normal -0.4098716 0.0536697 -0.9105629
    outer loop
      vertex 0.04739587 0.3462542 0.05802758
      vertex 0.05087093 0.3885269 0.05895496
      vertex 0.05995179 0.3832841 0.05455837
    endloop
  endfacet
  facet normal -0.4435131 0.07867492 -0.8928081
    outer loop
      vertex 0.05537218 0.3416491 0.05372571
      vertex 0.07007175 0.3774413 0.04957756
      vertex 0.06425869 0.3365185 0.04885912
    endloop
  endfacet
  facet normal -0.4109985 0.06339515 -0.9094291
    outer loop
      vertex 0.05537218 0.3416491 0.05372571
      vertex 0.05995179 0.3832841 0.05455837
      vertex 0.07007175 0.3774413 0.04957756
    endloop
  endfacet
  facet normal -0.443141 0.09184662 -0.8917344
    outer loop
      vertex 0.06425869 0.3365185 0.04885912
      vertex 0.08096852 0.3711501 0.04412227
      vertex 0.07382447 0.3309957 0.04353663
    endloop
  endfacet
  facet normal -0.4117329 0.07443183 -0.9082598
    outer loop
      vertex 0.06425869 0.3365185 0.04885912
      vertex 0.07007175 0.3774413 0.04957756
      vertex 0.08096852 0.3711501 0.04412227
    endloop
  endfacet
  facet normal -0.4416637 0.1057533 -0.8909262
    outer loop
      vertex 0.07382447 0.3309957 0.04353663
      vertex 0.09237025 0.3645673 0.03832781
      vertex 0.08383087 0.3252185 0.03789035
    endloop
  endfacet
  facet normal -0.4112682 0.08640461 -0.9074099
    outer loop
      vertex 0.07382447 0.3309957 0.04353663
      vertex 0.08096852 0.3711501 0.04412227
      vertex 0.09237025 0.3645673 0.03832781
    endloop
  endfacet
  facet normal -0.4380868 0.1197935 -0.8909149
    outer loop
      vertex 0.08383087 0.3252185 0.03789035
      vertex 0.1040052 0.3578499 0.03235776
      vertex 0.09404017 0.3193241 0.0320776
    endloop
  endfacet
  facet normal -0.4085683 0.09875389 -0.9073696
    outer loop
      vertex 0.08383087 0.3252185 0.03789035
      vertex 0.09237025 0.3645673 0.03832781
      vertex 0.1040052 0.3578499 0.03235776
    endloop
  endfacet
  facet normal -0.431286 0.1331634 -0.8923339
    outer loop
      vertex 0.09404017 0.3193241 0.0320776
      vertex 0.1156096 0.3511501 0.02640199
      vertex 0.1042227 0.3134453 0.02627887
    endloop
  endfacet
  facet normal -0.4024652 0.1107091 -0.9087163
    outer loop
      vertex 0.09404017 0.3193241 0.0320776
      vertex 0.1040052 0.3578499 0.03235776
      vertex 0.1156096 0.3511501 0.02640199
    endloop
  endfacet
  facet normal -0.4251763 0.1462049 -0.8932241
    outer loop
      vertex 0.1042227 0.3134453 0.02627887
      vertex 0.1267716 0.3447056 0.02066228
      vertex 0.1140166 0.3077907 0.02069137
    endloop
  endfacet
  facet normal -0.3968408 0.1228174 -0.9096336
    outer loop
      vertex 0.1042227 0.3134453 0.02627887
      vertex 0.1156096 0.3511501 0.02640199
      vertex 0.1267716 0.3447056 0.02066228
    endloop
  endfacet
  facet normal -0.4252419 0.1606184 -0.8907138
    outer loop
      vertex 0.1140166 0.3077907 0.02069137
      vertex 0.1372898 0.338633 0.01514203
      vertex 0.1232421 0.3024643 0.01532647
    endloop
  endfacet
  facet normal -0.3973863 0.1365916 -0.9074287
    outer loop
      vertex 0.1140166 0.3077907 0.02069137
      vertex 0.1267716 0.3447056 0.02066228
      vertex 0.1372898 0.338633 0.01514203
    endloop
  endfacet
  facet normal -0.4175901 0.1712494 -0.892352
    outer loop
      vertex 0.1232421 0.3024643 0.01532647
      vertex 0.1470382 0.3330048 0.0100517
      vertex 0.1317933 0.2975273 0.01037734
    endloop
  endfacet
  facet normal -0.3899282 0.1468093 -0.9090671
    outer loop
      vertex 0.1232421 0.3024643 0.01532647
      vertex 0.1372898 0.338633 0.01514203
      vertex 0.1470382 0.3330048 0.0100517
    endloop
  endfacet
  facet normal -0.39967 0.1759608 -0.899612
    outer loop
      vertex 0.1317933 0.2975273 0.01037734
      vertex 0.1558568 0.3279133 0.005630093
      vertex 0.1395346 0.2930579 0.006063933
    endloop
  endfacet
  facet normal -0.3718244 0.1513678 -0.915879
    outer loop
      vertex 0.1317933 0.2975273 0.01037734
      vertex 0.1470382 0.3330048 0.0100517
      vertex 0.1558568 0.3279133 0.005630093
    endloop
  endfacet
  facet normal -0.3678807 0.1718947 -0.9138468
    outer loop
      vertex 0.1395346 0.2930579 0.006063933
      vertex 0.1635933 0.3234466 0.002094919
      vertex 0.1463366 0.2891307 0.002586998
    endloop
  endfacet
  facet normal -0.3394195 0.1473806 -0.9290174
    outer loop
      vertex 0.1395346 0.2930579 0.006063933
      vertex 0.1558568 0.3279133 0.005630093
      vertex 0.1635933 0.3234466 0.002094919
    endloop
  endfacet
  facet normal -0.3141536 0.1537432 -0.9368407
    outer loop
      vertex 0.1463366 0.2891307 0.002586998
      vertex 0.1701007 0.3196896 -0.000366935
      vertex 0.1520738 0.2858184 0.0001195502
    endloop
  endfacet
  facet normal -0.2845864 0.1294914 -0.9498645
    outer loop
      vertex 0.1463366 0.2891307 0.002586998
      vertex 0.1635933 0.3234466 0.002094919
      vertex 0.1701007 0.3196896 -0.000366935
    endloop
  endfacet
  facet normal -0.2177072 0.1090826 -0.9698993
    outer loop
      vertex 0.1520738 0.2858184 0.0001195502
      vertex 0.1752404 0.3167222 -0.001604833
      vertex 0.156627 0.2831896 -0.001198131
    endloop
  endfacet
  facet normal -0.1865304 0.08521768 -0.9787463
    outer loop
      vertex 0.1520738 0.2858184 0.0001195502
      vertex 0.1701007 0.3196896 -0.000366935
      vertex 0.1752404 0.3167222 -0.001604833
    endloop
  endfacet
  facet normal -0.01767435 0.002703142 -0.9998401
    outer loop
      vertex 0.156627 0.2831896 -0.001198131
      vertex 0.1788904 0.3146149 -0.001506724
      vertex 0.1598906 0.2813053 -0.001260917
    endloop
  endfacet
  facet normal 0.01504815 -0.02047765 -0.9996771
    outer loop
      vertex 0.156627 0.2831896 -0.001198131
      vertex 0.1752404 0.3167222 -0.001604833
      vertex 0.1788904 0.3146149 -0.001506724
    endloop
  endfacet
  facet normal 0.4331077 -0.2500548 -0.8659621
    outer loop
      vertex 0.1598906 0.2813053 -0.001260917
      vertex 0.1809548 0.313423 0
      vertex 0.1617814 0.2802137 0
    endloop
  endfacet
  facet normal 0.4613882 -0.2694136 -0.8453031
    outer loop
      vertex 0.1598906 0.2813053 -0.001260917
      vertex 0.1788904 0.3146149 -0.001506724
      vertex 0.1809548 0.313423 0
    endloop
  endfacet
  facet normal 0.8592596 -0.4929691 -0.1365811
    outer loop
      vertex 0.1809548 0.313423 0
      vertex 0.2004083 0.3464705 0.003105633
      vertex 0.1812888 0.3132302 0.002796826
    endloop
  endfacet
  facet normal 0.8613667 -0.4973103 -0.1035848
    outer loop
      vertex 0.1809548 0.313423 0
      vertex 0.2001282 0.3466322 0
      vertex 0.2004083 0.3464705 0.003105633
    endloop
  endfacet
  facet normal 0.7914274 -0.4542989 0.4089685
    outer loop
      vertex 0.1812888 0.3132302 0.002796826
      vertex 0.1986124 0.3475074 0.007349158
      vertex 0.1797762 0.3141034 0.006693994
    endloop
  endfacet
  facet normal 0.7770417 -0.451026 0.4390692
    outer loop
      vertex 0.1812888 0.3132302 0.002796826
      vertex 0.2004083 0.3464705 0.003105633
      vertex 0.1986124 0.3475074 0.007349158
    endloop
  endfacet
  facet normal 0.6779814 -0.387706 0.62452
    outer loop
      vertex 0.1797762 0.3141034 0.006693994
      vertex 0.1947359 0.3497455 0.01258045
      vertex 0.1764092 0.3160474 0.01155599
    endloop
  endfacet
  facet normal 0.6563238 -0.3828454 0.6501296
    outer loop
      vertex 0.1797762 0.3141034 0.006693994
      vertex 0.1986124 0.3475074 0.007349158
      vertex 0.1947359 0.3497455 0.01258045
    endloop
  endfacet
  facet normal 0.5944128 -0.3365167 0.7303629
    outer loop
      vertex 0.1764092 0.3160474 0.01155599
      vertex 0.1888148 0.353164 0.01856121
      vertex 0.171214 0.3190468 0.01716622
    endloop
  endfacet
  facet normal 0.568524 -0.3320734 0.752667
    outer loop
      vertex 0.1764092 0.3160474 0.01155599
      vertex 0.1947359 0.3497455 0.01258045
      vertex 0.1888148 0.353164 0.01856121
    endloop
  endfacet
  facet normal 0.5278325 -0.2940355 0.7968287
    outer loop
      vertex 0.171214 0.3190468 0.01716622
      vertex 0.1809377 0.3577119 0.02499274
      vertex 0.1642628 0.3230601 0.02325168
    endloop
  endfacet
  facet normal 0.4988116 -0.2907186 0.8164984
    outer loop
      vertex 0.171214 0.3190468 0.01716622
      vertex 0.1888148 0.353164 0.01856121
      vertex 0.1809377 0.3577119 0.02499274
    endloop
  endfacet
  facet normal 0.4692367 -0.2558409 0.8451996
    outer loop
      vertex 0.1642628 0.3230601 0.02325168
      vertex 0.1712568 0.3633012 0.03154973
      vertex 0.1556849 0.3280126 0.0295131
    endloop
  endfacet
  facet normal 0.4376175 -0.2539257 0.8625617
    outer loop
      vertex 0.1642628 0.3230601 0.02325168
      vertex 0.1809377 0.3577119 0.02499274
      vertex 0.1712568 0.3633012 0.03154973
    endloop
  endfacet
  facet normal 0.4144872 -0.2202276 0.8830063
    outer loop
      vertex 0.1556849 0.3280126 0.0295131
      vertex 0.159992 0.3698049 0.03791463
      vertex 0.1456705 0.3337944 0.03565589
    endloop
  endfacet
  facet normal 0.3806211 -0.2197978 0.8982297
    outer loop
      vertex 0.1556849 0.3280126 0.0295131
      vertex 0.1712568 0.3633012 0.03154973
      vertex 0.159992 0.3698049 0.03791463
    endloop
  endfacet
  facet normal 0.3619299 -0.1867769 0.9133023
    outer loop
      vertex 0.1456705 0.3337944 0.03565589
      vertex 0.1474273 0.3770592 0.04380768
      vertex 0.1344693 0.3402614 0.04141737
    endloop
  endfacet
  facet normal 0.3261089 -0.187807 0.9264888
    outer loop
      vertex 0.1456705 0.3337944 0.03565589
      vertex 0.159992 0.3698049 0.03791463
      vertex 0.1474273 0.3770592 0.04380768
    endloop
  endfacet
  facet normal 0.3117653 -0.1558703 0.937287
    outer loop
      vertex 0.1344693 0.3402614 0.04141737
      vertex 0.133963 0.3848328 0.04899797
      vertex 0.1224367 0.3472084 0.04657499
    endloop
  endfacet
  facet normal 0.2743053 -0.1582095 0.9485391
    outer loop
      vertex 0.1344693 0.3402614 0.04141737
      vertex 0.1474273 0.3770592 0.04380768
      vertex 0.133963 0.3848328 0.04899797
    endloop
  endfacet
  facet normal 0.277054 -0.1314984 0.9518137
    outer loop
      vertex 0.1224367 0.3472084 0.04657499
      vertex 0.1201223 0.3928237 0.05355068
      vertex 0.1100474 0.3543614 0.05116948
    endloop
  endfacet
  facet normal 0.2384218 -0.1349759 0.9617362
    outer loop
      vertex 0.1224367 0.3472084 0.04657499
      vertex 0.133963 0.3848328 0.04899797
      vertex 0.1201223 0.3928237 0.05355068
    endloop
  endfacet
  facet normal 0.2509 -0.1108989 0.9616395
    outer loop
      vertex 0.1100474 0.3543614 0.05116948
      vertex 0.1061493 0.400891 0.05755247
      vertex 0.09752422 0.3615916 0.05527071
    endloop
  endfacet
  facet normal 0.2113176 -0.1154409 0.9705763
    outer loop
      vertex 0.1100474 0.3543614 0.05116948
      vertex 0.1201223 0.3928237 0.05355068
      vertex 0.1061493 0.400891 0.05755247
    endloop
  endfacet
  facet normal 0.2273199 -0.09246678 0.9694202
    outer loop
      vertex 0.09752422 0.3615916 0.05527071
      vertex 0.09241792 0.4088188 0.06097278
      vertex 0.08520427 0.3687046 0.05883808
    endloop
  endfacet
  facet normal 0.1870146 -0.09779742 0.977477
    outer loop
      vertex 0.09752422 0.3615916 0.05527071
      vertex 0.1061493 0.400891 0.05755247
      vertex 0.09241792 0.4088188 0.06097278
    endloop
  endfacet
  facet normal 0.2057932 -0.07616171 0.9756273
    outer loop
      vertex 0.08520427 0.3687046 0.05883808
      vertex 0.0792933 0.4163963 0.06380793
      vertex 0.0734174 0.3755097 0.06185557
    endloop
  endfacet
  facet normal 0.1649913 -0.08197479 0.9828825
    outer loop
      vertex 0.08520427 0.3687046 0.05883808
      vertex 0.09241792 0.4088188 0.06097278
      vertex 0.0792933 0.4163963 0.06380793
    endloop
  endfacet
  facet normal 0.1859398 -0.06198396 0.9806041
    outer loop
      vertex 0.0734174 0.3755097 0.06185557
      vertex 0.06712222 0.4234233 0.06607786
      vertex 0.06247752 0.3818259 0.06432921
    endloop
  endfacet
  facet normal 0.1448659 -0.06795425 0.987115
    outer loop
      vertex 0.0734174 0.3755097 0.06185557
      vertex 0.0792933 0.4163963 0.06380793
      vertex 0.06712222 0.4234233 0.06607786
    endloop
  endfacet
  facet normal 0.1676114 -0.04996417 0.9845862
    outer loop
      vertex 0.06247752 0.3818259 0.06432921
      vertex 0.05622505 0.4297148 0.06782379
      vertex 0.05267524 0.3874852 0.06628509
    endloop
  endfacet
  facet normal 0.1264884 -0.05575751 0.9903998
    outer loop
      vertex 0.06247752 0.3818259 0.06432921
      vertex 0.06712222 0.4234233 0.06607786
      vertex 0.05622505 0.4297148 0.06782379
    endloop
  endfacet
  facet normal 0.1509446 -0.04014073 0.9877269
    outer loop
      vertex 0.05267524 0.3874852 0.06628509
      vertex 0.04688832 0.4351053 0.06910471
      vertex 0.04427101 0.3923374 0.06776662
    endloop
  endfacet
  facet normal 0.1099918 -0.04542337 0.992894
    outer loop
      vertex 0.05267524 0.3874852 0.06628509
      vertex 0.05622505 0.4297148 0.06782379
      vertex 0.04688832 0.4351053 0.06910471
    endloop
  endfacet
  facet normal 0.1363467 -0.03253597 0.9901267
    outer loop
      vertex 0.04427101 0.3923374 0.06776662
      vertex 0.03935774 0.4394531 0.06999145
      vertex 0.03748874 0.3962531 0.06882925
    endloop
  endfacet
  facet normal 0.09577737 -0.03698327 0.9947155
    outer loop
      vertex 0.04427101 0.3923374 0.06776662
      vertex 0.04688832 0.4351053 0.06910471
      vertex 0.03935774 0.4394531 0.06999145
    endloop
  endfacet
  facet normal 0.1244139 -0.02714221 0.9918591
    outer loop
      vertex 0.03748874 0.3962531 0.06882925
      vertex 0.03383189 0.4426435 0.07055742
      vertex 0.03250979 0.3991277 0.06953245
    endloop
  endfacet
  facet normal 0.08443067 -0.03044692 0.9959641
    outer loop
      vertex 0.03748874 0.3962531 0.06882925
      vertex 0.03935774 0.4394531 0.06999145
      vertex 0.03383189 0.4426435 0.07055742
    endloop
  endfacet
  facet normal 0.1157961 -0.02392327 0.9929849
    outer loop
      vertex 0.03250979 0.3991277 0.06953245
      vertex 0.03045678 0.4445921 0.0708672
      vertex 0.02946778 0.400884 0.06992951
    endloop
  endfacet
  facet normal 0.07658568 -0.02580379 0.996729
    outer loop
      vertex 0.03250979 0.3991277 0.06953245
      vertex 0.03383189 0.4426435 0.07055742
      vertex 0.03045678 0.4445921 0.0708672
    endloop
  endfacet
  facet normal 0.1110443 -0.02282927 0.9935532
    outer loop
      vertex 0.02946778 0.400884 0.06992951
      vertex 0.02932173 0.4452474 0.07096519
      vertex 0.02844459 0.4014748 0.07005744
    endloop
  endfacet
  facet normal 0.07277228 -0.02303766 0.9970825
    outer loop
      vertex 0.02946778 0.400884 0.06992951
      vertex 0.03045678 0.4445921 0.0708672
      vertex 0.02932173 0.4452474 0.07096519
    endloop
  endfacet
  facet normal -0.7198751 0.02986637 -0.6934608
    outer loop
      vertex 0.02844459 0.4014748 0.07005744
      vertex 0.03029413 0.444686 0.06999849
      vertex 0.02929818 0.400982 0.0691501
    endloop
  endfacet
  facet normal -0.6963105 0.02882543 -0.7171616
    outer loop
      vertex 0.02844459 0.4014748 0.07005744
      vertex 0.02932173 0.4452474 0.07096519
      vertex 0.03029413 0.444686 0.06999849
    endloop
  endfacet
  facet normal -0.4083519 0.02993707 -0.9123335
    outer loop
      vertex 0.02929818 0.400982 0.0691501
      vertex 0.03346918 0.4428529 0.06865715
      vertex 0.03213256 0.3993455 0.06782777
    endloop
  endfacet
  facet normal -0.3759793 0.02654844 -0.9262477
    outer loop
      vertex 0.02929818 0.400982 0.0691501
      vertex 0.03029413 0.444686 0.06999849
      vertex 0.03346918 0.4428529 0.06865715
    endloop
  endfacet
  facet normal -0.4076267 0.03472265 -0.9124882
    outer loop
      vertex 0.03213256 0.3993455 0.06782777
      vertex 0.03866116 0.4398553 0.06645281
      vertex 0.03676716 0.3966697 0.06565558
    endloop
  endfacet
  facet normal -0.3762966 0.02921353 -0.9260386
    outer loop
      vertex 0.03213256 0.3993455 0.06782777
      vertex 0.03346918 0.4428529 0.06865715
      vertex 0.03866116 0.4398553 0.06645281
    endloop
  endfacet
  facet normal -0.4070634 0.04129644 -0.9124659
    outer loop
      vertex 0.03676716 0.3966697 0.06565558
      vertex 0.0457246 0.4357772 0.06342947
      vertex 0.04307168 0.3930298 0.06267831
    endloop
  endfacet
  facet normal -0.3768094 0.03361463 -0.9256807
    outer loop
      vertex 0.03676716 0.3966697 0.06565558
      vertex 0.03866116 0.4398553 0.06645281
      vertex 0.0457246 0.4357772 0.06342947
    endloop
  endfacet
  facet normal -0.4068524 0.04954795 -0.9121492
    outer loop
      vertex 0.04307168 0.3930298 0.06267831
      vertex 0.05446398 0.4307315 0.05964488
      vertex 0.05087093 0.3885269 0.05895496
    endloop
  endfacet
  facet normal -0.3776888 0.03969512 -0.9250813
    outer loop
      vertex 0.04307168 0.3930298 0.06267831
      vertex 0.0457246 0.4357772 0.06342947
      vertex 0.05446398 0.4307315 0.05964488
    endloop
  endfacet
  facet normal -0.407042 0.0593396 -0.9114799
    outer loop
      vertex 0.05087093 0.3885269 0.05895496
      vertex 0.06464143 0.4248556 0.05517051
      vertex 0.05995179 0.3832841 0.05455837
    endloop
  endfacet
  facet normal -0.3789611 0.04737044 -0.9241994
    outer loop
      vertex 0.05087093 0.3885269 0.05895496
      vertex 0.05446398 0.4307315 0.05964488
      vertex 0.06464143 0.4248556 0.05517051
    endloop
  endfacet
  facet normal -0.4074365 0.07048562 -0.9105094
    outer loop
      vertex 0.05995179 0.3832841 0.05455837
      vertex 0.07598601 0.4183058 0.05009449
      vertex 0.07007175 0.3774413 0.04957756
    endloop
  endfacet
  facet normal -0.3804048 0.05650569 -0.9230923
    outer loop
      vertex 0.05995179 0.3832841 0.05455837
      vertex 0.06464143 0.4248556 0.05517051
      vertex 0.07598601 0.4183058 0.05009449
    endloop
  endfacet
  facet normal -0.4075393 0.08271348 -0.909434
    outer loop
      vertex 0.07007175 0.3774413 0.04957756
      vertex 0.08820435 0.4112515 0.04452696
      vertex 0.08096852 0.3711501 0.04412227
    endloop
  endfacet
  facet normal -0.381494 0.0668757 -0.921949
    outer loop
      vertex 0.07007175 0.3774413 0.04957756
      vertex 0.07598601 0.4183058 0.05009449
      vertex 0.08820435 0.4112515 0.04452696
    endloop
  endfacet
  facet normal -0.4065587 0.09561577 -0.9086075
    outer loop
      vertex 0.08096852 0.3711501 0.04412227
      vertex 0.1009916 0.4038688 0.03860596
      vertex 0.09237025 0.3645673 0.03832781
    endloop
  endfacet
  facet normal -0.3814047 0.07811553 -0.9211018
    outer loop
      vertex 0.08096852 0.3711501 0.04412227
      vertex 0.08820435 0.4112515 0.04452696
      vertex 0.1009916 0.4038688 0.03860596
    endloop
  endfacet
  facet normal -0.4034719 0.1086067 -0.9085235
    outer loop
      vertex 0.09237025 0.3645673 0.03832781
      vertex 0.1140423 0.396334 0.03250079
      vertex 0.1040052 0.3578499 0.03235776
    endloop
  endfacet
  facet normal -0.3790796 0.08967556 -0.9210087
    outer loop
      vertex 0.09237025 0.3645673 0.03832781
      vertex 0.1009916 0.4038688 0.03860596
      vertex 0.1140423 0.396334 0.03250079
    endloop
  endfacet
  facet normal -0.3971224 0.1208979 -0.9097678
    outer loop
      vertex 0.1040052 0.3578499 0.03235776
      vertex 0.1270588 0.3888189 0.02641009
      vertex 0.1156096 0.3511501 0.02640199
    endloop
  endfacet
  facet normal -0.3733273 0.1007955 -0.9222077
    outer loop
      vertex 0.1040052 0.3578499 0.03235776
      vertex 0.1140423 0.396334 0.03250079
      vertex 0.1270588 0.3888189 0.02641009
    endloop
  endfacet
  facet normal -0.3914814 0.1329051 -0.9105375
    outer loop
      vertex 0.1156096 0.3511501 0.02640199
      vertex 0.1395794 0.3815901 0.02053944
      vertex 0.1267716 0.3447056 0.02066228
    endloop
  endfacet
  facet normal -0.3680778 0.1120729 -0.9230159
    outer loop
      vertex 0.1156096 0.3511501 0.02640199
      vertex 0.1270588 0.3888189 0.02641009
      vertex 0.1395794 0.3815901 0.02053944
    endloop
  endfacet
  facet normal -0.3921236 0.1463977 -0.9081887
    outer loop
      vertex 0.1267716 0.3447056 0.02066228
      vertex 0.1513812 0.3747763 0.01488404
      vertex 0.1372898 0.338633 0.01514203
    endloop
  endfacet
  facet normal -0.3690857 0.1250938 -0.9209383
    outer loop
      vertex 0.1267716 0.3447056 0.02066228
      vertex 0.1395794 0.3815901 0.02053944
      vertex 0.1513812 0.3747763 0.01488404
    endloop
  endfacet
  facet normal -0.3848772 0.156104 -0.9096709
    outer loop
      vertex 0.1372898 0.338633 0.01514203
      vertex 0.1623186 0.3684616 0.009671187
      vertex 0.1470382 0.3330048 0.0100517
    endloop
  endfacet
  facet normal -0.3619645 0.1345377 -0.9224323
    outer loop
      vertex 0.1372898 0.338633 0.01514203
      vertex 0.1513812 0.3747763 0.01488404
      vertex 0.1623186 0.3684616 0.009671187
    endloop
  endfacet
  facet normal -0.3671328 0.1598813 -0.916325
    outer loop
      vertex 0.1470382 0.3330048 0.0100517
      vertex 0.172207 0.3627526 0.005158042
      vertex 0.1558568 0.3279133 0.005630093
    endloop
  endfacet
  facet normal -0.3440304 0.1382963 -0.9287181
    outer loop
      vertex 0.1470382 0.3330048 0.0100517
      vertex 0.1623186 0.3684616 0.009671187
      vertex 0.172207 0.3627526 0.005158042
    endloop
  endfacet
  facet normal -0.3352357 0.1548656 -0.9293189
    outer loop
      vertex 0.1558568 0.3279133 0.005630093
      vertex 0.1808711 0.3577504 0.00157879
      vertex 0.1635933 0.3234466 0.002094919
    endloop
  endfacet
  facet normal -0.3115889 0.1334828 -0.9407947
    outer loop
      vertex 0.1558568 0.3279133 0.005630093
      vertex 0.172207 0.3627526 0.005158042
      vertex 0.1808711 0.3577504 0.00157879
    endloop
  endfacet
  facet normal -0.2810516 0.1357325 -0.9500456
    outer loop
      vertex 0.1635933 0.3234466 0.002094919
      vertex 0.1881424 0.3535523 -0.0008662367
      vertex 0.1701007 0.3196896 -0.000366935
    endloop
  endfacet
  facet normal -0.2564692 0.1147359 -0.9597183
    outer loop
      vertex 0.1635933 0.3234466 0.002094919
      vertex 0.1808711 0.3577504 0.00157879
      vertex 0.1881424 0.3535523 -0.0008662367
    endloop
  endfacet
  facet normal -0.183761 0.09005233 -0.9788373
    outer loop
      vertex 0.1701007 0.3196896 -0.000366935
      vertex 0.1938629 0.3502495 -0.002016413
      vertex 0.1752404 0.3167222 -0.001604833
    endloop
  endfacet
  facet normal -0.1578692 0.06958701 -0.9850051
    outer loop
      vertex 0.1701007 0.3196896 -0.000366935
      vertex 0.1881424 0.3535523 -0.0008662367
      vertex 0.1938629 0.3502495 -0.002016413
    endloop
  endfacet
  facet normal 0.01700213 -0.01709475 -0.9997093
    outer loop
      vertex 0.1752404 0.3167222 -0.001604833
      vertex 0.1978942 0.347922 -0.001753067
      vertex 0.1788904 0.3146149 -0.001506724
    endloop
  endfacet
  facet normal 0.04402414 -0.03670862 -0.9983558
    outer loop
      vertex 0.1752404 0.3167222 -0.001604833
      vertex 0.1938629 0.3502495 -0.002016413
      vertex 0.1978942 0.347922 -0.001753067
    endloop
  endfacet
  facet normal 0.4627022 -0.2671413 -0.845306
    outer loop
      vertex 0.1788904 0.3146149 -0.001506724
      vertex 0.2001282 0.3466322 0
      vertex 0.1809548 0.313423 0
    endloop
  endfacet
  facet normal 0.4855515 -0.2831554 -0.8270809
    outer loop
      vertex 0.1788904 0.3146149 -0.001506724
      vertex 0.1978942 0.347922 -0.001753067
      vertex 0.2001282 0.3466322 0
    endloop
  endfacet
  facet normal 0.8626148 -0.4951423 -0.1035845
    outer loop
      vertex 0.2001282 0.3466322 0
      vertex 0.2195258 0.3797121 0.003411769
      vertex 0.2004083 0.3464705 0.003105633
    endloop
  endfacet
  facet normal 0.8635432 -0.4985669 -0.07565899
    outer loop
      vertex 0.2001282 0.3466322 0
      vertex 0.2193016 0.3798415 0
      vertex 0.2195258 0.3797121 0.003411769
    endloop
  endfacet
  facet normal 0.7789774 -0.4476742 0.4390694
    outer loop
      vertex 0.2004083 0.3464705 0.003105633
      vertex 0.2174457 0.3809131 0.007996308
      vertex 0.1986124 0.3475074 0.007349158
    endloop
  endfacet
  facet normal 0.7660079 -0.4448109 0.4640853
    outer loop
      vertex 0.2004083 0.3464705 0.003105633
      vertex 0.2195258 0.3797121 0.003411769
      vertex 0.2174457 0.3809131 0.007996308
    endloop
  endfacet
  facet normal 0.6591846 -0.377895 0.6501315
    outer loop
      vertex 0.1986124 0.3475074 0.007349158
      vertex 0.2130603 0.3834449 0.01358902
      vertex 0.1947359 0.3497455 0.01258045
    endloop
  endfacet
  facet normal 0.6401077 -0.3738794 0.6711753
    outer loop
      vertex 0.1986124 0.3475074 0.007349158
      vertex 0.2174457 0.3809131 0.007996308
      vertex 0.2130603 0.3834449 0.01358902
    endloop
  endfacet
  facet normal 0.5723396 -0.3254597 0.7526642
    outer loop
      vertex 0.1947359 0.3497455 0.01258045
      vertex 0.2064154 0.3872814 0.01993014
      vertex 0.1888148 0.353164 0.01856121
    endloop
  endfacet
  facet normal 0.549691 -0.3219691 0.7708279
    outer loop
      vertex 0.1947359 0.3497455 0.01258045
      vertex 0.2130603 0.3834449 0.01358902
      vertex 0.2064154 0.3872814 0.01993014
    endloop
  endfacet
  facet normal 0.5035426 -0.2824982 0.81648
    outer loop
      vertex 0.1888148 0.353164 0.01856121
      vertex 0.1976159 0.3923618 0.02669564
      vertex 0.1809377 0.3577119 0.02499274
    endloop
  endfacet
  facet normal 0.4782384 -0.2801124 0.8323611
    outer loop
      vertex 0.1888148 0.353164 0.01856121
      vertex 0.2064154 0.3872814 0.01993014
      vertex 0.1976159 0.3923618 0.02669564
    endloop
  endfacet
  facet normal 0.4431908 -0.2442215 0.8625183
    outer loop
      vertex 0.1809377 0.3577119 0.02499274
      vertex 0.1868371 0.3985849 0.03353458
      vertex 0.1712568 0.3633012 0.03154973
    endloop
  endfacet
  facet normal 0.4156819 -0.2431531 0.8764047
    outer loop
      vertex 0.1809377 0.3577119 0.02499274
      vertex 0.1976159 0.3923618 0.02669564
      vertex 0.1868371 0.3985849 0.03353458
    endloop
  endfacet
  facet normal 0.3869414 -0.2087802 0.8981577
    outer loop
      vertex 0.1712568 0.3633012 0.03154973
      vertex 0.1743286 0.4058067 0.04010691
      vertex 0.159992 0.3698049 0.03791463
    endloop
  endfacet
  facet normal 0.3575307 -0.2090784 0.9101967
    outer loop
      vertex 0.1712568 0.3633012 0.03154973
      vertex 0.1868371 0.3985849 0.03353458
      vertex 0.1743286 0.4058067 0.04010691
    endloop
  endfacet
  facet normal 0.3330639 -0.1756827 0.926393
    outer loop
      vertex 0.159992 0.3698049 0.03791463
      vertex 0.1604088 0.4138433 0.04611629
      vertex 0.1474273 0.3770592 0.04380768
    endloop
  endfacet
  facet normal 0.3020079 -0.1773032 0.9366722
    outer loop
      vertex 0.159992 0.3698049 0.03791463
      vertex 0.1743286 0.4058067 0.04010691
      vertex 0.1604088 0.4138433 0.04611629
    endloop
  endfacet
  facet normal 0.2817376 -0.1452645 0.9484314
    outer loop
      vertex 0.1474273 0.3770592 0.04380768
      vertex 0.1455222 0.4224381 0.05132395
      vertex 0.133963 0.3848328 0.04899797
    endloop
  endfacet
  facet normal 0.2493173 -0.148051 0.957038
    outer loop
      vertex 0.1474273 0.3770592 0.04380768
      vertex 0.1604088 0.4138433 0.04611629
      vertex 0.1455222 0.4224381 0.05132395
    endloop
  endfacet
  facet normal 0.2461204 -0.1215563 0.9615866
    outer loop
      vertex 0.133963 0.3848328 0.04899797
      vertex 0.1302404 0.4312611 0.05581988
      vertex 0.1201223 0.3928237 0.05355068
    endloop
  endfacet
  facet normal 0.2127332 -0.1253283 0.9690394
    outer loop
      vertex 0.133963 0.3848328 0.04899797
      vertex 0.1455222 0.4224381 0.05132395
      vertex 0.1302404 0.4312611 0.05581988
    endloop
  endfacet
  facet normal 0.2191899 -0.101702 0.9703672
    outer loop
      vertex 0.1201223 0.3928237 0.05355068
      vertex 0.1148282 0.4401593 0.05970765
      vertex 0.1061493 0.400891 0.05755247
    endloop
  endfacet
  facet normal 0.1850227 -0.1063807 0.9769594
    outer loop
      vertex 0.1201223 0.3928237 0.05355068
      vertex 0.1302404 0.4312611 0.05581988
      vertex 0.1148282 0.4401593 0.05970765
    endloop
  endfacet
  facet normal 0.1949021 -0.08402367 0.9772171
    outer loop
      vertex 0.1061493 0.400891 0.05755247
      vertex 0.09969622 0.4488957 0.06296707
      vertex 0.09241792 0.4088188 0.06097278
    endloop
  endfacet
  facet normal 0.1601592 -0.08935067 0.9830389
    outer loop
      vertex 0.1061493 0.400891 0.05755247
      vertex 0.1148282 0.4401593 0.05970765
      vertex 0.09969622 0.4488957 0.06296707
    endloop
  endfacet
  facet normal 0.1727356 -0.06845062 0.9825868
    outer loop
      vertex 0.09241792 0.4088188 0.06097278
      vertex 0.08524442 0.4572395 0.06560702
      vertex 0.0792933 0.4163963 0.06380793
    endloop
  endfacet
  facet normal 0.1376208 -0.07414283 0.9877061
    outer loop
      vertex 0.09241792 0.4088188 0.06097278
      vertex 0.09969622 0.4488957 0.06296707
      vertex 0.08524442 0.4572395 0.06560702
    endloop
  endfacet
  facet normal 0.152312 -0.0549566 0.9868033
    outer loop
      vertex 0.0792933 0.4163963 0.06380793
      vertex 0.07185213 0.4649715 0.06766169
      vertex 0.06712222 0.4234233 0.06607786
    endloop
  endfacet
  facet normal 0.1170279 -0.06071617 0.9912709
    outer loop
      vertex 0.0792933 0.4163963 0.06380793
      vertex 0.08524442 0.4572395 0.06560702
      vertex 0.07185213 0.4649715 0.06766169
    endloop
  endfacet
  facet normal 0.1334875 -0.04354964 0.9900932
    outer loop
      vertex 0.06712222 0.4234233 0.06607786
      vertex 0.05986919 0.4718899 0.06918756
      vertex 0.05622505 0.4297148 0.06782379
    endloop
  endfacet
  facet normal 0.09823452 -0.04907288 0.9939526
    outer loop
      vertex 0.06712222 0.4234233 0.06607786
      vertex 0.07185213 0.4649715 0.06766169
      vertex 0.05986919 0.4718899 0.06918756
    endloop
  endfacet
  facet normal 0.1164042 -0.03424959 0.9926112
    outer loop
      vertex 0.05622505 0.4297148 0.06782379
      vertex 0.04960789 0.4778142 0.07025944
      vertex 0.04688832 0.4351053 0.06910471
    endloop
  endfacet
  facet normal 0.08137832 -0.03923526 0.9959107
    outer loop
      vertex 0.05622505 0.4297148 0.06782379
      vertex 0.05986919 0.4718899 0.06918756
      vertex 0.04960789 0.4778142 0.07025944
    endloop
  endfacet
  facet normal 0.1014753 -0.02706412 0.9944699
    outer loop
      vertex 0.04688832 0.4351053 0.06910471
      vertex 0.04133549 0.4825903 0.0709636
      vertex 0.03935774 0.4394531 0.06999145
    endloop
  endfacet
  facet normal 0.06686505 -0.03122114 0.9972734
    outer loop
      vertex 0.04688832 0.4351053 0.06910471
      vertex 0.04960789 0.4778142 0.07025944
      vertex 0.04133549 0.4825903 0.0709636
    endloop
  endfacet
  facet normal 0.08930156 -0.02197449 0.9957622
    outer loop
      vertex 0.03935774 0.4394531 0.06999145
      vertex 0.03526756 0.4860936 0.07138753
      vertex 0.03383189 0.4426435 0.07055742
    endloop
  endfacet
  facet normal 0.05528348 -0.02502941 0.9981569
    outer loop
      vertex 0.03935774 0.4394531 0.06999145
      vertex 0.04133549 0.4825903 0.0709636
      vertex 0.03526756 0.4860936 0.07138753
    endloop
  endfacet
  facet normal 0.08053589 -0.01893683 0.9965718
    outer loop
      vertex 0.03383189 0.4426435 0.07055742
      vertex 0.03156231 0.4882329 0.07160712
      vertex 0.03045678 0.4445921 0.0708672
    endloop
  endfacet
  facet normal 0.0472697 -0.02064121 0.9986689
    outer loop
      vertex 0.03383189 0.4426435 0.07055742
      vertex 0.03526756 0.4860936 0.07138753
      vertex 0.03156231 0.4882329 0.07160712
    endloop
  endfacet
  facet normal 0.07573045 -0.01789681 0.9969677
    outer loop
      vertex 0.03045678 0.4445921 0.0708672
      vertex 0.03031639 0.4889522 0.07167419
      vertex 0.02932173 0.4452474 0.07096519
    endloop
  endfacet
  facet normal 0.04335476 -0.01803437 0.998897
    outer loop
      vertex 0.03045678 0.4445921 0.0708672
      vertex 0.03156231 0.4882329 0.07160712
      vertex 0.03031639 0.4889522 0.07167419
    endloop
  endfacet
  facet normal -0.6964229 0.02846772 -0.7170668
    outer loop
      vertex 0.02932173 0.4452474 0.07096519
      vertex 0.03140725 0.4883224 0.07064979
      vertex 0.03029413 0.444686 0.06999849
    endloop
  endfacet
  facet normal -0.6758643 0.02732993 -0.7365192
    outer loop
      vertex 0.02932173 0.4452474 0.07096519
      vertex 0.03031639 0.4889522 0.07167419
      vertex 0.03140725 0.4883224 0.07064979
    endloop
  endfacet
  facet normal -0.3761896 0.02613054 -0.9261742
    outer loop
      vertex 0.03029413 0.444686 0.06999849
      vertex 0.03492081 0.4862938 0.06929315
      vertex 0.03346918 0.4428529 0.06865715
    endloop
  endfacet
  facet normal -0.3485829 0.02287725 -0.9369987
    outer loop
      vertex 0.03029413 0.444686 0.06999849
      vertex 0.03140725 0.4883224 0.07064979
      vertex 0.03492081 0.4862938 0.06929315
    endloop
  endfacet
  facet normal -0.3756123 0.03057089 -0.9262725
    outer loop
      vertex 0.03346918 0.4428529 0.06865715
      vertex 0.04066663 0.4829765 0.06706276
      vertex 0.03866116 0.4398553 0.06645281
    endloop
  endfacet
  facet normal -0.3489856 0.02537683 -0.9367844
    outer loop
      vertex 0.03346918 0.4428529 0.06865715
      vertex 0.03492081 0.4862938 0.06929315
      vertex 0.04066663 0.4829765 0.06706276
    endloop
  endfacet
  facet normal -0.3752618 0.03667499 -0.926193
    outer loop
      vertex 0.03866116 0.4398553 0.06645281
      vertex 0.04848418 0.478463 0.06400163
      vertex 0.0457246 0.4357772 0.06342947
    endloop
  endfacet
  facet normal -0.349639 0.02950647 -0.9364197
    outer loop
      vertex 0.03866116 0.4398553 0.06645281
      vertex 0.04066663 0.4829765 0.06706276
      vertex 0.04848418 0.478463 0.06400163
    endloop
  endfacet
  facet normal -0.3753289 0.04434451 -0.9258303
    outer loop
      vertex 0.0457246 0.4357772 0.06342947
      vertex 0.05815777 0.472878 0.06016611
      vertex 0.05446398 0.4307315 0.05964488
    endloop
  endfacet
  facet normal -0.3507145 0.03521708 -0.93582
    outer loop
      vertex 0.0457246 0.4357772 0.06342947
      vertex 0.04848418 0.478463 0.06400163
      vertex 0.05815777 0.472878 0.06016611
    endloop
  endfacet
  facet normal -0.3758584 0.05345613 -0.925134
    outer loop
      vertex 0.05446398 0.4307315 0.05964488
      vertex 0.06942493 0.4663729 0.05562605
      vertex 0.06464143 0.4248556 0.05517051
    endloop
  endfacet
  facet normal -0.3522355 0.04243334 -0.934949
    outer loop
      vertex 0.05446398 0.4307315 0.05964488
      vertex 0.05815777 0.472878 0.06016611
      vertex 0.06942493 0.4663729 0.05562605
    endloop
  endfacet
  facet normal -0.3766461 0.06383945 -0.9241549
    outer loop
      vertex 0.06464143 0.4248556 0.05517051
      vertex 0.08198656 0.4591204 0.05046835
      vertex 0.07598601 0.4183058 0.05009449
    endloop
  endfacet
  facet normal -0.3539738 0.0510304 -0.9338621
    outer loop
      vertex 0.06464143 0.4248556 0.05517051
      vertex 0.06942493 0.4663729 0.05562605
      vertex 0.08198656 0.4591204 0.05046835
    endloop
  endfacet
  facet normal -0.3771809 0.07523763 -0.9230785
    outer loop
      vertex 0.07598601 0.4183058 0.05009449
      vertex 0.09551835 0.4513078 0.04480326
      vertex 0.08820435 0.4112515 0.04452696
    endloop
  endfacet
  facet normal -0.3553925 0.06079338 -0.9327381
    outer loop
      vertex 0.07598601 0.4183058 0.05009449
      vertex 0.08198656 0.4591204 0.05046835
      vertex 0.09551835 0.4513078 0.04480326
    endloop
  endfacet
  facet normal -0.3766513 0.08725855 -0.9222363
    outer loop
      vertex 0.08820435 0.4112515 0.04452696
      vertex 0.1096828 0.44313 0.03877117
      vertex 0.1009916 0.4038688 0.03860596
    endloop
  endfacet
  facet normal -0.3556524 0.07136746 -0.9318895
    outer loop
      vertex 0.08820435 0.4112515 0.04452696
      vertex 0.09551835 0.4513078 0.04480326
      vertex 0.1096828 0.44313 0.03877117
    endloop
  endfacet
  facet normal -0.3740106 0.09933126 -0.9220897
    outer loop
      vertex 0.1009916 0.4038688 0.03860596
      vertex 0.1241405 0.4347828 0.03254668
      vertex 0.1140423 0.396334 0.03250079
    endloop
  endfacet
  facet normal -0.3536782 0.08221309 -0.9317472
    outer loop
      vertex 0.1009916 0.4038688 0.03860596
      vertex 0.1096828 0.44313 0.03877117
      vertex 0.1241405 0.4347828 0.03254668
    endloop
  endfacet
  facet normal -0.3680765 0.1106817 -0.9231843
    outer loop
      vertex 0.1140423 0.396334 0.03250079
      vertex 0.1385605 0.4264574 0.02633684
      vertex 0.1270588 0.3888189 0.02641009
    endloop
  endfacet
  facet normal -0.3482583 0.09258044 -0.9328156
    outer loop
      vertex 0.1140423 0.396334 0.03250079
      vertex 0.1241405 0.4347828 0.03254668
      vertex 0.1385605 0.4264574 0.02633684
    endloop
  endfacet
  facet normal -0.3628611 0.1217864 -0.9238506
    outer loop
      vertex 0.1270588 0.3888189 0.02641009
      vertex 0.1524314 0.418449 0.02035044
      vertex 0.1395794 0.3815901 0.02053944
    endloop
  endfacet
  facet normal -0.3433602 0.1031087 -0.9335268
    outer loop
      vertex 0.1270588 0.3888189 0.02641009
      vertex 0.1385605 0.4264574 0.02633684
      vertex 0.1524314 0.418449 0.02035044
    endloop
  endfacet
  facet normal -0.364008 0.1344691 -0.9216378
    outer loop
      vertex 0.1395794 0.3815901 0.02053944
      vertex 0.1655094 0.4108985 0.01457433
      vertex 0.1513812 0.3747763 0.01488404
    endloop
  endfacet
  facet normal -0.3447862 0.1154445 -0.9315552
    outer loop
      vertex 0.1395794 0.3815901 0.02053944
      vertex 0.1524314 0.418449 0.02035044
      vertex 0.1655094 0.4108985 0.01457433
    endloop
  endfacet
  facet normal -0.3571292 0.1433702 -0.9229863
    outer loop
      vertex 0.1513812 0.3747763 0.01488404
      vertex 0.1776286 0.4039014 0.009252294
      vertex 0.1623186 0.3684616 0.009671187
    endloop
  endfacet
  facet normal -0.337981 0.1241926 -0.9329228
    outer loop
      vertex 0.1513812 0.3747763 0.01488404
      vertex 0.1655094 0.4108985 0.01457433
      vertex 0.1776286 0.4039014 0.009252294
    endloop
  endfacet
  facet normal -0.3395696 0.1463453 -0.9291262
    outer loop
      vertex 0.1623186 0.3684616 0.009671187
      vertex 0.1885802 0.3975786 0.004659495
      vertex 0.172207 0.3627526 0.005158042
    endloop
  endfacet
  facet normal -0.3202273 0.1272422 -0.9387566
    outer loop
      vertex 0.1623186 0.3684616 0.009671187
      vertex 0.1776286 0.4039014 0.009252294
      vertex 0.1885802 0.3975786 0.004659495
    endloop
  endfacet
  facet normal -0.3076347 0.1405287 -0.9410699
    outer loop
      vertex 0.172207 0.3627526 0.005158042
      vertex 0.1981658 0.3920443 0.001046227
      vertex 0.1808711 0.3577504 0.00157879
    endloop
  endfacet
  facet normal -0.2878013 0.121709 -0.9499249
    outer loop
      vertex 0.172207 0.3627526 0.005158042
      vertex 0.1885802 0.3975786 0.004659495
      vertex 0.1981658 0.3920443 0.001046227
    endloop
  endfacet
  facet normal -0.2531452 0.1205892 -0.9598832
    outer loop
      vertex 0.1808711 0.3577504 0.00157879
      vertex 0.2061957 0.3874083 -0.001374047
      vertex 0.1881424 0.3535523 -0.0008662367
    endloop
  endfacet
  facet normal -0.2325017 0.1022326 -0.9672081
    outer loop
      vertex 0.1808711 0.3577504 0.00157879
      vertex 0.1981658 0.3920443 0.001046227
      vertex 0.2061957 0.3874083 -0.001374047
    endloop
  endfacet
  facet normal -0.155276 0.07410728 -0.9850875
    outer loop
      vertex 0.1881424 0.3535523 -0.0008662367
      vertex 0.2124924 0.3837728 -0.002430987
      vertex 0.1938629 0.3502495 -0.002016413
    endloop
  endfacet
  facet normal -0.1335385 0.05636704 -0.9894394
    outer loop
      vertex 0.1881424 0.3535523 -0.0008662367
      vertex 0.2061957 0.3874083 -0.001374047
      vertex 0.2124924 0.3837728 -0.002430987
    endloop
  endfacet
  facet normal 0.04584812 -0.03355266 -0.9983848
    outer loop
      vertex 0.1938629 0.3502495 -0.002016413
      vertex 0.2169012 0.3812274 -0.001999515
      vertex 0.1978942 0.347922 -0.001753067
    endloop
  endfacet
  facet normal 0.06843984 -0.05035522 -0.9963836
    outer loop
      vertex 0.1938629 0.3502495 -0.002016413
      vertex 0.2124924 0.3837728 -0.002430987
      vertex 0.2169012 0.3812274 -0.001999515
    endloop
  endfacet
  facet normal 0.4867749 -0.2810396 -0.8270834
    outer loop
      vertex 0.1978942 0.347922 -0.001753067
      vertex 0.2193016 0.3798415 0
      vertex 0.2001282 0.3466322 0
    endloop
  endfacet
  facet normal 0.5055236 -0.2944972 -0.8109977
    outer loop
      vertex 0.1978942 0.347922 -0.001753067
      vertex 0.2169012 0.3812274 -0.001999515
      vertex 0.2193016 0.3798415 0
    endloop
  endfacet
  facet normal 0.864702 -0.4965544 -0.07565879
    outer loop
      vertex 0.2193016 0.3798415 0
      vertex 0.2386418 0.4129545 0.003715732
      vertex 0.2195258 0.3797121 0.003411769
    endloop
  endfacet
  facet normal 0.864864 -0.4993295 -0.05177189
    outer loop
      vertex 0.2193016 0.3798415 0
      vertex 0.238475 0.4130508 0
      vertex 0.2386418 0.4129545 0.003715732
    endloop
  endfacet
  facet normal 0.767798 -0.441713 0.464086
    outer loop
      vertex 0.2195258 0.3797121 0.003411769
      vertex 0.2362771 0.4143198 0.008637152
      vertex 0.2174457 0.3809131 0.007996308
    endloop
  endfacet
  facet normal 0.7561079 -0.4392354 0.4851527
    outer loop
      vertex 0.2195258 0.3797121 0.003411769
      vertex 0.2386418 0.4129545 0.003715732
      vertex 0.2362771 0.4143198 0.008637152
    endloop
  endfacet
  facet normal 0.6427472 -0.3693163 0.6711792
    outer loop
      vertex 0.2174457 0.3809131 0.007996308
      vertex 0.2313837 0.417145 0.0145853
      vertex 0.2130603 0.3834449 0.01358902
    endloop
  endfacet
  facet normal 0.6258563 -0.3660092 0.6887243
    outer loop
      vertex 0.2174457 0.3809131 0.007996308
      vertex 0.2362771 0.4143198 0.008637152
      vertex 0.2313837 0.417145 0.0145853
    endloop
  endfacet
  facet normal 0.5532041 -0.3158885 0.7708305
    outer loop
      vertex 0.2130603 0.3834449 0.01358902
      vertex 0.2240169 0.4213982 0.02127914
      vertex 0.2064154 0.3872814 0.01993014
    endloop
  endfacet
  facet normal 0.5332539 -0.3131728 0.7858518
    outer loop
      vertex 0.2130603 0.3834449 0.01358902
      vertex 0.2313837 0.417145 0.0145853
      vertex 0.2240169 0.4213982 0.02127914
    endloop
  endfacet
  facet normal 0.4825851 -0.2725751 0.8323547
    outer loop
      vertex 0.2064154 0.3872814 0.01993014
      vertex 0.2142983 0.4270092 0.02836959
      vertex 0.1976159 0.3923618 0.02669564
    endloop
  endfacet
  facet normal 0.4603499 -0.270931 0.8453842
    outer loop
      vertex 0.2064154 0.3872814 0.01993014
      vertex 0.2240169 0.4213982 0.02127914
      vertex 0.2142983 0.4270092 0.02836959
    endloop
  endfacet
  facet normal 0.4207905 -0.2342812 0.8763833
    outer loop
      vertex 0.1976159 0.3923618 0.02669564
      vertex 0.2024264 0.4338635 0.03548039
      vertex 0.1868371 0.3985849 0.03353458
    endloop
  endfacet
  facet normal 0.3966564 -0.2338738 0.8876749
    outer loop
      vertex 0.1976159 0.3923618 0.02669564
      vertex 0.2142983 0.4270092 0.02836959
      vertex 0.2024264 0.4338635 0.03548039
    endloop
  endfacet
  facet normal 0.3633088 -0.1990369 0.9101599
    outer loop
      vertex 0.1868371 0.3985849 0.03353458
      vertex 0.18868 0.4417999 0.04224937
      vertex 0.1743286 0.4058067 0.04010691
    endloop
  endfacet
  facet normal 0.3375404 -0.1998907 0.9198425
    outer loop
      vertex 0.1868371 0.3985849 0.03353458
      vertex 0.2024264 0.4338635 0.03548039
      vertex 0.18868 0.4417999 0.04224937
    endloop
  endfacet
  facet normal 0.3083468 -0.16629 0.9366269
    outer loop
      vertex 0.1743286 0.4058067 0.04010691
      vertex 0.1734121 0.4506149 0.04836394
      vertex 0.1604088 0.4138433 0.04611629
    endloop
  endfacet
  facet normal 0.2811723 -0.1683474 0.9447758
    outer loop
      vertex 0.1743286 0.4058067 0.04010691
      vertex 0.18868 0.4417999 0.04224937
      vertex 0.1734121 0.4506149 0.04836394
    endloop
  endfacet
  facet normal 0.2560668 -0.1363356 0.9569966
    outer loop
      vertex 0.1604088 0.4138433 0.04611629
      vertex 0.1571113 0.4600262 0.0535779
      vertex 0.1455222 0.4224381 0.05132395
    endloop
  endfacet
  facet normal 0.2277389 -0.1394391 0.9636865
    outer loop
      vertex 0.1604088 0.4138433 0.04611629
      vertex 0.1734121 0.4506149 0.04836394
      vertex 0.1571113 0.4600262 0.0535779
    endloop
  endfacet
  facet normal 0.2196975 -0.1132327 0.9689744
    outer loop
      vertex 0.1455222 0.4224381 0.05132395
      vertex 0.1403968 0.4696763 0.05800624
      vertex 0.1302404 0.4312611 0.05581988
    endloop
  endfacet
  facet normal 0.1905604 -0.1171977 0.9746545
    outer loop
      vertex 0.1455222 0.4224381 0.05132395
      vertex 0.1571113 0.4600262 0.0535779
      vertex 0.1403968 0.4696763 0.05800624
    endloop
  endfacet
  facet normal 0.1921162 -0.09404892 0.9768553
    outer loop
      vertex 0.1302404 0.4312611 0.05581988
      vertex 0.1235543 0.4794003 0.06176953
      vertex 0.1148282 0.4401593 0.05970765
    endloop
  endfacet
  facet normal 0.1623301 -0.09879435 0.9817783
    outer loop
      vertex 0.1302404 0.4312611 0.05581988
      vertex 0.1403968 0.4696763 0.05800624
      vertex 0.1235543 0.4794003 0.06176953
    endloop
  endfacet
  facet normal 0.1672336 -0.07704636 0.9829022
    outer loop
      vertex 0.1148282 0.4401593 0.05970765
      vertex 0.1070306 0.4889403 0.06485814
      vertex 0.09969622 0.4488957 0.06296707
    endloop
  endfacet
  facet normal 0.1369841 -0.0823298 0.987146
    outer loop
      vertex 0.1148282 0.4401593 0.05970765
      vertex 0.1235543 0.4794003 0.06176953
      vertex 0.1070306 0.4889403 0.06485814
    endloop
  endfacet
  facet normal 0.1445285 -0.0621283 0.9875483
    outer loop
      vertex 0.09969622 0.4488957 0.06296707
      vertex 0.09126028 0.4980453 0.06729376
      vertex 0.08524442 0.4572395 0.06560702
    endloop
  endfacet
  facet normal 0.1140009 -0.06768704 0.9911722
    outer loop
      vertex 0.09969622 0.4488957 0.06296707
      vertex 0.1070306 0.4889403 0.06485814
      vertex 0.09126028 0.4980453 0.06729376
    endloop
  endfacet
  facet normal 0.1236252 -0.04924558 0.9911063
    outer loop
      vertex 0.08524442 0.4572395 0.06560702
      vertex 0.07665497 0.5064777 0.06912495
      vertex 0.07185213 0.4649715 0.06766169
    endloop
  endfacet
  facet normal 0.0930037 -0.05480532 0.9941563
    outer loop
      vertex 0.08524442 0.4572395 0.06560702
      vertex 0.09126028 0.4980453 0.06729376
      vertex 0.07665497 0.5064777 0.06912495
    endloop
  endfacet
  facet normal 0.1043843 -0.03838658 0.9937959
    outer loop
      vertex 0.07185213 0.4649715 0.06766169
      vertex 0.06359371 0.5140186 0.07042362
      vertex 0.05986919 0.4718899 0.06918756
    endloop
  endfacet
  facet normal 0.07385052 -0.0436695 0.9963127
    outer loop
      vertex 0.07185213 0.4649715 0.06766169
      vertex 0.07665497 0.5064777 0.06912495
      vertex 0.06359371 0.5140186 0.07042362
    endloop
  endfacet
  facet normal 0.08695303 -0.02955483 0.9957739
    outer loop
      vertex 0.05986919 0.4718899 0.06918756
      vertex 0.05241431 0.520473 0.0712805
      vertex 0.04960789 0.4778142 0.07025944
    endloop
  endfacet
  facet normal 0.05668342 -0.03428701 0.9978033
    outer loop
      vertex 0.05986919 0.4718899 0.06918756
      vertex 0.06359371 0.5140186 0.07042362
      vertex 0.05241431 0.520473 0.0712805
    endloop
  endfacet
  facet normal 0.0717494 -0.02274496 0.9971633
    outer loop
      vertex 0.04960789 0.4778142 0.07025944
      vertex 0.04340536 0.5256743 0.0717974
      vertex 0.04133549 0.4825903 0.0709636
    endloop
  endfacet
  facet normal 0.04191196 -0.02666329 0.9987655
    outer loop
      vertex 0.04960789 0.4778142 0.07025944
      vertex 0.05241431 0.520473 0.0712805
      vertex 0.04340536 0.5256743 0.0717974
    endloop
  endfacet
  facet normal 0.05937757 -0.01792827 0.9980746
    outer loop
      vertex 0.04133549 0.4825903 0.0709636
      vertex 0.03679925 0.5294884 0.0720759
      vertex 0.03526756 0.4860936 0.07138753
    endloop
  endfacet
  facet normal 0.03012757 -0.02078726 0.9993299
    outer loop
      vertex 0.04133549 0.4825903 0.0709636
      vertex 0.04340536 0.5256743 0.0717974
      vertex 0.03679925 0.5294884 0.0720759
    endloop
  endfacet
  facet normal 0.05049211 -0.01505391 0.998611
    outer loop
      vertex 0.03526756 0.4860936 0.07138753
      vertex 0.03276626 0.5318168 0.07220327
      vertex 0.03156231 0.4882329 0.07160712
    endloop
  endfacet
  facet normal 0.02196776 -0.01663234 0.9996203
    outer loop
      vertex 0.03526756 0.4860936 0.07138753
      vertex 0.03679925 0.5294884 0.0720759
      vertex 0.03276626 0.5318168 0.07220327
    endloop
  endfacet
  facet normal 0.04564533 -0.01406341 0.9988587
    outer loop
      vertex 0.03156231 0.4882329 0.07160712
      vertex 0.03141029 0.5325997 0.07223873
      vertex 0.03031639 0.4889522 0.07167419
    endloop
  endfacet
  facet normal 0.01796418 -0.01417078 0.9997382
    outer loop
      vertex 0.03156231 0.4882329 0.07160712
      vertex 0.03276626 0.5318168 0.07220327
      vertex 0.03141029 0.5325997 0.07223873
    endloop
  endfacet
  facet normal -0.6758466 0.02738372 -0.7365334
    outer loop
      vertex 0.03031639 0.4889522 0.07167419
      vertex 0.03261927 0.5319017 0.07115788
      vertex 0.03140725 0.4883224 0.07064979
    endloop
  endfacet
  facet normal -0.6578118 0.02622207 -0.7527258
    outer loop
      vertex 0.03031639 0.4889522 0.07167419
      vertex 0.03141029 0.5325997 0.07223873
      vertex 0.03261927 0.5319017 0.07115788
    endloop
  endfacet
  facet normal -0.348448 0.02314019 -0.9370424
    outer loop
      vertex 0.03140725 0.4883224 0.07064979
      vertex 0.0364695 0.5296787 0.06978864
      vertex 0.03492081 0.4862938 0.06929315
    endloop
  endfacet
  facet normal -0.3247019 0.02005526 -0.9456038
    outer loop
      vertex 0.03140725 0.4883224 0.07064979
      vertex 0.03261927 0.5319017 0.07115788
      vertex 0.0364695 0.5296787 0.06978864
    endloop
  endfacet
  facet normal -0.3480091 0.02727639 -0.9370943
    outer loop
      vertex 0.03492081 0.4862938 0.06929315
      vertex 0.04276616 0.5260434 0.06753662
      vertex 0.04066663 0.4829765 0.06706276
    endloop
  endfacet
  facet normal -0.325184 0.02240503 -0.9453853
    outer loop
      vertex 0.03492081 0.4862938 0.06929315
      vertex 0.0364695 0.5296787 0.06978864
      vertex 0.04276616 0.5260434 0.06753662
    endloop
  endfacet
  facet normal -0.347856 0.03296671 -0.9369682
    outer loop
      vertex 0.04066663 0.4829765 0.06706276
      vertex 0.05133375 0.5210969 0.06444376
      vertex 0.04848418 0.478463 0.06400163
    endloop
  endfacet
  facet normal -0.3259681 0.02628904 -0.9450152
    outer loop
      vertex 0.04066663 0.4829765 0.06706276
      vertex 0.04276616 0.5260434 0.06753662
      vertex 0.05133375 0.5210969 0.06444376
    endloop
  endfacet
  facet normal -0.3481787 0.04012359 -0.9365691
    outer loop
      vertex 0.04848418 0.478463 0.06400163
      vertex 0.06193654 0.5149753 0.06056482
      vertex 0.05815777 0.472878 0.06016611
    endloop
  endfacet
  facet normal -0.3272252 0.03166502 -0.9444157
    outer loop
      vertex 0.04848418 0.478463 0.06400163
      vertex 0.05133375 0.5210969 0.06444376
      vertex 0.06193654 0.5149753 0.06056482
    endloop
  endfacet
  facet normal -0.3490184 0.04863638 -0.9358529
    outer loop
      vertex 0.05815777 0.472878 0.06016611
      vertex 0.0742876 0.5078445 0.05596785
      vertex 0.06942493 0.4663729 0.05562605
    endloop
  endfacet
  facet normal -0.3289755 0.03846602 -0.9435547
    outer loop
      vertex 0.05815777 0.472878 0.06016611
      vertex 0.06193654 0.5149753 0.06056482
      vertex 0.0742876 0.5078445 0.05596785
    endloop
  endfacet
  facet normal -0.3501624 0.05834849 -0.9348699
    outer loop
      vertex 0.06942493 0.4663729 0.05562605
      vertex 0.08805982 0.4998931 0.05073833
      vertex 0.08198656 0.4591204 0.05046835
    endloop
  endfacet
  facet normal -0.3309848 0.04657656 -0.9424859
    outer loop
      vertex 0.06942493 0.4663729 0.05562605
      vertex 0.0742876 0.5078445 0.05596785
      vertex 0.08805982 0.4998931 0.05073833
    endloop
  endfacet
  facet normal -0.3510872 0.06901718 -0.9337957
    outer loop
      vertex 0.08198656 0.4591204 0.05046835
      vertex 0.1028982 0.4913261 0.04498637
      vertex 0.09551835 0.4513078 0.04480326
    endloop
  endfacet
  facet normal -0.3327063 0.05579142 -0.9413787
    outer loop
      vertex 0.08198656 0.4591204 0.05046835
      vertex 0.08805982 0.4998931 0.05073833
      vertex 0.1028982 0.4913261 0.04498637
    endloop
  endfacet
  facet normal -0.3509643 0.0802643 -0.9329425
    outer loop
      vertex 0.09551835 0.4513078 0.04480326
      vertex 0.1184325 0.4823574 0.03885447
      vertex 0.1096828 0.44313 0.03877117
    endloop
  endfacet
  facet normal -0.3332873 0.0657655 -0.9405288
    outer loop
      vertex 0.09551835 0.4513078 0.04480326
      vertex 0.1028982 0.4913261 0.04498637
      vertex 0.1184325 0.4823574 0.03885447
    endloop
  endfacet
  facet normal -0.3487268 0.0915325 -0.932744
    outer loop
      vertex 0.1096828 0.44313 0.03877117
      vertex 0.1342901 0.473202 0.03252221
      vertex 0.1241405 0.4347828 0.03254668
    endloop
  endfacet
  facet normal -0.3316369 0.07596901 -0.9403434
    outer loop
      vertex 0.1096828 0.44313 0.03877117
      vertex 0.1184325 0.4823574 0.03885447
      vertex 0.1342901 0.473202 0.03252221
    endloop
  endfacet
  facet normal -0.3431706 0.102061 -0.9337117
    outer loop
      vertex 0.1241405 0.4347828 0.03254668
      vertex 0.1501063 0.4640705 0.02620474
      vertex 0.1385605 0.4264574 0.02633684
    endloop
  endfacet
  facet normal -0.3265267 0.08566223 -0.9412982
    outer loop
      vertex 0.1241405 0.4347828 0.03254668
      vertex 0.1342901 0.473202 0.03252221
      vertex 0.1501063 0.4640705 0.02620474
    endloop
  endfacet
  facet normal -0.3383387 0.1123769 -0.9342903
    outer loop
      vertex 0.1385605 0.4264574 0.02633684
      vertex 0.1653206 0.4552866 0.02011368
      vertex 0.1524314 0.418449 0.02035044
    endloop
  endfacet
  facet normal -0.3219529 0.0955192 -0.9419248
    outer loop
      vertex 0.1385605 0.4264574 0.02633684
      vertex 0.1501063 0.4640705 0.02620474
      vertex 0.1653206 0.4552866 0.02011368
    endloop
  endfacet
  facet normal -0.3399284 0.1243476 -0.9321944
    outer loop
      vertex 0.1524314 0.418449 0.02035044
      vertex 0.179668 0.447003 0.0142274
      vertex 0.1655094 0.4108985 0.01457433
    endloop
  endfacet
  facet normal -0.3237551 0.1072373 -0.940044
    outer loop
      vertex 0.1524314 0.418449 0.02035044
      vertex 0.1653206 0.4552866 0.02011368
      vertex 0.179668 0.447003 0.0142274
    endloop
  endfacet
  facet normal -0.3333803 0.1325461 -0.9334287
    outer loop
      vertex 0.1655094 0.4108985 0.01457433
      vertex 0.192963 0.4393272 0.008805939
      vertex 0.1776286 0.4039014 0.009252294
    endloop
  endfacet
  facet normal -0.3172415 0.1153633 -0.9413019
    outer loop
      vertex 0.1655094 0.4108985 0.01457433
      vertex 0.179668 0.447003 0.0142274
      vertex 0.192963 0.4393272 0.008805939
    endloop
  endfacet
  facet normal -0.3160035 0.1348285 -0.9391289
    outer loop
      vertex 0.1776286 0.4039014 0.009252294
      vertex 0.2049721 0.4323937 0.004142151
      vertex 0.1885802 0.3975786 0.004659495
    endloop
  endfacet
  facet normal -0.2996679 0.1177856 -0.9467448
    outer loop
      vertex 0.1776286 0.4039014 0.009252294
      vertex 0.192963 0.4393272 0.008805939
      vertex 0.2049721 0.4323937 0.004142151
    endloop
  endfacet
  facet normal -0.2840729 0.1283305 -0.9501757
    outer loop
      vertex 0.1885802 0.3975786 0.004659495
      vertex 0.2154743 0.4263303 0.0005021796
      vertex 0.1981658 0.3920443 0.001046227
    endloop
  endfacet
  facet normal -0.2672876 0.1116241 -0.9571298
    outer loop
      vertex 0.1885802 0.3975786 0.004659495
      vertex 0.2049721 0.4323937 0.004142151
      vertex 0.2154743 0.4263303 0.0005021796
    endloop
  endfacet
  facet normal -0.229379 0.1077195 -0.9673581
    outer loop
      vertex 0.1981658 0.3920443 0.001046227
      vertex 0.2242583 0.4212589 -0.001887623
      vertex 0.2061957 0.3874083 -0.001374047
    endloop
  endfacet
  facet normal -0.2118786 0.09152264 -0.9730011
    outer loop
      vertex 0.1981658 0.3920443 0.001046227
      vertex 0.2154743 0.4263303 0.0005021796
      vertex 0.2242583 0.4212589 -0.001887623
    endloop
  endfacet
  facet normal -0.1311097 0.06059564 -0.9895142
    outer loop
      vertex 0.2061957 0.3874083 -0.001374047
      vertex 0.2311274 0.417293 -0.002847406
      vertex 0.2124924 0.3837728 -0.002430987
    endloop
  endfacet
  facet normal -0.1126741 0.04506292 -0.9926096
    outer loop
      vertex 0.2061957 0.3874083 -0.001374047
      vertex 0.2242583 0.4212589 -0.001887623
      vertex 0.2311274 0.417293 -0.002847406
    endloop
  endfacet
  facet normal 0.07014445 -0.04740716 -0.9964097
    outer loop
      vertex 0.2124924 0.3837728 -0.002430987
      vertex 0.2359105 0.4145314 -0.002245848
      vertex 0.2169012 0.3812274 -0.001999515
    endloop
  endfacet
  facet normal 0.08924639 -0.06196449 -0.9940802
    outer loop
      vertex 0.2124924 0.3837728 -0.002430987
      vertex 0.2311274 0.417293 -0.002847406
      vertex 0.2359105 0.4145314 -0.002245848
    endloop
  endfacet
  facet normal 0.506665 -0.2925232 -0.8109999
    outer loop
      vertex 0.2169012 0.3812274 -0.001999515
      vertex 0.238475 0.4130508 0
      vertex 0.2193016 0.3798415 0
    endloop
  endfacet
  facet normal 0.5222621 -0.3039913 -0.7967632
    outer loop
      vertex 0.2169012 0.3812274 -0.001999515
      vertex 0.2359105 0.4145314 -0.002245848
      vertex 0.238475 0.4130508 0
    endloop
  endfacet
  facet normal 0.5 -0.8660254 8.143052E-15
    outer loop
      vertex -0.1992103 0.2143251 0.03623361
      vertex -0.142608 0.2470044 0
      vertex -0.1421769 0.2472533 0.002168588
    endloop
  endfacet
  facet normal 0.5 -0.8660254 -1.134288E-14
    outer loop
      vertex -0.1992103 0.2143251 0.03623361
      vertex -0.1421769 0.2472533 0.002168588
      vertex -0.1431288 0.2467037 0.005349677
    endloop
  endfacet
  facet normal 0.5 -0.8660254 8.388995E-15
    outer loop
      vertex -0.1992103 0.2143251 0.03623361
      vertex -0.1431288 0.2467037 0.005349677
      vertex -0.1454782 0.2453473 0.009437527
    endloop
  endfacet
  facet normal 0.5 -0.8660254 -7.089814E-15
    outer loop
      vertex -0.1992103 0.2143251 0.03623361
      vertex -0.1454782 0.2453473 0.009437527
      vertex -0.1492175 0.2431884 0.01426
    endloop
  endfacet
  facet normal 0.5 -0.8660254 -1.21164E-15
    outer loop
      vertex -0.1992103 0.2143251 0.03623361
      vertex -0.1492175 0.2431884 0.01426
      vertex -0.1543064 0.2402503 0.01959697
    endloop
  endfacet
  facet normal 0.5 -0.8660254 7.717068E-15
    outer loop
      vertex -0.1992103 0.2143251 0.03623361
      vertex -0.1543064 0.2402503 0.01959697
      vertex -0.1606618 0.2365811 0.02520312
    endloop
  endfacet
  facet normal 0.5 -0.8660254 -2.795328E-15
    outer loop
      vertex -0.1992103 0.2143251 0.03623361
      vertex -0.1606618 0.2365811 0.02520312
      vertex -0.1681519 0.2322567 0.03083183
    endloop
  endfacet
  facet normal 0.5 -0.8660254 2.674514E-15
    outer loop
      vertex -0.1992103 0.2143251 0.03623361
      vertex -0.1681519 0.2322567 0.03083183
      vertex -0.1765967 0.227381 0.03625684
    endloop
  endfacet
  facet normal 0.5 -0.8660254 5.368444E-15
    outer loop
      vertex -0.1992103 0.2143251 0.03623361
      vertex -0.1765967 0.227381 0.03625684
      vertex -0.1857306 0.2221076 0.04127478
    endloop
  endfacet
  facet normal 0.5 -0.8660254 6.954518E-16
    outer loop
      vertex -0.1992103 0.2143251 0.03623361
      vertex -0.1857306 0.2221076 0.04127478
      vertex -0.1951785 0.2166528 0.0458794
    endloop
  endfacet
  facet normal 0.5 -0.8660254 1.675062E-15
    outer loop
      vertex -0.1992103 0.2143251 0.03623361
      vertex -0.1951785 0.2166528 0.0458794
      vertex -0.2047614 0.2111202 0.0501076
    endloop
  endfacet
  facet normal 0.5 -0.8660254 1.278842E-15
    outer loop
      vertex -0.1992103 0.2143251 0.03623361
      vertex -0.2047614 0.2111202 0.0501076
      vertex -0.2142169 0.205661 0.05390036
    endloop
  endfacet
  facet normal 0.5 -0.8660254 5.525795E-15
    outer loop
      vertex -0.1992103 0.2143251 0.03623361
      vertex -0.2142169 0.205661 0.05390036
      vertex -0.2232872 0.2004242 0.05721852
    endloop
  endfacet
  facet normal 0.5 -0.8660254 -9.036023E-15
    outer loop
      vertex -0.1992103 0.2143251 0.03623361
      vertex -0.2232872 0.2004242 0.05721852
      vertex -0.2317255 0.1955524 0.06004154
    endloop
  endfacet
  facet normal 0.5 -0.8660254 1.16488E-14
    outer loop
      vertex -0.1992103 0.2143251 0.03623361
      vertex -0.2317255 0.1955524 0.06004154
      vertex -0.2393021 0.1911781 0.06236649
    endloop
  endfacet
  facet normal 0.5 -0.8660254 5.850199E-15
    outer loop
      vertex -0.1992103 0.2143251 0.03623361
      vertex -0.2393021 0.1911781 0.06236649
      vertex -0.2458098 0.1874208 0.06420645
    endloop
  endfacet
  facet normal 0.5 -0.8660254 -4.535832E-15
    outer loop
      vertex -0.1992103 0.2143251 0.03623361
      vertex -0.2458098 0.1874208 0.06420645
      vertex -0.2510697 0.184384 0.06558693
    endloop
  endfacet
  facet normal 0.5 -0.8660254 -2.931774E-15
    outer loop
      vertex -0.1992103 0.2143251 0.03623361
      vertex -0.2510697 0.184384 0.06558693
      vertex -0.2549356 0.182152 0.06654
    endloop
  endfacet
  facet normal 0.5 -0.8660254 3.236181E-14
    outer loop
      vertex -0.1992103 0.2143251 0.03623361
      vertex -0.2549356 0.182152 0.06654
      vertex -0.2572996 0.1807872 0.06709673
    endloop
  endfacet
  facet normal 0.5 -0.8660254 -1.617782E-13
    outer loop
      vertex -0.1992103 0.2143251 0.03623361
      vertex -0.2572996 0.1807872 0.06709673
      vertex -0.2580951 0.1803279 0.06727957
    endloop
  endfacet
  facet normal 0.5 -0.8660254 -1.3968E-14
    outer loop
      vertex -0.1992103 0.2143251 0.03623361
      vertex -0.2580951 0.1803279 0.06727957
      vertex -0.2574798 0.1806831 0.06649856
    endloop
  endfacet
  facet normal 0.5 -0.8660254 2.11753E-14
    outer loop
      vertex -0.1992103 0.2143251 0.03623361
      vertex -0.2574798 0.1806831 0.06649856
      vertex -0.2553347 0.1819216 0.06523222
    endloop
  endfacet
  facet normal 0.5 -0.8660254 0
    outer loop
      vertex -0.1992103 0.2143251 0.03623361
      vertex -0.2553347 0.1819216 0.06523222
      vertex -0.2518278 0.1839463 0.06315374
    endloop
  endfacet
  facet normal 0.5 -0.8660254 8.81235E-14
    outer loop
      vertex -0.1992103 0.2143251 0.03623361
      vertex -0.2518278 0.1839463 0.06315374
      vertex -0.2470587 0.1866998 0.06030877
    endloop
  endfacet
  facet normal 0.5 -0.8660254 -4.03402E-14
    outer loop
      vertex -0.1992103 0.2143251 0.03623361
      vertex -0.2470587 0.1866998 0.06030877
      vertex -0.2411613 0.1901047 0.05675772
    endloop
  endfacet
  facet normal 0.5 -0.8660254 1.356134E-14
    outer loop
      vertex -0.1992103 0.2143251 0.03623361
      vertex -0.2411613 0.1901047 0.05675772
      vertex -0.2342985 0.1940669 0.05257495
    endloop
  endfacet
  facet normal 0.5 -0.8660254 -2.066416E-14
    outer loop
      vertex -0.1992103 0.2143251 0.03623361
      vertex -0.2342985 0.1940669 0.05257495
      vertex -0.2266553 0.1984797 0.04784987
    endloop
  endfacet
  facet normal 0.5 -0.8660254 9.168624E-15
    outer loop
      vertex -0.1992103 0.2143251 0.03623361
      vertex -0.2266553 0.1984797 0.04784987
      vertex -0.218431 0.203228 0.04268975
    endloop
  endfacet
  facet normal 0.5 -0.8660254 -1.302614E-14
    outer loop
      vertex -0.1992103 0.2143251 0.03623361
      vertex -0.218431 0.203228 0.04268975
      vertex -0.2098308 0.2081933 0.03722271
    endloop
  endfacet
  facet normal 0.5 -0.8660254 -2.299133E-15
    outer loop
      vertex -0.1992103 0.2143251 0.03623361
      vertex -0.2098308 0.2081933 0.03722271
      vertex -0.2010581 0.2132582 0.03159905
    endloop
  endfacet
  facet normal 0.5 -0.8660254 -4.033934E-15
    outer loop
      vertex -0.1992103 0.2143251 0.03623361
      vertex -0.2010581 0.2132582 0.03159905
      vertex -0.1923085 0.2183098 0.02598906
    endloop
  endfacet
  facet normal 0.5 -0.8660254 -1.079871E-14
    outer loop
      vertex -0.1992103 0.2143251 0.03623361
      vertex -0.1923085 0.2183098 0.02598906
      vertex -0.1838932 0.2231684 0.0205843
    endloop
  endfacet
  facet normal 0.5 -0.8660254 5.258445E-16
    outer loop
      vertex -0.1992103 0.2143251 0.03623361
      vertex -0.1838932 0.2231684 0.0205843
      vertex -0.17597 0.2277428 0.01540369
    endloop
  endfacet
  facet normal 0.5 -0.8660254 -1.569434E-14
    outer loop
      vertex -0.1992103 0.2143251 0.03623361
      vertex -0.17597 0.2277428 0.01540369
      vertex -0.1686251 0.2319834 0.01062256
    endloop
  endfacet
  facet normal 0.5 -0.8660254 0
    outer loop
      vertex -0.1992103 0.2143251 0.03623361
      vertex -0.1686251 0.2319834 0.01062256
      vertex -0.1619697 0.2358259 0.006441278
    endloop
  endfacet
  facet normal 0.5 -0.8660254 -5.86646E-15
    outer loop
      vertex -0.1992103 0.2143251 0.03623361
      vertex -0.1619697 0.2358259 0.006441278
      vertex -0.1561102 0.2392089 0.003042999
    endloop
  endfacet
  facet normal 0.5 -0.8660254 6.395532E-15
    outer loop
      vertex -0.1992103 0.2143251 0.03623361
      vertex -0.1561102 0.2392089 0.003042999
      vertex -0.1511506 0.2420723 0.0005862766
    endloop
  endfacet
  facet normal 0.5 -0.8660254 -7.555987E-15
    outer loop
      vertex -0.1992103 0.2143251 0.03623361
      vertex -0.1511506 0.2420723 0.0005862766
      vertex -0.1471908 0.2443586 -0.0007994776
    endloop
  endfacet
  facet normal 0.5 -0.8660254 -1.975949E-15
    outer loop
      vertex -0.1992103 0.2143251 0.03623361
      vertex -0.1471908 0.2443586 -0.0007994776
      vertex -0.1443197 0.2460162 -0.001016471
    endloop
  endfacet
  facet normal 0.5 -0.8660254 3.141534E-15
    outer loop
      vertex -0.1992103 0.2143251 0.03623361
      vertex -0.1443197 0.2460162 -0.001016471
      vertex -0.142608 0.2470044 0
    endloop
  endfacet
  facet normal -0.5 0.8660254 5.823976E-15
    outer loop
      vertex -0.3407774 0.3539865 0.04077267
      vertex -0.2383082 0.4131471 0.003715732
      vertex -0.238475 0.4130508 0
    endloop
  endfacet
  facet normal -0.5 0.8660254 -5.408346E-15
    outer loop
      vertex -0.3407774 0.3539865 0.04077267
      vertex -0.2406729 0.4117819 0.008637152
      vertex -0.2383082 0.4131471 0.003715732
    endloop
  endfacet
  facet normal -0.5 0.8660254 1.71425E-15
    outer loop
      vertex -0.3407774 0.3539865 0.04077267
      vertex -0.2455663 0.4089567 0.0145853
      vertex -0.2406729 0.4117819 0.008637152
    endloop
  endfacet
  facet normal -0.5 0.8660254 -6.760923E-15
    outer loop
      vertex -0.3407774 0.3539865 0.04077267
      vertex -0.2529331 0.4047034 0.02127914
      vertex -0.2455663 0.4089567 0.0145853
    endloop
  endfacet
  facet normal -0.5 0.8660254 -5.199446E-15
    outer loop
      vertex -0.3407774 0.3539865 0.04077267
      vertex -0.2626517 0.3990924 0.02836959
      vertex -0.2529331 0.4047034 0.02127914
    endloop
  endfacet
  facet normal -0.5 0.8660254 0
    outer loop
      vertex -0.3407774 0.3539865 0.04077267
      vertex -0.2745236 0.3922382 0.03548039
      vertex -0.2626517 0.3990924 0.02836959
    endloop
  endfacet
  facet normal -0.5 0.8660254 4.998102E-15
    outer loop
      vertex -0.3407774 0.3539865 0.04077267
      vertex -0.28827 0.3843017 0.04224937
      vertex -0.2745236 0.3922382 0.03548039
    endloop
  endfacet
  facet normal -0.5 0.8660254 -5.46524E-16
    outer loop
      vertex -0.3407774 0.3539865 0.04077267
      vertex -0.3035379 0.3754867 0.04836394
      vertex -0.28827 0.3843017 0.04224937
    endloop
  endfacet
  facet normal -0.5 0.8660254 -7.383758E-16
    outer loop
      vertex -0.3407774 0.3539865 0.04077267
      vertex -0.3198387 0.3660755 0.0535779
      vertex -0.3035379 0.3754867 0.04836394
    endloop
  endfacet
  facet normal -0.5 0.8660254 2.35305E-15
    outer loop
      vertex -0.3407774 0.3539865 0.04077267
      vertex -0.3365532 0.3564253 0.05800624
      vertex -0.3198387 0.3660755 0.0535779
    endloop
  endfacet
  facet normal -0.5 0.8660254 1.322611E-15
    outer loop
      vertex -0.3407774 0.3539865 0.04077267
      vertex -0.3533957 0.3467013 0.06176953
      vertex -0.3365532 0.3564253 0.05800624
    endloop
  endfacet
  facet normal -0.5 0.8660254 2.286595E-16
    outer loop
      vertex -0.3407774 0.3539865 0.04077267
      vertex -0.3699194 0.3371614 0.06485814
      vertex -0.3533957 0.3467013 0.06176953
    endloop
  endfacet
  facet normal -0.5 0.8660254 -2.12805E-15
    outer loop
      vertex -0.3407774 0.3539865 0.04077267
      vertex -0.3856897 0.3280564 0.06729376
      vertex -0.3699194 0.3371614 0.06485814
    endloop
  endfacet
  facet normal -0.5 0.8660254 -1.230978E-15
    outer loop
      vertex -0.3407774 0.3539865 0.04077267
      vertex -0.400295 0.319624 0.06912495
      vertex -0.3856897 0.3280564 0.06729376
    endloop
  endfacet
  facet normal -0.5 0.8660254 2.563482E-15
    outer loop
      vertex -0.3407774 0.3539865 0.04077267
      vertex -0.4133563 0.3120831 0.07042362
      vertex -0.400295 0.319624 0.06912495
    endloop
  endfacet
  facet normal -0.5 0.8660254 -1.394703E-15
    outer loop
      vertex -0.3407774 0.3539865 0.04077267
      vertex -0.4245357 0.3056286 0.0712805
      vertex -0.4133563 0.3120831 0.07042362
    endloop
  endfacet
  facet normal -0.5 0.8660254 1.622032E-14
    outer loop
      vertex -0.3407774 0.3539865 0.04077267
      vertex -0.4335446 0.3004273 0.0717974
      vertex -0.4245357 0.3056286 0.0712805
    endloop
  endfacet
  facet normal -0.5 0.8660254 -2.096828E-14
    outer loop
      vertex -0.3407774 0.3539865 0.04077267
      vertex -0.4401507 0.2966133 0.0720759
      vertex -0.4335446 0.3004273 0.0717974
    endloop
  endfacet
  facet normal -0.5 0.8660254 0
    outer loop
      vertex -0.3407774 0.3539865 0.04077267
      vertex -0.4441837 0.2942848 0.07220327
      vertex -0.4401507 0.2966133 0.0720759
    endloop
  endfacet
  facet normal -0.5 0.8660254 3.856836E-14
    outer loop
      vertex -0.3407774 0.3539865 0.04077267
      vertex -0.4455397 0.2935019 0.07223873
      vertex -0.4441837 0.2942848 0.07220327
    endloop
  endfacet
  facet normal -0.5 0.8660254 0
    outer loop
      vertex -0.3407774 0.3539865 0.04077267
      vertex -0.4443307 0.2942 0.07115788
      vertex -0.4455397 0.2935019 0.07223873
    endloop
  endfacet
  facet normal -0.5 0.8660254 -6.057899E-14
    outer loop
      vertex -0.3407774 0.3539865 0.04077267
      vertex -0.4404805 0.2964229 0.06978864
      vertex -0.4443307 0.2942 0.07115788
    endloop
  endfacet
  facet normal -0.5 0.8660254 1.25704E-13
    outer loop
      vertex -0.3407774 0.3539865 0.04077267
      vertex -0.4341838 0.3000583 0.06753662
      vertex -0.4404805 0.2964229 0.06978864
    endloop
  endfacet
  facet normal -0.5 0.8660254 -1.134479E-13
    outer loop
      vertex -0.3407774 0.3539865 0.04077267
      vertex -0.4256162 0.3050048 0.06444376
      vertex -0.4341838 0.3000583 0.06753662
    endloop
  endfacet
  facet normal -0.5 0.8660254 3.366024E-14
    outer loop
      vertex -0.3407774 0.3539865 0.04077267
      vertex -0.4150135 0.3111263 0.06056482
      vertex -0.4256162 0.3050048 0.06444376
    endloop
  endfacet
  facet normal -0.5 0.8660254 -2.327802E-14
    outer loop
      vertex -0.3407774 0.3539865 0.04077267
      vertex -0.4026624 0.3182572 0.05596785
      vertex -0.4150135 0.3111263 0.06056482
    endloop
  endfacet
  facet normal -0.5 0.8660254 -6.568523E-15
    outer loop
      vertex -0.3407774 0.3539865 0.04077267
      vertex -0.3888902 0.3262086 0.05073833
      vertex -0.4026624 0.3182572 0.05596785
    endloop
  endfacet
  facet normal -0.5 0.8660254 1.165773E-14
    outer loop
      vertex -0.3407774 0.3539865 0.04077267
      vertex -0.3740518 0.3347755 0.04498637
      vertex -0.3888902 0.3262086 0.05073833
    endloop
  endfacet
  facet normal -0.5 0.8660254 -2.032669E-15
    outer loop
      vertex -0.3407774 0.3539865 0.04077267
      vertex -0.3585175 0.3437442 0.03885447
      vertex -0.3740518 0.3347755 0.04498637
    endloop
  endfacet
  facet normal -0.5 0.8660254 1.336041E-15
    outer loop
      vertex -0.3407774 0.3539865 0.04077267
      vertex -0.3426599 0.3528996 0.03252221
      vertex -0.3585175 0.3437442 0.03885447
    endloop
  endfacet
  facet normal -0.5 0.8660254 1.504375E-15
    outer loop
      vertex -0.3407774 0.3539865 0.04077267
      vertex -0.3268437 0.3620311 0.02620474
      vertex -0.3426599 0.3528996 0.03252221
    endloop
  endfacet
  facet normal -0.5 0.8660254 5.8354E-15
    outer loop
      vertex -0.3407774 0.3539865 0.04077267
      vertex -0.3116294 0.3708151 0.02011368
      vertex -0.3268437 0.3620311 0.02620474
    endloop
  endfacet
  facet normal -0.5 0.8660254 2.256529E-15
    outer loop
      vertex -0.3407774 0.3539865 0.04077267
      vertex -0.297282 0.3790986 0.0142274
      vertex -0.3116294 0.3708151 0.02011368
    endloop
  endfacet
  facet normal -0.5 0.8660254 1.763884E-14
    outer loop
      vertex -0.3407774 0.3539865 0.04077267
      vertex -0.283987 0.3867744 0.008805939
      vertex -0.297282 0.3790986 0.0142274
    endloop
  endfacet
  facet normal -0.5 0.8660254 -1.577607E-14
    outer loop
      vertex -0.3407774 0.3539865 0.04077267
      vertex -0.2719779 0.3937079 0.004142151
      vertex -0.283987 0.3867744 0.008805939
    endloop
  endfacet
  facet normal -0.5 0.8660254 -1.958011E-14
    outer loop
      vertex -0.3407774 0.3539865 0.04077267
      vertex -0.2614757 0.3997714 0.0005021796
      vertex -0.2719779 0.3937079 0.004142151
    endloop
  endfacet
  facet normal -0.5 0.8660254 1.372241E-14
    outer loop
      vertex -0.3407774 0.3539865 0.04077267
      vertex -0.2526917 0.4048428 -0.001887623
      vertex -0.2614757 0.3997714 0.0005021796
    endloop
  endfacet
  facet normal -0.5 0.8660254 -3.602735E-15
    outer loop
      vertex -0.3407774 0.3539865 0.04077267
      vertex -0.2458226 0.4088087 -0.002847406
      vertex -0.2526917 0.4048428 -0.001887623
    endloop
  endfacet
  facet normal -0.5 0.8660254 2.261144E-14
    outer loop
      vertex -0.3407774 0.3539865 0.04077267
      vertex -0.2410395 0.4115702 -0.002245848
      vertex -0.2458226 0.4088087 -0.002847406
    endloop
  endfacet
  facet normal -0.5 0.8660254 -6.740551E-15
    outer loop
      vertex -0.3407774 0.3539865 0.04077267
      vertex -0.238475 0.4130508 0
      vertex -0.2410395 0.4115702 -0.002245848
    endloop
  endfacet
  facet normal 0.8424653 0.4900977 -0.2237329
    outer loop
      vertex -0.142608 0.2470044 0
      vertex -0.1613967 0.2804358 0.002484727
      vertex -0.1421769 0.2472533 0.002168588
    endloop
  endfacet
  facet normal 0.8525036 0.4921932 -0.1760213
    outer loop
      vertex -0.142608 0.2470044 0
      vertex -0.1617814 0.2802137 0
      vertex -0.1613967 0.2804358 0.002484727
    endloop
  endfacet
  facet normal 0.8167971 0.4755888 0.3265851
    outer loop
      vertex -0.1421769 0.2472533 0.002168588
      vertex -0.1626274 0.2797252 0.006028525
      vertex -0.1431288 0.2467037 0.005349677
    endloop
  endfacet
  facet normal 0.804685 0.4625372 0.3722115
    outer loop
      vertex -0.1421769 0.2472533 0.002168588
      vertex -0.1613967 0.2804358 0.002484727
      vertex -0.1626274 0.2797252 0.006028525
    endloop
  endfacet
  facet normal 0.7188629 0.4213125 0.5529303
    outer loop
      vertex -0.1431288 0.2467037 0.005349677
      vertex -0.165485 0.2780754 0.01051066
      vertex -0.1454782 0.2453473 0.009437527
    endloop
  endfacet
  facet normal 0.6987267 0.4003969 0.5928435
    outer loop
      vertex -0.1431288 0.2467037 0.005349677
      vertex -0.1626274 0.2797252 0.006028525
      vertex -0.165485 0.2780754 0.01051066
    endloop
  endfacet
  facet normal 0.6404995 0.3805902 0.6670169
    outer loop
      vertex -0.1454782 0.2453473 0.009437527
      vertex -0.1699526 0.275496 0.01573657
      vertex -0.1492175 0.2431884 0.01426
    endloop
  endfacet
  facet normal 0.6172153 0.35427 0.7025226
    outer loop
      vertex -0.1454782 0.2453473 0.009437527
      vertex -0.165485 0.2780754 0.01051066
      vertex -0.1699526 0.275496 0.01573657
    endloop
  endfacet
  facet normal 0.5749169 0.3487232 0.7401775
    outer loop
      vertex -0.1492175 0.2431884 0.01426
      vertex -0.1759742 0.2720195 0.02145938
      vertex -0.1543064 0.2402503 0.01959697
    endloop
  endfacet
  facet normal 0.5502741 0.3178801 0.772108
    outer loop
      vertex -0.1492175 0.2431884 0.01426
      vertex -0.1699526 0.275496 0.01573657
      vertex -0.1759742 0.2720195 0.02145938
    endloop
  endfacet
  facet normal 0.5154731 0.3210467 0.7944913
    outer loop
      vertex -0.1543064 0.2402503 0.01959697
      vertex -0.1834436 0.267707 0.02740644
      vertex -0.1606618 0.2365811 0.02520312
    endloop
  endfacet
  facet normal 0.4902767 0.2861248 0.8232626
    outer loop
      vertex -0.1543064 0.2402503 0.01959697
      vertex -0.1759742 0.2720195 0.02145938
      vertex -0.1834436 0.267707 0.02740644
    endloop
  endfacet
  facet normal 0.4592457 0.2951263 0.8378507
    outer loop
      vertex -0.1606618 0.2365811 0.02520312
      vertex -0.1921998 0.2626516 0.03330671
      vertex -0.1681519 0.2322567 0.03083183
    endloop
  endfacet
  facet normal 0.4339164 0.2564557 0.8636823
    outer loop
      vertex -0.1606618 0.2365811 0.02520312
      vertex -0.1834436 0.267707 0.02740644
      vertex -0.1921998 0.2626516 0.03330671
    endloop
  endfacet
  facet normal 0.40532 0.2698283 0.8734463
    outer loop
      vertex -0.1681519 0.2322567 0.03083183
      vertex -0.2020282 0.2569772 0.03891527
      vertex -0.1765967 0.227381 0.03625684
    endloop
  endfacet
  facet normal 0.3800946 0.2277299 0.8964749
    outer loop
      vertex -0.1681519 0.2322567 0.03083183
      vertex -0.1921998 0.2626516 0.03330671
      vertex -0.2020282 0.2569772 0.03891527
    endloop
  endfacet
  facet normal 0.3542587 0.2451282 0.9024483
    outer loop
      vertex -0.1765967 0.227381 0.03625684
      vertex -0.2126178 0.2508633 0.04401864
      vertex -0.1857306 0.2221076 0.04127478
    endloop
  endfacet
  facet normal 0.3292426 0.2000217 0.9228167
    outer loop
      vertex -0.1765967 0.227381 0.03625684
      vertex -0.2020282 0.2569772 0.03891527
      vertex -0.2126178 0.2508633 0.04401864
    endloop
  endfacet
  facet normal 0.3157607 0.230131 0.9205079
    outer loop
      vertex -0.1857306 0.2221076 0.04127478
      vertex -0.2235435 0.2445553 0.04863366
      vertex -0.1951785 0.2166528 0.0458794
    endloop
  endfacet
  facet normal 0.2911957 0.1826692 0.9390618
    outer loop
      vertex -0.1857306 0.2221076 0.04127478
      vertex -0.2126178 0.2508633 0.04401864
      vertex -0.2235435 0.2445553 0.04863366
    endloop
  endfacet
  facet normal 0.2844026 0.2204362 0.9330182
    outer loop
      vertex -0.1951785 0.2166528 0.0458794
      vertex -0.2346041 0.2381695 0.05281354
      vertex -0.2047614 0.2111202 0.0501076
    endloop
  endfacet
  facet normal 0.2604163 0.1709341 0.9502446
    outer loop
      vertex -0.1951785 0.2166528 0.0458794
      vertex -0.2235435 0.2445553 0.04863366
      vertex -0.2346041 0.2381695 0.05281354
    endloop
  endfacet
  facet normal 0.256079 0.2117334 0.9431821
    outer loop
      vertex -0.2047614 0.2111202 0.0501076
      vertex -0.2454996 0.231879 0.05650814
      vertex -0.2142169 0.205661 0.05390036
    endloop
  endfacet
  facet normal 0.2325461 0.160602 0.9592337
    outer loop
      vertex -0.2047614 0.2111202 0.0501076
      vertex -0.2346041 0.2381695 0.05281354
      vertex -0.2454996 0.231879 0.05650814
    endloop
  endfacet
  facet normal 0.230567 0.2035627 0.9515257
    outer loop
      vertex -0.2142169 0.205661 0.05390036
      vertex -0.2559359 0.2258536 0.05968955
      vertex -0.2232872 0.2004242 0.05721852
    endloop
  endfacet
  facet normal 0.2073183 0.1512327 0.9665132
    outer loop
      vertex -0.2142169 0.205661 0.05390036
      vertex -0.2454996 0.231879 0.05650814
      vertex -0.2559359 0.2258536 0.05968955
    endloop
  endfacet
  facet normal 0.2077357 0.1955621 0.9584369
    outer loop
      vertex -0.2232872 0.2004242 0.05721852
      vertex -0.2656324 0.2202553 0.0623502
      vertex -0.2317255 0.1955524 0.06004154
    endloop
  endfacet
  facet normal 0.1845717 0.1424774 0.9724369
    outer loop
      vertex -0.2232872 0.2004242 0.05721852
      vertex -0.2559359 0.2258536 0.05968955
      vertex -0.2656324 0.2202553 0.0623502
    endloop
  endfacet
  facet normal 0.1875832 0.1875546 0.9641762
    outer loop
      vertex -0.2317255 0.1955524 0.06004154
      vertex -0.2743286 0.2152345 0.06450145
      vertex -0.2393021 0.1911781 0.06236649
    endloop
  endfacet
  facet normal 0.164287 0.1341672 0.9772456
    outer loop
      vertex -0.2317255 0.1955524 0.06004154
      vertex -0.2656324 0.2202553 0.0623502
      vertex -0.2743286 0.2152345 0.06450145
    endloop
  endfacet
  facet normal 0.170244 0.1796063 0.9688955
    outer loop
      vertex -0.2393021 0.1911781 0.06236649
      vertex -0.2817905 0.2109264 0.06617132
      vertex -0.2458098 0.1874208 0.06420645
    endloop
  endfacet
  facet normal 0.1465926 0.1263705 0.9810918
    outer loop
      vertex -0.2393021 0.1911781 0.06236649
      vertex -0.2743286 0.2152345 0.06450145
      vertex -0.2817905 0.2109264 0.06617132
    endloop
  endfacet
  facet normal 0.1559635 0.1720284 0.9726673
    outer loop
      vertex -0.2458098 0.1874208 0.06420645
      vertex -0.2878165 0.2074473 0.06740013
      vertex -0.2510697 0.184384 0.06558693
    endloop
  endfacet
  facet normal 0.1317377 0.1193952 0.9840681
    outer loop
      vertex -0.2458098 0.1874208 0.06420645
      vertex -0.2817905 0.2109264 0.06617132
      vertex -0.2878165 0.2074473 0.06740013
    endloop
  endfacet
  facet normal 0.1450478 0.1653154 0.9755162
    outer loop
      vertex -0.2510697 0.184384 0.06558693
      vertex -0.2922426 0.2048919 0.06823352
      vertex -0.2549356 0.182152 0.06654
    endloop
  endfacet
  facet normal 0.1200395 0.1137238 0.986234
    outer loop
      vertex -0.2510697 0.184384 0.06558693
      vertex -0.2878165 0.2074473 0.06740013
      vertex -0.2922426 0.2048919 0.06823352
    endloop
  endfacet
  facet normal 0.1377997 0.1600297 0.9774465
    outer loop
      vertex -0.2549356 0.182152 0.06654
      vertex -0.2949479 0.20333 0.0687136
      vertex -0.2572996 0.1807872 0.06709673
    endloop
  endfacet
  facet normal 0.1118179 0.1098959 0.9876334
    outer loop
      vertex -0.2549356 0.182152 0.06654
      vertex -0.2922426 0.2048919 0.06823352
      vertex -0.2949479 0.20333 0.0687136
    endloop
  endfacet
  facet normal 0.1344564 0.1566627 0.9784571
    outer loop
      vertex -0.2572996 0.1807872 0.06709673
      vertex -0.295858 0.2028046 0.06887005
      vertex -0.2580951 0.1803279 0.06727957
    endloop
  endfacet
  facet normal 0.1073323 0.1083683 0.9882996
    outer loop
      vertex -0.2572996 0.1807872 0.06709673
      vertex -0.2949479 0.20333 0.0687136
      vertex -0.295858 0.2028046 0.06887005
    endloop
  endfacet
  facet normal -0.4184205 -0.6561251 -0.6280319
    outer loop
      vertex -0.2580951 0.1803279 0.06727957
      vertex -0.2951235 0.2032286 0.06802432
      vertex -0.2574798 0.1806831 0.06649856
    endloop
  endfacet
  facet normal -0.4024691 -0.6291312 -0.6649907
    outer loop
      vertex -0.2580951 0.1803279 0.06727957
      vertex -0.295858 0.2028046 0.06887005
      vertex -0.2951235 0.2032286 0.06802432
    endloop
  endfacet
  facet normal -0.2810054 -0.4035991 -0.8707145
    outer loop
      vertex -0.2574798 0.1806831 0.06649856
      vertex -0.2926323 0.2046669 0.06672622
      vertex -0.2553347 0.1819216 0.06523222
    endloop
  endfacet
  facet normal -0.255281 -0.3656642 -0.8950538
    outer loop
      vertex -0.2574798 0.1806831 0.06649856
      vertex -0.2951235 0.2032286 0.06802432
      vertex -0.2926323 0.2046669 0.06672622
    endloop
  endfacet
  facet normal -0.2853551 -0.3998921 -0.8710102
    outer loop
      vertex -0.2553347 0.1819216 0.06523222
      vertex -0.2885592 0.2070185 0.06459472
      vertex -0.2518278 0.1839463 0.06315374
    endloop
  endfacet
  facet normal -0.2579817 -0.3642594 -0.8948522
    outer loop
      vertex -0.2553347 0.1819216 0.06523222
      vertex -0.2926323 0.2046669 0.06672622
      vertex -0.2885592 0.2070185 0.06459472
    endloop
  endfacet
  facet normal -0.2915213 -0.3951536 -0.8711308
    outer loop
      vertex -0.2518278 0.1839463 0.06315374
      vertex -0.2830192 0.210217 0.0616752
      vertex -0.2470587 0.1866998 0.06030877
    endloop
  endfacet
  facet normal -0.2624326 -0.3619317 -0.8945024
    outer loop
      vertex -0.2518278 0.1839463 0.06315374
      vertex -0.2885592 0.2070185 0.06459472
      vertex -0.2830192 0.210217 0.0616752
    endloop
  endfacet
  facet normal -0.2994751 -0.3896127 -0.8709286
    outer loop
      vertex -0.2470587 0.1866998 0.06030877
      vertex -0.276167 0.2141731 0.05802758
      vertex -0.2411613 0.1901047 0.05675772
    endloop
  endfacet
  facet normal -0.2686534 -0.3588635 -0.8938917
    outer loop
      vertex -0.2470587 0.1866998 0.06030877
      vertex -0.2830192 0.210217 0.0616752
      vertex -0.276167 0.2141731 0.05802758
    endloop
  endfacet
  facet normal -0.3090937 -0.3833998 -0.870325
    outer loop
      vertex -0.2411613 0.1901047 0.05675772
      vertex -0.2681907 0.2187783 0.05372571
      vertex -0.2342985 0.1940669 0.05257495
    endloop
  endfacet
  facet normal -0.276568 -0.3551334 -0.8929672
    outer loop
      vertex -0.2411613 0.1901047 0.05675772
      vertex -0.276167 0.2141731 0.05802758
      vertex -0.2681907 0.2187783 0.05372571
    endloop
  endfacet
  facet normal -0.3200964 -0.376472 -0.8693717
    outer loop
      vertex -0.2342985 0.1940669 0.05257495
      vertex -0.2593042 0.2239089 0.04885912
      vertex -0.2266553 0.1984797 0.04784987
    endloop
  endfacet
  facet normal -0.285937 -0.3506402 -0.8917912
    outer loop
      vertex -0.2342985 0.1940669 0.05257495
      vertex -0.2681907 0.2187783 0.05372571
      vertex -0.2593042 0.2239089 0.04885912
    endloop
  endfacet
  facet normal -0.3319853 -0.3685836 -0.8682925
    outer loop
      vertex -0.2266553 0.1984797 0.04784987
      vertex -0.2497384 0.2294317 0.04353663
      vertex -0.218431 0.203228 0.04268975
    endloop
  endfacet
  facet normal -0.2962973 -0.3450743 -0.8905794
    outer loop
      vertex -0.2266553 0.1984797 0.04784987
      vertex -0.2593042 0.2239089 0.04885912
      vertex -0.2497384 0.2294317 0.04353663
    endloop
  endfacet
  facet normal -0.3440073 -0.3593136 -0.867498
    outer loop
      vertex -0.218431 0.203228 0.04268975
      vertex -0.239732 0.2352089 0.03789035
      vertex -0.2098308 0.2081933 0.03722271
    endloop
  endfacet
  facet normal -0.3069224 -0.337947 -0.8897137
    outer loop
      vertex -0.218431 0.203228 0.04268975
      vertex -0.2497384 0.2294317 0.04353663
      vertex -0.239732 0.2352089 0.03789035
    endloop
  endfacet
  facet normal -0.3551478 -0.34814 -0.8675647
    outer loop
      vertex -0.2098308 0.2081933 0.03722271
      vertex -0.2295227 0.2411032 0.0320776
      vertex -0.2010581 0.2132582 0.03159905
    endloop
  endfacet
  facet normal -0.3168147 -0.3286672 -0.8897226
    outer loop
      vertex -0.2098308 0.2081933 0.03722271
      vertex -0.239732 0.2352089 0.03789035
      vertex -0.2295227 0.2411032 0.0320776
    endloop
  endfacet
  facet normal -0.3641547 -0.3345325 -0.8691832
    outer loop
      vertex -0.2010581 0.2132582 0.03159905
      vertex -0.2193402 0.2469821 0.02627887
      vertex -0.1923085 0.2183098 0.02598906
    endloop
  endfacet
  facet normal -0.3247289 -0.3166374 -0.8912305
    outer loop
      vertex -0.2010581 0.2132582 0.03159905
      vertex -0.2295227 0.2411032 0.0320776
      vertex -0.2193402 0.2469821 0.02627887
    endloop
  endfacet
  facet normal -0.3731637 -0.3216895 -0.8702096
    outer loop
      vertex -0.1923085 0.2183098 0.02598906
      vertex -0.2095463 0.2526366 0.02069137
      vertex -0.1838932 0.2231684 0.0205843
    endloop
  endfacet
  facet normal -0.3329942 -0.3049217 -0.8922654
    outer loop
      vertex -0.1923085 0.2183098 0.02598906
      vertex -0.2193402 0.2469821 0.02627887
      vertex -0.2095463 0.2526366 0.02069137
    endloop
  endfacet
  facet normal -0.3862518 -0.3134494 -0.8675016
    outer loop
      vertex -0.1838932 0.2231684 0.0205843
      vertex -0.2003207 0.257963 0.01532647
      vertex -0.17597 0.2277428 0.01540369
    endloop
  endfacet
  facet normal -0.3456467 -0.2976634 -0.8899016
    outer loop
      vertex -0.1838932 0.2231684 0.0205843
      vertex -0.2095463 0.2526366 0.02069137
      vertex -0.2003207 0.257963 0.01532647
    endloop
  endfacet
  facet normal -0.3923306 -0.3005966 -0.8693206
    outer loop
      vertex -0.17597 0.2277428 0.01540369
      vertex -0.1917695 0.2629 0.01037734
      vertex -0.1686251 0.2319834 0.01062256
    endloop
  endfacet
  facet normal -0.351327 -0.2853697 -0.8917026
    outer loop
      vertex -0.17597 0.2277428 0.01540369
      vertex -0.2003207 0.257963 0.01532647
      vertex -0.1917695 0.2629 0.01037734
    endloop
  endfacet
  facet normal -0.3883226 -0.2820509 -0.8772986
    outer loop
      vertex -0.1686251 0.2319834 0.01062256
      vertex -0.1840283 0.2673695 0.006063933
      vertex -0.1619697 0.2358259 0.006441278
    endloop
  endfacet
  facet normal -0.3469291 -0.2668451 -0.8991295
    outer loop
      vertex -0.1686251 0.2319834 0.01062256
      vertex -0.1917695 0.2629 0.01037734
      vertex -0.1840283 0.2673695 0.006063933
    endloop
  endfacet
  facet normal -0.3700014 -0.2561795 -0.8930123
    outer loop
      vertex -0.1619697 0.2358259 0.006441278
      vertex -0.1772263 0.2712966 0.002586998
      vertex -0.1561102 0.2392089 0.003042999
    endloop
  endfacet
  facet normal -0.3281561 -0.2404094 -0.913519
    outer loop
      vertex -0.1619697 0.2358259 0.006441278
      vertex -0.1840283 0.2673695 0.006063933
      vertex -0.1772263 0.2712966 0.002586998
    endloop
  endfacet
  facet normal -0.3288129 -0.2187179 -0.918719
    outer loop
      vertex -0.1561102 0.2392089 0.003042999
      vertex -0.1714891 0.274609 0.0001195502
      vertex -0.1511506 0.2420723 0.0005862766
    endloop
  endfacet
  facet normal -0.2863509 -0.2017512 -0.9366427
    outer loop
      vertex -0.1561102 0.2392089 0.003042999
      vertex -0.1772263 0.2712966 0.002586998
      vertex -0.1714891 0.274609 0.0001195502
    endloop
  endfacet
  facet normal -0.2436829 -0.1579426 -0.9569079
    outer loop
      vertex -0.1511506 0.2420723 0.0005862766
      vertex -0.1669359 0.2772378 -0.001198131
      vertex -0.1471908 0.2443586 -0.0007994776
    endloop
  endfacet
  facet normal -0.2003274 -0.139135 -0.9697991
    outer loop
      vertex -0.1511506 0.2420723 0.0005862766
      vertex -0.1714891 0.274609 0.0001195502
      vertex -0.1669359 0.2772378 -0.001198131
    endloop
  endfacet
  facet normal -0.05320515 -0.03846986 -0.9978423
    outer loop
      vertex -0.1471908 0.2443586 -0.0007994776
      vertex -0.1636723 0.279122 -0.001260917
      vertex -0.1443197 0.2460162 -0.001016471
    endloop
  endfacet
  facet normal -0.009085359 -0.01757851 -0.9998042
    outer loop
      vertex -0.1471908 0.2443586 -0.0007994776
      vertex -0.1669359 0.2772378 -0.001198131
      vertex -0.1636723 0.279122 -0.001260917
    endloop
  endfacet
  facet normal 0.3960857 0.2286802 -0.8892815
    outer loop
      vertex -0.1443197 0.2460162 -0.001016471
      vertex -0.1617814 0.2802137 0
      vertex -0.142608 0.2470044 0
    endloop
  endfacet
  facet normal 0.4345167 0.2476104 -0.8659586
    outer loop
      vertex -0.1443197 0.2460162 -0.001016471
      vertex -0.1636723 0.279122 -0.001260917
      vertex -0.1617814 0.2802137 0
    endloop
  endfacet
  facet normal 0.8510303 0.4947366 -0.1760205
    outer loop
      vertex -0.1617814 0.2802137 0
      vertex -0.1806209 0.3136158 0.002796826
      vertex -0.1613967 0.2804358 0.002484727
    endloop
  endfacet
  facet normal 0.8579097 0.4953144 -0.1365816
    outer loop
      vertex -0.1617814 0.2802137 0
      vertex -0.1809548 0.313423 0
      vertex -0.1806209 0.3136158 0.002796826
    endloop
  endfacet
  facet normal 0.8023776 0.4665292 0.3722106
    outer loop
      vertex -0.1613967 0.2804358 0.002484727
      vertex -0.1821335 0.3127425 0.006693994
      vertex -0.1626274 0.2797252 0.006028525
    endloop
  endfacet
  facet normal 0.7912542 0.4546002 0.4089688
    outer loop
      vertex -0.1613967 0.2804358 0.002484727
      vertex -0.1806209 0.3136158 0.002796826
      vertex -0.1821335 0.3127425 0.006693994
    endloop
  endfacet
  facet normal 0.6952883 0.4063431 0.5928401
    outer loop
      vertex -0.1626274 0.2797252 0.006028525
      vertex -0.1855004 0.3107986 0.01155599
      vertex -0.165485 0.2780754 0.01051066
    endloop
  endfacet
  facet normal 0.6778757 0.3878902 0.6245204
    outer loop
      vertex -0.1626274 0.2797252 0.006028525
      vertex -0.1821335 0.3127425 0.006693994
      vertex -0.1855004 0.3107986 0.01155599
    endloop
  endfacet
  facet normal 0.612576 0.3622684 0.7025043
    outer loop
      vertex -0.165485 0.2780754 0.01051066
      vertex -0.1906957 0.3077991 0.01716622
      vertex -0.1699526 0.275496 0.01573657
    endloop
  endfacet
  facet normal 0.5928285 0.3392789 0.7303726
    outer loop
      vertex -0.165485 0.2780754 0.01051066
      vertex -0.1855004 0.3107986 0.01155599
      vertex -0.1906957 0.3077991 0.01716622
    endloop
  endfacet
  facet normal 0.5444452 0.3278884 0.7720548
    outer loop
      vertex -0.1699526 0.275496 0.01573657
      vertex -0.1976468 0.3037858 0.02325168
      vertex -0.1759742 0.2720195 0.02145938
    endloop
  endfacet
  facet normal 0.5237939 0.3010818 0.7968624
    outer loop
      vertex -0.1699526 0.275496 0.01573657
      vertex -0.1906957 0.3077991 0.01716622
      vertex -0.1976468 0.3037858 0.02325168
    endloop
  endfacet
  facet normal 0.4833189 0.2980267 0.8231543
    outer loop
      vertex -0.1759742 0.2720195 0.02145938
      vertex -0.2062248 0.2988333 0.0295131
      vertex -0.1834436 0.267707 0.02740644
    endloop
  endfacet
  facet normal 0.4623964 0.2677795 0.8452714
    outer loop
      vertex -0.1759742 0.2720195 0.02145938
      vertex -0.1976468 0.3037858 0.02325168
      vertex -0.2062248 0.2988333 0.0295131
    endloop
  endfacet
  facet normal 0.4259289 0.2700828 0.8635044
    outer loop
      vertex -0.1834436 0.267707 0.02740644
      vertex -0.2162391 0.2930516 0.03565589
      vertex -0.1921998 0.2626516 0.03330671
    endloop
  endfacet
  facet normal 0.4050562 0.2366878 0.8831242
    outer loop
      vertex -0.1834436 0.267707 0.02740644
      vertex -0.2062248 0.2988333 0.0295131
      vertex -0.2162391 0.2930516 0.03565589
    endloop
  endfacet
  facet normal 0.3712087 0.2428725 0.8962238
    outer loop
      vertex -0.1921998 0.2626516 0.03330671
      vertex -0.2274404 0.2865845 0.04141737
      vertex -0.2020282 0.2569772 0.03891527
    endloop
  endfacet
  facet normal 0.3505568 0.2066203 0.9134648
    outer loop
      vertex -0.1921998 0.2626516 0.03330671
      vertex -0.2162391 0.2930516 0.03565589
      vertex -0.2274404 0.2865845 0.04141737
    endloop
  endfacet
  facet normal 0.319649 0.2163741 0.9225003
    outer loop
      vertex -0.2020282 0.2569772 0.03891527
      vertex -0.239473 0.2796375 0.04657499
      vertex -0.2126178 0.2508633 0.04401864
    endloop
  endfacet
  facet normal 0.2992772 0.1776461 0.9374833
    outer loop
      vertex -0.2020282 0.2569772 0.03891527
      vertex -0.2274404 0.2865845 0.04141737
      vertex -0.239473 0.2796375 0.04657499
    endloop
  endfacet
  facet normal 0.2811184 0.1998155 0.9386406
    outer loop
      vertex -0.2126178 0.2508633 0.04401864
      vertex -0.2518622 0.2724845 0.05116948
      vertex -0.2235435 0.2445553 0.04863366
    endloop
  endfacet
  facet normal 0.2611747 0.1591719 0.9520778
    outer loop
      vertex -0.2126178 0.2508633 0.04401864
      vertex -0.239473 0.2796375 0.04657499
      vertex -0.2518622 0.2724845 0.05116948
    endloop
  endfacet
  facet normal 0.2499584 0.188687 0.9496936
    outer loop
      vertex -0.2235435 0.2445553 0.04863366
      vertex -0.2643854 0.2652543 0.05527071
      vertex -0.2346041 0.2381695 0.05281354
    endloop
  endfacet
  facet normal 0.2305224 0.1463937 0.9619918
    outer loop
      vertex -0.2235435 0.2445553 0.04863366
      vertex -0.2518622 0.2724845 0.05116948
      vertex -0.2643854 0.2652543 0.05527071
    endloop
  endfacet
  facet normal 0.2219074 0.1786358 0.9585647
    outer loop
      vertex -0.2346041 0.2381695 0.05281354
      vertex -0.2767054 0.2581413 0.05883808
      vertex -0.2454996 0.231879 0.05650814
    endloop
  endfacet
  facet normal 0.202852 0.135062 0.9698502
    outer loop
      vertex -0.2346041 0.2381695 0.05281354
      vertex -0.2643854 0.2652543 0.05527071
      vertex -0.2767054 0.2581413 0.05883808
    endloop
  endfacet
  facet normal 0.1967027 0.1692167 0.9657504
    outer loop
      vertex -0.2454996 0.231879 0.05650814
      vertex -0.2884923 0.2513362 0.06185557
      vertex -0.2559359 0.2258536 0.05968955
    endloop
  endfacet
  facet normal 0.1778667 0.1247482 0.9761154
    outer loop
      vertex -0.2454996 0.231879 0.05650814
      vertex -0.2767054 0.2581413 0.05883808
      vertex -0.2884923 0.2513362 0.06185557
    endloop
  endfacet
  facet normal 0.1741808 0.1600841 0.9716142
    outer loop
      vertex -0.2559359 0.2258536 0.05968955
      vertex -0.2994321 0.2450201 0.06432921
      vertex -0.2656324 0.2202553 0.0623502
    endloop
  endfacet
  facet normal 0.1553808 0.1151174 0.9811242
    outer loop
      vertex -0.2559359 0.2258536 0.05968955
      vertex -0.2884923 0.2513362 0.06185557
      vertex -0.2994321 0.2450201 0.06432921
    endloop
  endfacet
  facet normal 0.1543149 0.1510782 0.9764027
    outer loop
      vertex -0.2656324 0.2202553 0.0623502
      vertex -0.3092344 0.2393607 0.06628509
      vertex -0.2743286 0.2152345 0.06450145
    endloop
  endfacet
  facet normal 0.1353549 0.1060148 0.9851091
    outer loop
      vertex -0.2656324 0.2202553 0.0623502
      vertex -0.2994321 0.2450201 0.06432921
      vertex -0.3092344 0.2393607 0.06628509
    endloop
  endfacet
  facet normal 0.1372218 0.1422821 0.9802683
    outer loop
      vertex -0.2743286 0.2152345 0.06450145
      vertex -0.3176387 0.2345085 0.06776662
      vertex -0.2817905 0.2109264 0.06617132
    endloop
  endfacet
  facet normal 0.1179027 0.0975229 0.9882248
    outer loop
      vertex -0.2743286 0.2152345 0.06450145
      vertex -0.3092344 0.2393607 0.06628509
      vertex -0.3176387 0.2345085 0.06776662
    endloop
  endfacet
  facet normal 0.1231352 0.1340233 0.9832983
    outer loop
      vertex -0.2817905 0.2109264 0.06617132
      vertex -0.3244209 0.2305928 0.06882925
      vertex -0.2878165 0.2074473 0.06740013
    endloop
  endfacet
  facet normal 0.1032625 0.08996189 0.9905775
    outer loop
      vertex -0.2817905 0.2109264 0.06617132
      vertex -0.3176387 0.2345085 0.06776662
      vertex -0.3244209 0.2305928 0.06882925
    endloop
  endfacet
  facet normal 0.112354 0.1268103 0.9855434
    outer loop
      vertex -0.2878165 0.2074473 0.06740013
      vertex -0.3293999 0.2277182 0.06953245
      vertex -0.2922426 0.2048919 0.06823352
    endloop
  endfacet
  facet normal 0.09174328 0.08382459 0.9922483
    outer loop
      vertex -0.2878165 0.2074473 0.06740013
      vertex -0.3244209 0.2305928 0.06882925
      vertex -0.3293999 0.2277182 0.06953245
    endloop
  endfacet
  facet normal 0.1051766 0.1212159 0.9870383
    outer loop
      vertex -0.2922426 0.2048919 0.06823352
      vertex -0.3324419 0.2259619 0.06992951
      vertex -0.2949479 0.20333 0.0687136
    endloop
  endfacet
  facet normal 0.08365917 0.07965848 0.9933054
    outer loop
      vertex -0.2922426 0.2048919 0.06823352
      vertex -0.3293999 0.2277182 0.06953245
      vertex -0.3324419 0.2259619 0.06992951
    endloop
  endfacet
  facet normal 0.1018385 0.1177378 0.9878091
    outer loop
      vertex -0.2949479 0.20333 0.0687136
      vertex -0.3334651 0.2253711 0.07005744
      vertex -0.295858 0.2028046 0.06887005
    endloop
  endfacet
  facet normal 0.07926555 0.07792582 0.9938031
    outer loop
      vertex -0.2949479 0.20333 0.0687136
      vertex -0.3324419 0.2259619 0.06992951
      vertex -0.3334651 0.2253711 0.07005744
    endloop
  endfacet
  facet normal -0.4008292 -0.6307978 -0.6644021
    outer loop
      vertex -0.295858 0.2028046 0.06887005
      vertex -0.3326115 0.225864 0.0691501
      vertex -0.2951235 0.2032286 0.06802432
    endloop
  endfacet
  facet normal -0.3865599 -0.6076982 -0.6937394
    outer loop
      vertex -0.295858 0.2028046 0.06887005
      vertex -0.3334651 0.2253711 0.07005744
      vertex -0.3326115 0.225864 0.0691501
    endloop
  endfacet
  facet normal -0.2531786 -0.3687148 -0.8943992
    outer loop
      vertex -0.2951235 0.2032286 0.06802432
      vertex -0.3297771 0.2275004 0.06782777
      vertex -0.2926323 0.2046669 0.06672622
    endloop
  endfacet
  facet normal -0.2310478 -0.3372654 -0.9126165
    outer loop
      vertex -0.2951235 0.2032286 0.06802432
      vertex -0.3326115 0.225864 0.0691501
      vertex -0.3297771 0.2275004 0.06782777
    endloop
  endfacet
  facet normal -0.2572226 -0.3653641 -0.8946204
    outer loop
      vertex -0.2926323 0.2046669 0.06672622
      vertex -0.3251425 0.2301762 0.06565558
      vertex -0.2885592 0.2070185 0.06459472
    endloop
  endfacet
  facet normal -0.2336263 -0.3360388 -0.9124126
    outer loop
      vertex -0.2926323 0.2046669 0.06672622
      vertex -0.3297771 0.2275004 0.06782777
      vertex -0.3251425 0.2301762 0.06565558
    endloop
  endfacet
  facet normal -0.262983 -0.3611275 -0.8946658
    outer loop
      vertex -0.2885592 0.2070185 0.06459472
      vertex -0.318838 0.2338161 0.06267831
      vertex -0.2830192 0.210217 0.0616752
    endloop
  endfacet
  facet normal -0.2378772 -0.3340044 -0.9120611
    outer loop
      vertex -0.2885592 0.2070185 0.06459472
      vertex -0.3251425 0.2301762 0.06565558
      vertex -0.318838 0.2338161 0.06267831
    endloop
  endfacet
  facet normal -0.2704465 -0.3562303 -0.8944041
    outer loop
      vertex -0.2830192 0.210217 0.0616752
      vertex -0.3110387 0.238319 0.05895496
      vertex -0.276167 0.2141731 0.05802758
    endloop
  endfacet
  facet normal -0.2438294 -0.3313423 -0.9114601
    outer loop
      vertex -0.2830192 0.210217 0.0616752
      vertex -0.318838 0.2338161 0.06267831
      vertex -0.3110387 0.238319 0.05895496
    endloop
  endfacet
  facet normal -0.2795055 -0.3507933 -0.8937677
    outer loop
      vertex -0.276167 0.2141731 0.05802758
      vertex -0.3019579 0.2435618 0.05455837
      vertex -0.2681907 0.2187783 0.05372571
    endloop
  endfacet
  facet normal -0.2514151 -0.3281243 -0.9105629
    outer loop
      vertex -0.276167 0.2141731 0.05802758
      vertex -0.3110387 0.238319 0.05895496
      vertex -0.3019579 0.2435618 0.05455837
    endloop
  endfacet
  facet normal -0.289891 -0.3447562 -0.8928081
    outer loop
      vertex -0.2681907 0.2187783 0.05372571
      vertex -0.2918379 0.2494046 0.04957756
      vertex -0.2593042 0.2239089 0.04885912
    endloop
  endfacet
  facet normal -0.2604011 -0.3242376 -0.9094291
    outer loop
      vertex -0.2681907 0.2187783 0.05372571
      vertex -0.3019579 0.2435618 0.05455837
      vertex -0.2918379 0.2494046 0.04957756
    endloop
  endfacet
  facet normal -0.301112 -0.3378481 -0.8917344
    outer loop
      vertex -0.2593042 0.2239089 0.04885912
      vertex -0.2809411 0.2556958 0.04412227
      vertex -0.2497384 0.2294317 0.04353663
    endloop
  endfacet
  facet normal -0.2703263 -0.3193552 -0.9082598
    outer loop
      vertex -0.2593042 0.2239089 0.04885912
      vertex -0.2918379 0.2494046 0.04957756
      vertex -0.2809411 0.2556958 0.04412227
    endloop
  endfacet
  facet normal -0.3124169 -0.3296153 -0.8909262
    outer loop
      vertex -0.2497384 0.2294317 0.04353663
      vertex -0.2695394 0.2622786 0.03832781
      vertex -0.239732 0.2352089 0.03789035
    endloop
  endfacet
  facet normal -0.2804627 -0.3129664 -0.9074099
    outer loop
      vertex -0.2497384 0.2294317 0.04353663
      vertex -0.2809411 0.2556958 0.04412227
      vertex -0.2695394 0.2622786 0.03832781
    endloop
  endfacet
  facet normal -0.3227877 -0.3194976 -0.8909149
    outer loop
      vertex -0.239732 0.2352089 0.03789035
      vertex -0.2579045 0.2689961 0.03235776
      vertex -0.2295227 0.2411032 0.0320776
    endloop
  endfacet
  facet normal -0.2898075 -0.3044536 -0.9073696
    outer loop
      vertex -0.239732 0.2352089 0.03789035
      vertex -0.2695394 0.2622786 0.03832781
      vertex -0.2579045 0.2689961 0.03235776
    endloop
  endfacet
  facet normal -0.3309659 -0.3069229 -0.8923339
    outer loop
      vertex -0.2295227 0.2411032 0.0320776
      vertex -0.2463001 0.2756959 0.02640199
      vertex -0.2193402 0.2469821 0.02627887
    endloop
  endfacet
  facet normal -0.2971095 -0.2931905 -0.9087163
    outer loop
      vertex -0.2295227 0.2411032 0.0320776
      vertex -0.2579045 0.2689961 0.03235776
      vertex -0.2463001 0.2756959 0.02640199
    endloop
  endfacet
  facet normal -0.3392053 -0.2951111 -0.8932241
    outer loop
      vertex -0.2193402 0.2469821 0.02627887
      vertex -0.235138 0.2821403 0.02066228
      vertex -0.2095463 0.2526366 0.02069137
    endloop
  endfacet
  facet normal -0.3047834 -0.2822655 -0.9096336
    outer loop
      vertex -0.2193402 0.2469821 0.02627887
      vertex -0.2463001 0.2756959 0.02640199
      vertex -0.235138 0.2821403 0.02066228
    endloop
  endfacet
  facet normal -0.3517206 -0.2879611 -0.8907138
    outer loop
      vertex -0.2095463 0.2526366 0.02069137
      vertex -0.2246199 0.2882129 0.01514203
      vertex -0.2003207 0.257963 0.01532647
    endloop
  endfacet
  facet normal -0.3169849 -0.2758509 -0.9074287
    outer loop
      vertex -0.2095463 0.2526366 0.02069137
      vertex -0.235138 0.2821403 0.02066228
      vertex -0.2246199 0.2882129 0.01514203
    endloop
  endfacet
  facet normal -0.3571014 -0.276019 -0.892352
    outer loop
      vertex -0.2003207 0.257963 0.01532647
      vertex -0.2148715 0.2938412 0.0100517
      vertex -0.1917695 0.2629 0.01037734
    endloop
  endfacet
  facet normal -0.3221047 -0.2642831 -0.9090671
    outer loop
      vertex -0.2003207 0.257963 0.01532647
      vertex -0.2246199 0.2882129 0.01514203
      vertex -0.2148715 0.2938412 0.0100517
    endloop
  endfacet
  facet normal -0.3522215 -0.258144 -0.899612
    outer loop
      vertex -0.1917695 0.2629 0.01037734
      vertex -0.2060529 0.2989326 0.005630093
      vertex -0.1840283 0.2673695 0.006063933
    endloop
  endfacet
  facet normal -0.3170005 -0.2463255 -0.915879
    outer loop
      vertex -0.1917695 0.2629 0.01037734
      vertex -0.2148715 0.2938412 0.0100517
      vertex -0.2060529 0.2989326 0.005630093
    endloop
  endfacet
  facet normal -0.3328055 -0.2326467 -0.9138468
    outer loop
      vertex -0.1840283 0.2673695 0.006063933
      vertex -0.1983163 0.3033993 0.002094919
      vertex -0.1772263 0.2712966 0.002586998
    endloop
  endfacet
  facet normal -0.297345 -0.2202556 -0.9290174
    outer loop
      vertex -0.1840283 0.2673695 0.006063933
      vertex -0.2060529 0.2989326 0.005630093
      vertex -0.1983163 0.3033993 0.002094919
    endloop
  endfacet
  facet normal -0.2902223 -0.1951934 -0.9368407
    outer loop
      vertex -0.1772263 0.2712966 0.002586998
      vertex -0.1918089 0.3071563 -0.000366935
      vertex -0.1714891 0.274609 0.0001195502
    endloop
  endfacet
  facet normal -0.254436 -0.1817134 -0.9498645
    outer loop
      vertex -0.1772263 0.2712966 0.002586998
      vertex -0.1983163 0.3033993 0.002094919
      vertex -0.1918089 0.3071563 -0.000366935
    endloop
  endfacet
  facet normal -0.2033219 -0.1339986 -0.9698993
    outer loop
      vertex -0.1714891 0.274609 0.0001195502
      vertex -0.1866692 0.3101238 -0.001604833
      vertex -0.1669359 0.2772378 -0.001198131
    endloop
  endfacet
  facet normal -0.1670659 -0.1189312 -0.9787463
    outer loop
      vertex -0.1714891 0.274609 0.0001195502
      vertex -0.1918089 0.3071563 -0.000366935
      vertex -0.1866692 0.3101238 -0.001604833
    endloop
  endfacet
  facet normal -0.01117816 -0.01395486 -0.9998401
    outer loop
      vertex -0.1669359 0.2772378 -0.001198131
      vertex -0.1830193 0.312231 -0.001506724
      vertex -0.1636723 0.279122 -0.001260917
    endloop
  endfacet
  facet normal 0.02525824 0.002793258 -0.9996771
    outer loop
      vertex -0.1669359 0.2772378 -0.001198131
      vertex -0.1866692 0.3101238 -0.001604833
      vertex -0.1830193 0.312231 -0.001506724
    endloop
  endfacet
  facet normal 0.4331077 0.2500548 -0.8659621
    outer loop
      vertex -0.1636723 0.279122 -0.001260917
      vertex -0.1809548 0.313423 0
      vertex -0.1617814 0.2802137 0
    endloop
  endfacet
  facet normal 0.4640131 0.2648671 -0.8453031
    outer loop
      vertex -0.1636723 0.279122 -0.001260917
      vertex -0.1830193 0.312231 -0.001506724
      vertex -0.1809548 0.313423 0
    endloop
  endfacet
  facet normal 0.8565536 0.4976561 -0.1365811
    outer loop
      vertex -0.1809548 0.313423 0
      vertex -0.1998481 0.346794 0.003105633
      vertex -0.1806209 0.3136158 0.002796826
    endloop
  endfacet
  facet normal 0.8613667 0.4973103 -0.1035848
    outer loop
      vertex -0.1809548 0.313423 0
      vertex -0.2001282 0.3466322 0
      vertex -0.1998481 0.346794 0.003105633
    endloop
  endfacet
  facet normal 0.7891481 0.4582468 0.4089685
    outer loop
      vertex -0.1806209 0.3136158 0.002796826
      vertex -0.2016441 0.3457571 0.007349158
      vertex -0.1821335 0.3127425 0.006693994
    endloop
  endfacet
  facet normal 0.7791208 0.4474248 0.4390692
    outer loop
      vertex -0.1806209 0.3136158 0.002796826
      vertex -0.1998481 0.346794 0.003105633
      vertex -0.2016441 0.3457571 0.007349158
    endloop
  endfacet
  facet normal 0.6747539 0.3932962 0.62452
    outer loop
      vertex -0.1821335 0.3127425 0.006693994
      vertex -0.2055205 0.343519 0.01258045
      vertex -0.1855004 0.3107986 0.01155599
    endloop
  endfacet
  facet normal 0.6597157 0.3769704 0.6501296
    outer loop
      vertex -0.1821335 0.3127425 0.006693994
      vertex -0.2016441 0.3457571 0.007349158
      vertex -0.2055205 0.343519 0.01258045
    endloop
  endfacet
  facet normal 0.5886384 0.3465182 0.7303629
    outer loop
      vertex -0.1855004 0.3107986 0.01155599
      vertex -0.2114416 0.3401004 0.01856121
      vertex -0.1906957 0.3077991 0.01716622
    endloop
  endfacet
  facet normal 0.5718461 0.3263195 0.752667
    outer loop
      vertex -0.1855004 0.3107986 0.01155599
      vertex -0.2055205 0.343519 0.01258045
      vertex -0.2114416 0.3401004 0.01856121
    endloop
  endfacet
  facet normal 0.5185585 0.3100986 0.7968287
    outer loop
      vertex -0.1906957 0.3077991 0.01716622
      vertex -0.2193187 0.3355526 0.02499274
      vertex -0.1976468 0.3037858 0.02325168
    endloop
  endfacet
  facet normal 0.5011755 0.2866242 0.8164984
    outer loop
      vertex -0.1906957 0.3077991 0.01716622
      vertex -0.2114416 0.3401004 0.01856121
      vertex -0.2193187 0.3355526 0.02499274
    endloop
  endfacet
  facet normal 0.4561831 0.2784505 0.8451996
    outer loop
      vertex -0.1976468 0.3037858 0.02325168
      vertex -0.2289997 0.3299633 0.03154973
      vertex -0.2062248 0.2988333 0.0295131
    endloop
  endfacet
  facet normal 0.4387148 0.252025 0.8625617
    outer loop
      vertex -0.1976468 0.3037858 0.02325168
      vertex -0.2193187 0.3355526 0.02499274
      vertex -0.2289997 0.3299633 0.03154973
    endloop
  endfacet
  facet normal 0.3979663 0.2488426 0.8830063
    outer loop
      vertex -0.2062248 0.2988333 0.0295131
      vertex -0.2402645 0.3234596 0.03791463
      vertex -0.2162391 0.2930516 0.03565589
    endloop
  endfacet
  facet normal 0.380661 0.2197286 0.8982297
    outer loop
      vertex -0.2062248 0.2988333 0.0295131
      vertex -0.2289997 0.3299633 0.03154973
      vertex -0.2402645 0.3234596 0.03791463
    endloop
  endfacet
  facet normal 0.3427185 0.220052 0.9133023
    outer loop
      vertex -0.2162391 0.2930516 0.03565589
      vertex -0.2528292 0.3162053 0.04380768
      vertex -0.2274404 0.2865845 0.04141737
    endloop
  endfacet
  facet normal 0.3257001 0.1885151 0.9264888
    outer loop
      vertex -0.2162391 0.2930516 0.03565589
      vertex -0.2402645 0.3234596 0.03791463
      vertex -0.2528292 0.3162053 0.04380768
    endloop
  endfacet
  facet normal 0.2908703 0.1920615 0.937287
    outer loop
      vertex -0.2274404 0.2865845 0.04141737
      vertex -0.2662935 0.3084317 0.04899797
      vertex -0.239473 0.2796375 0.04657499
    endloop
  endfacet
  facet normal 0.2741661 0.1584506 0.9485391
    outer loop
      vertex -0.2274404 0.2865845 0.04141737
      vertex -0.2528292 0.3162053 0.04380768
      vertex -0.2662935 0.3084317 0.04899797
    endloop
  endfacet
  facet normal 0.252408 0.1741866 0.9518137
    outer loop
      vertex -0.239473 0.2796375 0.04657499
      vertex -0.2801342 0.3004408 0.05355068
      vertex -0.2518622 0.2724845 0.05116948
    endloop
  endfacet
  facet normal 0.2361035 0.1389913 0.9617362
    outer loop
      vertex -0.239473 0.2796375 0.04657499
      vertex -0.2662935 0.3084317 0.04899797
      vertex -0.2801342 0.3004408 0.05355068
    endloop
  endfacet
  facet normal 0.2214912 0.1618364 0.9616395
    outer loop
      vertex -0.2518622 0.2724845 0.05116948
      vertex -0.2941072 0.2923735 0.05755247
      vertex -0.2643854 0.2652543 0.05527071
    endloop
  endfacet
  facet normal 0.2056336 0.1252859 0.9705763
    outer loop
      vertex -0.2518622 0.2724845 0.05116948
      vertex -0.2801342 0.3004408 0.05355068
      vertex -0.2941072 0.2923735 0.05755247
    endloop
  endfacet
  facet normal 0.1937385 0.1506314 0.9694202
    outer loop
      vertex -0.2643854 0.2652543 0.05527071
      vertex -0.3078385 0.2844457 0.06097278
      vertex -0.2767054 0.2581413 0.05883808
    endloop
  endfacet
  facet normal 0.1782024 0.1130607 0.977477
    outer loop
      vertex -0.2643854 0.2652543 0.05527071
      vertex -0.2941072 0.2923735 0.05755247
      vertex -0.3078385 0.2844457 0.06097278
    endloop
  endfacet
  facet normal 0.1688546 0.1401413 0.9756273
    outer loop
      vertex -0.2767054 0.2581413 0.05883808
      vertex -0.3209631 0.2768682 0.06380793
      vertex -0.2884923 0.2513362 0.06185557
    endloop
  endfacet
  facet normal 0.1534879 0.1018993 0.9828825
    outer loop
      vertex -0.2767054 0.2581413 0.05883808
      vertex -0.3078385 0.2844457 0.06097278
      vertex -0.3209631 0.2768682 0.06380793
    endloop
  endfacet
  facet normal 0.1466496 0.1300366 0.9806041
    outer loop
      vertex -0.2884923 0.2513362 0.06185557
      vertex -0.3331342 0.2698412 0.06607786
      vertex -0.2994321 0.2450201 0.06432921
    endloop
  endfacet
  facet normal 0.1312831 0.09148046 0.987115
    outer loop
      vertex -0.2884923 0.2513362 0.06185557
      vertex -0.3209631 0.2768682 0.06380793
      vertex -0.3331342 0.2698412 0.06607786
    endloop
  endfacet
  facet normal 0.127076 0.1201737 0.9845862
    outer loop
      vertex -0.2994321 0.2450201 0.06432921
      vertex -0.3440314 0.2635497 0.06782379
      vertex -0.3092344 0.2393607 0.06628509
    endloop
  endfacet
  facet normal 0.1115316 0.08166343 0.9903998
    outer loop
      vertex -0.2994321 0.2450201 0.06432921
      vertex -0.3331342 0.2698412 0.06607786
      vertex -0.3440314 0.2635497 0.06782379
    endloop
  endfacet
  facet normal 0.1102352 0.1106515 0.9877269
    outer loop
      vertex -0.3092344 0.2393607 0.06628509
      vertex -0.3533681 0.2581591 0.06910471
      vertex -0.3176387 0.2345085 0.06776662
    endloop
  endfacet
  facet normal 0.09433368 0.07254398 0.992894
    outer loop
      vertex -0.3092344 0.2393607 0.06628509
      vertex -0.3440314 0.2635497 0.06782379
      vertex -0.3533681 0.2581591 0.06910471
    endloop
  endfacet
  facet normal 0.09635034 0.1018117 0.9901267
    outer loop
      vertex -0.3176387 0.2345085 0.06776662
      vertex -0.3608987 0.2538114 0.06999145
      vertex -0.3244209 0.2305928 0.06882925
    endloop
  endfacet
  facet normal 0.07991714 0.064454 0.9947155
    outer loop
      vertex -0.3176387 0.2345085 0.06776662
      vertex -0.3533681 0.2581591 0.06910471
      vertex -0.3608987 0.2538114 0.06999145
    endloop
  endfacet
  facet normal 0.0857128 0.09417449 0.9918591
    outer loop
      vertex -0.3244209 0.2305928 0.06882925
      vertex -0.3664245 0.250621 0.07055742
      vertex -0.3293999 0.2277182 0.06953245
    endloop
  endfacet
  facet normal 0.06858314 0.05789564 0.9959641
    outer loop
      vertex -0.3244209 0.2305928 0.06882925
      vertex -0.3608987 0.2538114 0.06999145
      vertex -0.3664245 0.250621 0.07055742
    endloop
  endfacet
  facet normal 0.07861619 0.08832069 0.9929849
    outer loop
      vertex -0.3293999 0.2277182 0.06953245
      vertex -0.3697997 0.2486724 0.0708672
      vertex -0.3324419 0.2259619 0.06992951
    endloop
  endfacet
  facet normal 0.06063958 0.05342325 0.996729
    outer loop
      vertex -0.3293999 0.2277182 0.06953245
      vertex -0.3664245 0.250621 0.07055742
      vertex -0.3697997 0.2486724 0.0708672
    endloop
  endfacet
  facet normal 0.07529289 0.08475256 0.9935532
    outer loop
      vertex -0.3324419 0.2259619 0.06992951
      vertex -0.3709347 0.2480171 0.07096519
      vertex -0.3334651 0.2253711 0.07005744
    endloop
  endfacet
  facet normal 0.05633734 0.05150381 0.9970825
    outer loop
      vertex -0.3324419 0.2259619 0.06992951
      vertex -0.3697997 0.2486724 0.0708672
      vertex -0.3709347 0.2480171 0.07096519
    endloop
  endfacet
  facet normal -0.3858026 -0.6084969 -0.6934608
    outer loop
      vertex -0.3334651 0.2253711 0.07005744
      vertex -0.3699623 0.2485785 0.06999849
      vertex -0.3326115 0.225864 0.0691501
    endloop
  endfacet
  facet normal -0.3731188 -0.5886099 -0.7171616
    outer loop
      vertex -0.3334651 0.2253711 0.07005744
      vertex -0.3709347 0.2480171 0.07096519
      vertex -0.3699623 0.2485785 0.06999849
    endloop
  endfacet
  facet normal -0.2301022 -0.3386746 -0.9123335
    outer loop
      vertex -0.3326115 0.225864 0.0691501
      vertex -0.3667873 0.2504116 0.06865715
      vertex -0.3297771 0.2275004 0.06782777
    endloop
  endfacet
  facet normal -0.2109813 -0.3123334 -0.9262477
    outer loop
      vertex -0.3326115 0.225864 0.0691501
      vertex -0.3699623 0.2485785 0.06999849
      vertex -0.3667873 0.2504116 0.06865715
    endloop
  endfacet
  facet normal -0.2338841 -0.3356538 -0.9124882
    outer loop
      vertex -0.3297771 0.2275004 0.06782777
      vertex -0.3615953 0.2534092 0.06645281
      vertex -0.3251425 0.2301762 0.06565558
    endloop
  endfacet
  facet normal -0.213448 -0.3112757 -0.9260386
    outer loop
      vertex -0.3297771 0.2275004 0.06782777
      vertex -0.3667873 0.2504116 0.06865715
      vertex -0.3615953 0.2534092 0.06645281
    endloop
  endfacet
  facet normal -0.2392955 -0.331879 -0.9124659
    outer loop
      vertex -0.3251425 0.2301762 0.06565558
      vertex -0.3545318 0.2574873 0.06342947
      vertex -0.318838 0.2338161 0.06267831
    endloop
  endfacet
  facet normal -0.2175158 -0.3095192 -0.9256807
    outer loop
      vertex -0.3251425 0.2301762 0.06565558
      vertex -0.3615953 0.2534092 0.06645281
      vertex -0.3545318 0.2574873 0.06342947
    endloop
  endfacet
  facet normal -0.246336 -0.3275705 -0.9121492
    outer loop
      vertex -0.318838 0.2338161 0.06267831
      vertex -0.3457925 0.262533 0.05964488
      vertex -0.3110387 0.238319 0.05895496
    endloop
  endfacet
  facet normal -0.2232214 -0.3072406 -0.9250813
    outer loop
      vertex -0.318838 0.2338161 0.06267831
      vertex -0.3545318 0.2574873 0.06342947
      vertex -0.3457925 0.262533 0.05964488
    endloop
  endfacet
  facet normal -0.2549106 -0.3228389 -0.9114799
    outer loop
      vertex -0.3110387 0.238319 0.05895496
      vertex -0.335615 0.2684089 0.05517051
      vertex -0.3019579 0.2435618 0.05455837
    endloop
  endfacet
  facet normal -0.2305046 -0.3045047 -0.9241994
    outer loop
      vertex -0.3110387 0.238319 0.05895496
      vertex -0.3457925 0.262533 0.05964488
      vertex -0.335615 0.2684089 0.05517051
    endloop
  endfacet
  facet normal -0.2647606 -0.3176075 -0.9105094
    outer loop
      vertex -0.3019579 0.2435618 0.05455837
      vertex -0.3242704 0.2749587 0.05009449
      vertex -0.2918379 0.2494046 0.04957756
    endloop
  endfacet
  facet normal -0.2391378 -0.3011874 -0.9230923
    outer loop
      vertex -0.3019579 0.2435618 0.05455837
      vertex -0.335615 0.2684089 0.05517051
      vertex -0.3242704 0.2749587 0.05009449
    endloop
  endfacet
  facet normal -0.2754016 -0.3115827 -0.909434
    outer loop
      vertex -0.2918379 0.2494046 0.04957756
      vertex -0.3120521 0.282013 0.04452696
      vertex -0.2809411 0.2556958 0.04412227
    endloop
  endfacet
  facet normal -0.248663 -0.2969456 -0.921949
    outer loop
      vertex -0.2918379 0.2494046 0.04957756
      vertex -0.3242704 0.2749587 0.05009449
      vertex -0.3120521 0.282013 0.04452696
    endloop
  endfacet
  facet normal -0.286085 -0.3042823 -0.9086075
    outer loop
      vertex -0.2809411 0.2556958 0.04412227
      vertex -0.2992648 0.2893957 0.03860596
      vertex -0.2695394 0.2622786 0.03832781
    endloop
  endfacet
  facet normal -0.2583524 -0.2912484 -0.9211018
    outer loop
      vertex -0.2809411 0.2556958 0.04412227
      vertex -0.3120521 0.282013 0.04452696
      vertex -0.2992648 0.2893957 0.03860596
    endloop
  endfacet
  facet normal -0.2957921 -0.2951135 -0.9085235
    outer loop
      vertex -0.2695394 0.2622786 0.03832781
      vertex -0.2862141 0.2969305 0.03250079
      vertex -0.2579045 0.2689961 0.03235776
    endloop
  endfacet
  facet normal -0.2672011 -0.2834548 -0.9210087
    outer loop
      vertex -0.2695394 0.2622786 0.03832781
      vertex -0.2992648 0.2893957 0.03860596
      vertex -0.2862141 0.2969305 0.03250079
    endloop
  endfacet
  facet normal -0.3032619 -0.2834691 -0.9097678
    outer loop
      vertex -0.2579045 0.2689961 0.03235776
      vertex -0.2731977 0.3044456 0.02641009
      vertex -0.2463001 0.2756959 0.02640199
    endloop
  endfacet
  facet normal -0.2739551 -0.2729131 -0.9222077
    outer loop
      vertex -0.2579045 0.2689961 0.03235776
      vertex -0.2862141 0.2969305 0.03250079
      vertex -0.2731977 0.3044456 0.02641009
    endloop
  endfacet
  facet normal -0.3108399 -0.2725803 -0.9105375
    outer loop
      vertex -0.2463001 0.2756959 0.02640199
      vertex -0.2606771 0.3116743 0.02053944
      vertex -0.235138 0.2821403 0.02066228
    endloop
  endfacet
  facet normal -0.2810969 -0.2627283 -0.9230159
    outer loop
      vertex -0.2463001 0.2756959 0.02640199
      vertex -0.2731977 0.3044456 0.02641009
      vertex -0.2606771 0.3116743 0.02053944
    endloop
  endfacet
  facet normal -0.322846 -0.2663901 -0.9081887
    outer loop
      vertex -0.235138 0.2821403 0.02066228
      vertex -0.2488752 0.3184882 0.01488404
      vertex -0.2246199 0.2882129 0.01514203
    endloop
  endfacet
  facet normal -0.2928772 -0.2570907 -0.9209383
    outer loop
      vertex -0.235138 0.2821403 0.02066228
      vertex -0.2606771 0.3116743 0.02053944
      vertex -0.2488752 0.3184882 0.01488404
    endloop
  endfacet
  facet normal -0.3276286 -0.2552614 -0.9096709
    outer loop
      vertex -0.2246199 0.2882129 0.01514203
      vertex -0.2379378 0.3248029 0.009671187
      vertex -0.2148715 0.2938412 0.0100517
    endloop
  endfacet
  facet normal -0.2974953 -0.2462016 -0.9224323
    outer loop
      vertex -0.2246199 0.2882129 0.01514203
      vertex -0.2488752 0.3184882 0.01488404
      vertex -0.2379378 0.3248029 0.009671187
    endloop
  endfacet
  facet normal -0.3220276 -0.2380056 -0.916325
    outer loop
      vertex -0.2148715 0.2938412 0.0100517
      vertex -0.2280495 0.3305119 0.005158042
      vertex -0.2060529 0.2989326 0.005630093
    endloop
  endfacet
  facet normal -0.2917833 -0.2287909 -0.9287181
    outer loop
      vertex -0.2148715 0.2938412 0.0100517
      vertex -0.2379378 0.3248029 0.009671187
      vertex -0.2280495 0.3305119 0.005158042
    endloop
  endfacet
  facet normal -0.3017354 -0.2128899 -0.9293189
    outer loop
      vertex -0.2060529 0.2989326 0.005630093
      vertex -0.2193854 0.3355141 0.00157879
      vertex -0.1983163 0.3033993 0.002094919
    endloop
  endfacet
  facet normal -0.271394 -0.2031025 -0.9407947
    outer loop
      vertex -0.2060529 0.2989326 0.005630093
      vertex -0.2280495 0.3305119 0.005158042
      vertex -0.2193854 0.3355141 0.00157879
    endloop
  endfacet
  facet normal -0.2580736 -0.1755316 -0.9500456
    outer loop
      vertex -0.1983163 0.3033993 0.002094919
      vertex -0.2121141 0.3397122 -0.0008662367
      vertex -0.1918089 0.3071563 -0.000366935
    endloop
  endfacet
  facet normal -0.2275988 -0.1647409 -0.9597183
    outer loop
      vertex -0.1983163 0.3033993 0.002094919
      vertex -0.2193854 0.3355141 0.00157879
      vertex -0.2121141 0.3397122 -0.0008662367
    endloop
  endfacet
  facet normal -0.1698681 -0.1141155 -0.9788373
    outer loop
      vertex -0.1918089 0.3071563 -0.000366935
      vertex -0.2063935 0.343015 -0.002016413
      vertex -0.1866692 0.3101238 -0.001604833
    endloop
  endfacet
  facet normal -0.1391987 -0.1019253 -0.9850051
    outer loop
      vertex -0.1918089 0.3071563 -0.000366935
      vertex -0.2121141 0.3397122 -0.0008662367
      vertex -0.2063935 0.343015 -0.002016413
    endloop
  endfacet
  facet normal 0.02330555 0.006176907 -0.9997093
    outer loop
      vertex -0.1866692 0.3101238 -0.001604833
      vertex -0.2023622 0.3453425 -0.001753067
      vertex -0.1830193 0.312231 -0.001506724
    endloop
  endfacet
  facet normal 0.05380266 0.01977172 -0.9983558
    outer loop
      vertex -0.1866692 0.3101238 -0.001604833
      vertex -0.2063935 0.343015 -0.002016413
      vertex -0.2023622 0.3453425 -0.001753067
    endloop
  endfacet
  facet normal 0.4627022 0.2671413 -0.845306
    outer loop
      vertex -0.1830193 0.312231 -0.001506724
      vertex -0.2001282 0.3466322 0
      vertex -0.1809548 0.313423 0
    endloop
  endfacet
  facet normal 0.4879955 0.2789222 -0.8270809
    outer loop
      vertex -0.1830193 0.312231 -0.001506724
      vertex -0.2023622 0.3453425 -0.001753067
      vertex -0.2001282 0.3466322 0
    endloop
  endfacet
  facet normal 0.8601133 0.4994752 -0.1035845
    outer loop
      vertex -0.2001282 0.3466322 0
      vertex -0.2190774 0.379971 0.003411769
      vertex -0.1998481 0.346794 0.003105633
    endloop
  endfacet
  facet normal 0.8635432 0.4985669 -0.07565899
    outer loop
      vertex -0.2001282 0.3466322 0
      vertex -0.2193016 0.3798415 0
      vertex -0.2190774 0.379971 0.003411769
    endloop
  endfacet
  facet normal 0.777186 0.4507771 0.4390694
    outer loop
      vertex -0.1998481 0.346794 0.003105633
      vertex -0.2211576 0.37877 0.007996308
      vertex -0.2016441 0.3457571 0.007349158
    endloop
  endfacet
  facet normal 0.7682215 0.4409768 0.4640853
    outer loop
      vertex -0.1998481 0.346794 0.003105633
      vertex -0.2190774 0.379971 0.003411769
      vertex -0.2211576 0.37877 0.007996308
    endloop
  endfacet
  facet normal 0.656859 0.3819231 0.6501315
    outer loop
      vertex -0.2016441 0.3457571 0.007349158
      vertex -0.2255429 0.3762381 0.01358902
      vertex -0.2055205 0.343519 0.01258045
    endloop
  endfacet
  facet normal 0.6438429 0.3674099 0.6711753
    outer loop
      vertex -0.2016441 0.3457571 0.007349158
      vertex -0.2211576 0.37877 0.007996308
      vertex -0.2255429 0.3762381 0.01358902
    endloop
  endfacet
  facet normal 0.5680262 0.3329307 0.7526642
    outer loop
      vertex -0.2055205 0.343519 0.01258045
      vertex -0.2321879 0.3724016 0.01993014
      vertex -0.2114416 0.3401004 0.01856121
    endloop
  endfacet
  facet normal 0.5536789 0.3150618 0.7708279
    outer loop
      vertex -0.2055205 0.343519 0.01258045
      vertex -0.2255429 0.3762381 0.01358902
      vertex -0.2321879 0.3724016 0.01993014
    endloop
  endfacet
  facet normal 0.4964219 0.2948315 0.81648
    outer loop
      vertex -0.2114416 0.3401004 0.01856121
      vertex -0.2409874 0.3673213 0.02669564
      vertex -0.2193187 0.3355526 0.02499274
    endloop
  endfacet
  facet normal 0.4817037 0.2741104 0.8323611
    outer loop
      vertex -0.2114416 0.3401004 0.01856121
      vertex -0.2321879 0.3724016 0.01993014
      vertex -0.2409874 0.3673213 0.02669564
    endloop
  endfacet
  facet normal 0.4330975 0.2617037 0.8625183
    outer loop
      vertex -0.2193187 0.3355526 0.02499274
      vertex -0.2517661 0.3610982 0.03353458
      vertex -0.2289997 0.3299633 0.03154973
    endloop
  endfacet
  facet normal 0.4184177 0.2384146 0.8764047
    outer loop
      vertex -0.2193187 0.3355526 0.02499274
      vertex -0.2409874 0.3673213 0.02669564
      vertex -0.2517661 0.3610982 0.03353458
    endloop
  endfacet
  facet normal 0.3742796 0.230711 0.8981577
    outer loop
      vertex -0.2289997 0.3299633 0.03154973
      vertex -0.2642746 0.3538764 0.04010691
      vertex -0.2402645 0.3234596 0.03791463
    endloop
  endfacet
  facet normal 0.3598325 0.2050915 0.9101967
    outer loop
      vertex -0.2289997 0.3299633 0.03154973
      vertex -0.2517661 0.3610982 0.03353458
      vertex -0.2642746 0.3538764 0.04010691
    endloop
  endfacet
  facet normal 0.3186777 0.2006004 0.926393
    outer loop
      vertex -0.2402645 0.3234596 0.03791463
      vertex -0.2781944 0.3458397 0.04611629
      vertex -0.2528292 0.3162053 0.04380768
    endloop
  endfacet
  facet normal 0.304553 0.1728949 0.9366722
    outer loop
      vertex -0.2402645 0.3234596 0.03791463
      vertex -0.2642746 0.3538764 0.04010691
      vertex -0.2781944 0.3458397 0.04611629
    endloop
  endfacet
  facet normal 0.2666715 0.1713597 0.9484314
    outer loop
      vertex -0.2528292 0.3162053 0.04380768
      vertex -0.293081 0.337245 0.05132395
      vertex -0.2662935 0.3084317 0.04899797
    endloop
  endfacet
  facet normal 0.2528746 0.1418896 0.957038
    outer loop
      vertex -0.2528292 0.3162053 0.04380768
      vertex -0.2781944 0.3458397 0.04611629
      vertex -0.293081 0.337245 0.05132395
    endloop
  endfacet
  facet normal 0.228331 0.1523684 0.9615866
    outer loop
      vertex -0.2662935 0.3084317 0.04899797
      vertex -0.3083629 0.328422 0.05581988
      vertex -0.2801342 0.3004408 0.05355068
    endloop
  endfacet
  facet normal 0.2149041 0.1215682 0.9690394
    outer loop
      vertex -0.2662935 0.3084317 0.04899797
      vertex -0.293081 0.337245 0.05132395
      vertex -0.3083629 0.328422 0.05581988
    endloop
  endfacet
  facet normal 0.1976714 0.1389731 0.9703672
    outer loop
      vertex -0.2801342 0.3004408 0.05355068
      vertex -0.323775 0.3195238 0.05970765
      vertex -0.2941072 0.2923735 0.05755247
    endloop
  endfacet
  facet normal 0.1846397 0.107044 0.9769594
    outer loop
      vertex -0.2801342 0.3004408 0.05355068
      vertex -0.3083629 0.328422 0.05581988
      vertex -0.323775 0.3195238 0.05970765
    endloop
  endfacet
  facet normal 0.1702177 0.1267784 0.9772171
    outer loop
      vertex -0.2941072 0.2923735 0.05755247
      vertex -0.338907 0.3107873 0.06296707
      vertex -0.3078385 0.2844457 0.06097278
    endloop
  endfacet
  facet normal 0.1574595 0.09402656 0.9830389
    outer loop
      vertex -0.2941072 0.2923735 0.05755247
      vertex -0.323775 0.3195238 0.05970765
      vertex -0.338907 0.3107873 0.06296707
    endloop
  endfacet
  facet normal 0.1456478 0.1153681 0.9825868
    outer loop
      vertex -0.3078385 0.2844457 0.06097278
      vertex -0.3533588 0.3024436 0.06560702
      vertex -0.3209631 0.2768682 0.06380793
    endloop
  endfacet
  facet normal 0.13302 0.08211165 0.9877061
    outer loop
      vertex -0.3078385 0.2844457 0.06097278
      vertex -0.338907 0.3107873 0.06296707
      vertex -0.3533588 0.3024436 0.06560702
    endloop
  endfacet
  facet normal 0.1237498 0.1044278 0.9868033
    outer loop
      vertex -0.3209631 0.2768682 0.06380793
      vertex -0.3667511 0.2947115 0.06766169
      vertex -0.3331342 0.2698412 0.06607786
    endloop
  endfacet
  facet normal 0.1110957 0.07099105 0.9912709
    outer loop
      vertex -0.3209631 0.2768682 0.06380793
      vertex -0.3533588 0.3024436 0.06560702
      vertex -0.3667511 0.2947115 0.06766169
    endloop
  endfacet
  facet normal 0.1044588 0.09382875 0.9900932
    outer loop
      vertex -0.3331342 0.2698412 0.06607786
      vertex -0.378734 0.2877932 0.06918756
      vertex -0.3440314 0.2635497 0.06782379
    endloop
  endfacet
  facet normal 0.09161562 0.06053715 0.9939526
    outer loop
      vertex -0.3331342 0.2698412 0.06607786
      vertex -0.3667511 0.2947115 0.06766169
      vertex -0.378734 0.2877932 0.06918756
    endloop
  endfacet
  facet normal 0.08786309 0.08368417 0.9926112
    outer loop
      vertex -0.3440314 0.2635497 0.06782379
      vertex -0.3889953 0.2818688 0.07025944
      vertex -0.3533681 0.2581591 0.06910471
    endloop
  endfacet
  facet normal 0.07466789 0.05085807 0.9959107
    outer loop
      vertex -0.3440314 0.2635497 0.06782379
      vertex -0.378734 0.2877932 0.06918756
      vertex -0.3889953 0.2818688 0.07025944
    endloop
  endfacet
  facet normal 0.07417585 0.0743481 0.9944699
    outer loop
      vertex -0.3533681 0.2581591 0.06910471
      vertex -0.3972677 0.2770927 0.0709636
      vertex -0.3608987 0.2538114 0.06999145
    endloop
  endfacet
  facet normal 0.06047082 0.04229626 0.9972734
    outer loop
      vertex -0.3533681 0.2581591 0.06910471
      vertex -0.3889953 0.2818688 0.07025944
      vertex -0.3972677 0.2770927 0.0709636
    endloop
  endfacet
  facet normal 0.06368124 0.06635017 0.9957622
    outer loop
      vertex -0.3608987 0.2538114 0.06999145
      vertex -0.4033357 0.2735894 0.07138753
      vertex -0.3664245 0.250621 0.07055742
    endloop
  endfacet
  facet normal 0.04931784 0.03536219 0.9981569
    outer loop
      vertex -0.3608987 0.2538114 0.06999145
      vertex -0.3972677 0.2770927 0.0709636
      vertex -0.4033357 0.2735894 0.07138753
    endloop
  endfacet
  facet normal 0.05666772 0.06027771 0.9965718
    outer loop
      vertex -0.3664245 0.250621 0.07055742
      vertex -0.4070409 0.2714502 0.07160712
      vertex -0.3697997 0.2486724 0.0708672
    endloop
  endfacet
  facet normal 0.04151067 0.03061616 0.9986689
    outer loop
      vertex -0.3664245 0.250621 0.07055742
      vertex -0.4033357 0.2735894 0.07138753
      vertex -0.4070409 0.2714502 0.07160712
    endloop
  endfacet
  facet normal 0.05336431 0.05663609 0.9969677
    outer loop
      vertex -0.3697997 0.2486724 0.0708672
      vertex -0.4082868 0.2707309 0.07167419
      vertex -0.3709347 0.2480171 0.07096519
    endloop
  endfacet
  facet normal 0.0372956 0.02852913 0.998897
    outer loop
      vertex -0.3697997 0.2486724 0.0708672
      vertex -0.4070409 0.2714502 0.07160712
      vertex -0.4082868 0.2707309 0.07167419
    endloop
  endfacet
  facet normal -0.3728652 -0.588886 -0.7170668
    outer loop
      vertex -0.3709347 0.2480171 0.07096519
      vertex -0.407196 0.2713607 0.07064979
      vertex -0.3699623 0.2485785 0.06999849
    endloop
  endfacet
  facet normal -0.3616006 -0.5716507 -0.7365192
    outer loop
      vertex -0.3709347 0.2480171 0.07096519
      vertex -0.4082868 0.2707309 0.07167419
      vertex -0.407196 0.2713607 0.07064979
    endloop
  endfacet
  facet normal -0.2107245 -0.3127245 -0.9261742
    outer loop
      vertex -0.3699623 0.2485785 0.06999849
      vertex -0.4036824 0.2733892 0.06929315
      vertex -0.3667873 0.2504116 0.06865715
    endloop
  endfacet
  facet normal -0.1941037 -0.290443 -0.9369987
    outer loop
      vertex -0.3699623 0.2485785 0.06999849
      vertex -0.407196 0.2713607 0.07064979
      vertex -0.4036824 0.2733892 0.06929315
    endloop
  endfacet
  facet normal -0.2142813 -0.3100043 -0.9262725
    outer loop
      vertex -0.3667873 0.2504116 0.06865715
      vertex -0.3979366 0.2767066 0.06706276
      vertex -0.3615953 0.2534092 0.06645281
    endloop
  endfacet
  facet normal -0.1964698 -0.289542 -0.9367844
    outer loop
      vertex -0.3667873 0.2504116 0.06865715
      vertex -0.4036824 0.2733892 0.06929315
      vertex -0.3979366 0.2767066 0.06706276
    endloop
  endfacet
  facet normal -0.2193924 -0.3066487 -0.926193
    outer loop
      vertex -0.3615953 0.2534092 0.06645281
      vertex -0.390119 0.28122 0.06400163
      vertex -0.3545318 0.2574873 0.06342947
    endloop
  endfacet
  facet normal -0.2003728 -0.288043 -0.9364197
    outer loop
      vertex -0.3615953 0.2534092 0.06645281
      vertex -0.3979366 0.2767066 0.06706276
      vertex -0.390119 0.28122 0.06400163
    endloop
  endfacet
  facet normal -0.2260679 -0.3028721 -0.9258303
    outer loop
      vertex -0.3545318 0.2574873 0.06342947
      vertex -0.3804454 0.2868051 0.06016611
      vertex -0.3457925 0.262533 0.05964488
    endloop
  endfacet
  facet normal -0.2058561 -0.2861191 -0.93582
    outer loop
      vertex -0.3545318 0.2574873 0.06342947
      vertex -0.390119 0.28122 0.06400163
      vertex -0.3804454 0.2868051 0.06016611
    endloop
  endfacet
  facet normal -0.2342236 -0.2987749 -0.925134
    outer loop
      vertex -0.3457925 0.262533 0.05964488
      vertex -0.3691783 0.2933102 0.05562605
      vertex -0.335615 0.2684089 0.05517051
    endloop
  endfacet
  facet normal -0.2128661 -0.2838282 -0.934949
    outer loop
      vertex -0.3457925 0.262533 0.05964488
      vertex -0.3804454 0.2868051 0.06016611
      vertex -0.3691783 0.2933102 0.05562605
    endloop
  endfacet
  facet normal -0.2436096 -0.2942654 -0.9241549
    outer loop
      vertex -0.335615 0.2684089 0.05517051
      vertex -0.3566167 0.3005626 0.05046835
      vertex -0.3242704 0.2749587 0.05009449
    endloop
  endfacet
  facet normal -0.2211805 -0.2810351 -0.9338621
    outer loop
      vertex -0.335615 0.2684089 0.05517051
      vertex -0.3691783 0.2933102 0.05562605
      vertex -0.3566167 0.3005626 0.05046835
    endloop
  endfacet
  facet normal -0.2537481 -0.2890294 -0.9230785
    outer loop
      vertex -0.3242704 0.2749587 0.05009449
      vertex -0.3430849 0.3083752 0.04480326
      vertex -0.3120521 0.282013 0.04452696
    endloop
  endfacet
  facet normal -0.2303448 -0.2773822 -0.9327381
    outer loop
      vertex -0.3242704 0.2749587 0.05009449
      vertex -0.3566167 0.3005626 0.05046835
      vertex -0.3430849 0.3083752 0.04480326
    endloop
  endfacet
  facet normal -0.2638938 -0.2825603 -0.9222363
    outer loop
      vertex -0.3120521 0.282013 0.04452696
      vertex -0.3289205 0.3165531 0.03877117
      vertex -0.2992648 0.2893957 0.03860596
    endloop
  endfacet
  facet normal -0.2396322 -0.2723203 -0.9318895
    outer loop
      vertex -0.3120521 0.282013 0.04452696
      vertex -0.3430849 0.3083752 0.04480326
      vertex -0.3289205 0.3165531 0.03877117
    endloop
  endfacet
  facet normal -0.2730287 -0.2742371 -0.9220897
    outer loop
      vertex -0.2992648 0.2893957 0.03860596
      vertex -0.3144627 0.3249003 0.03254668
      vertex -0.2862141 0.2969305 0.03250079
    endloop
  endfacet
  facet normal -0.2480377 -0.2651877 -0.9317472
    outer loop
      vertex -0.2992648 0.2893957 0.03860596
      vertex -0.3289205 0.3165531 0.03877117
      vertex -0.3144627 0.3249003 0.03254668
    endloop
  endfacet
  facet normal -0.2798914 -0.2634227 -0.9231843
    outer loop
      vertex -0.2862141 0.2969305 0.03250079
      vertex -0.3000427 0.3332256 0.02633684
      vertex -0.2731977 0.3044456 0.02641009
    endloop
  endfacet
  facet normal -0.2543062 -0.2553103 -0.9328156
    outer loop
      vertex -0.2862141 0.2969305 0.03250079
      vertex -0.3144627 0.3249003 0.03254668
      vertex -0.3000427 0.3332256 0.02633684
    endloop
  endfacet
  facet normal -0.2869006 -0.2533537 -0.9238506
    outer loop
      vertex -0.2731977 0.3044456 0.02641009
      vertex -0.2861718 0.341234 0.02035044
      vertex -0.2606771 0.3116743 0.02053944
    endloop
  endfacet
  facet normal -0.2609748 -0.2458043 -0.9335268
    outer loop
      vertex -0.2731977 0.3044456 0.02641009
      vertex -0.3000427 0.3332256 0.02633684
      vertex -0.2861718 0.341234 0.02035044
    endloop
  endfacet
  facet normal -0.2984577 -0.2480056 -0.9216378
    outer loop
      vertex -0.2606771 0.3116743 0.02053944
      vertex -0.2730938 0.3487846 0.01457433
      vertex -0.2488752 0.3184882 0.01488404
    endloop
  endfacet
  facet normal -0.272371 -0.2408714 -0.9315552
    outer loop
      vertex -0.2606771 0.3116743 0.02053944
      vertex -0.2861718 0.341234 0.02035044
      vertex -0.2730938 0.3487846 0.01457433
    endloop
  endfacet
  facet normal -0.3027268 -0.2375978 -0.9229863
    outer loop
      vertex -0.2488752 0.3184882 0.01488404
      vertex -0.2609746 0.3557816 0.009252294
      vertex -0.2379378 0.3248029 0.009671187
    endloop
  endfacet
  facet normal -0.2765445 -0.2306038 -0.9329228
    outer loop
      vertex -0.2488752 0.3184882 0.01488404
      vertex -0.2730938 0.3487846 0.01457433
      vertex -0.2609746 0.3557816 0.009252294
    endloop
  endfacet
  facet normal -0.2965235 -0.2209033 -0.9291262
    outer loop
      vertex -0.2379378 0.3248029 0.009671187
      vertex -0.2500231 0.3621045 0.004659495
      vertex -0.2280495 0.3305119 0.005158042
    endloop
  endfacet
  facet normal -0.2703087 -0.2137039 -0.9387566
    outer loop
      vertex -0.2379378 0.3248029 0.009671187
      vertex -0.2609746 0.3557816 0.009252294
      vertex -0.2500231 0.3621045 0.004659495
    endloop
  endfacet
  facet normal -0.2755188 -0.1961551 -0.9410699
    outer loop
      vertex -0.2280495 0.3305119 0.005158042
      vertex -0.2404374 0.3676388 0.001046227
      vertex -0.2193854 0.3355141 0.00157879
    endloop
  endfacet
  facet normal -0.2493038 -0.1883887 -0.9499249
    outer loop
      vertex -0.2280495 0.3305119 0.005158042
      vertex -0.2500231 0.3621045 0.004659495
      vertex -0.2404374 0.3676388 0.001046227
    endloop
  endfacet
  facet normal -0.2310059 -0.1589356 -0.9598832
    outer loop
      vertex -0.2193854 0.3355141 0.00157879
      vertex -0.2324076 0.3722748 -0.001374047
      vertex -0.2121141 0.3397122 -0.0008662367
    endloop
  endfacet
  facet normal -0.2047868 -0.1502361 -0.9672081
    outer loop
      vertex -0.2193854 0.3355141 0.00157879
      vertex -0.2404374 0.3676388 0.001046227
      vertex -0.2324076 0.3722748 -0.001374047
    endloop
  endfacet
  facet normal -0.1418168 -0.09741934 -0.9850875
    outer loop
      vertex -0.2121141 0.3397122 -0.0008662367
      vertex -0.2261108 0.3759102 -0.002430987
      vertex -0.2063935 0.343015 -0.002016413
    endloop
  endfacet
  facet normal -0.1155845 -0.08746419 -0.9894394
    outer loop
      vertex -0.2121141 0.3397122 -0.0008662367
      vertex -0.2324076 0.3722748 -0.001374047
      vertex -0.2261108 0.3759102 -0.002430987
    endloop
  endfacet
  facet normal 0.05198152 0.02292931 -0.9983848
    outer loop
      vertex -0.2063935 0.343015 -0.002016413
      vertex -0.221702 0.3784557 -0.001999515
      vertex -0.2023622 0.3453425 -0.001753067
    endloop
  endfacet
  facet normal 0.07782882 0.03409303 -0.9963836
    outer loop
      vertex -0.2063935 0.343015 -0.002016413
      vertex -0.2261108 0.3759102 -0.002430987
      vertex -0.221702 0.3784557 -0.001999515
    endloop
  endfacet
  facet normal 0.4867749 0.2810396 -0.8270834
    outer loop
      vertex -0.2023622 0.3453425 -0.001753067
      vertex -0.2193016 0.3798415 0
      vertex -0.2001282 0.3466322 0
    endloop
  endfacet
  facet normal 0.5078038 0.2905476 -0.8109977
    outer loop
      vertex -0.2023622 0.3453425 -0.001753067
      vertex -0.221702 0.3784557 -0.001999515
      vertex -0.2193016 0.3798415 0
    endloop
  endfacet
  facet normal 0.8623797 0.5005767 -0.07565879
    outer loop
      vertex -0.2193016 0.3798415 0
      vertex -0.2383082 0.4131471 0.003715732
      vertex -0.2190774 0.379971 0.003411769
    endloop
  endfacet
  facet normal 0.864864 0.4993295 -0.05177189
    outer loop
      vertex -0.2193016 0.3798415 0
      vertex -0.238475 0.4130508 0
      vertex -0.2383082 0.4131471 0.003715732
    endloop
  endfacet
  facet normal 0.7664337 0.4440761 0.464086
    outer loop
      vertex -0.2190774 0.379971 0.003411769
      vertex -0.2406729 0.4117819 0.008637152
      vertex -0.2211576 0.37877 0.007996308
    endloop
  endfacet
  facet normal 0.7584429 0.4351909 0.4851527
    outer loop
      vertex -0.2190774 0.379971 0.003411769
      vertex -0.2383082 0.4131471 0.003715732
      vertex -0.2406729 0.4117819 0.008637152
    endloop
  endfacet
  facet normal 0.6412109 0.3719772 0.6711792
    outer loop
      vertex -0.2211576 0.37877 0.007996308
      vertex -0.2455663 0.4089567 0.0145853
      vertex -0.2255429 0.3762381 0.01358902
    endloop
  endfacet
  facet normal 0.6299015 0.3590029 0.6887243
    outer loop
      vertex -0.2211576 0.37877 0.007996308
      vertex -0.2406729 0.4117819 0.008637152
      vertex -0.2455663 0.4089567 0.0145853
    endloop
  endfacet
  facet normal 0.5501695 0.3211446 0.7708305
    outer loop
      vertex -0.2255429 0.3762381 0.01358902
      vertex -0.2529331 0.4047034 0.02127914
      vertex -0.2321879 0.3724016 0.01993014
    endloop
  endfacet
  facet normal 0.5378425 0.3052251 0.7858518
    outer loop
      vertex -0.2255429 0.3762381 0.01358902
      vertex -0.2455663 0.4089567 0.0145853
      vertex -0.2529331 0.4047034 0.02127914
    endloop
  endfacet
  facet normal 0.4773495 0.2816434 0.8323547
    outer loop
      vertex -0.2321879 0.3724016 0.01993014
      vertex -0.2626517 0.3990924 0.02836959
      vertex -0.2409874 0.3673213 0.02669564
    endloop
  endfacet
  facet normal 0.4648081 0.2632092 0.8453842
    outer loop
      vertex -0.2321879 0.3724016 0.01993014
      vertex -0.2529331 0.4047034 0.02127914
      vertex -0.2626517 0.3990924 0.02836959
    endloop
  endfacet
  facet normal 0.4132887 0.2472747 0.8763833
    outer loop
      vertex -0.2409874 0.3673213 0.02669564
      vertex -0.2745236 0.3922382 0.03548039
      vertex -0.2517661 0.3610982 0.03353458
    endloop
  endfacet
  facet normal 0.4008689 0.2265776 0.8876749
    outer loop
      vertex -0.2409874 0.3673213 0.02669564
      vertex -0.2626517 0.3990924 0.02836959
      vertex -0.2745236 0.3922382 0.03548039
    endloop
  endfacet
  facet normal 0.3540254 0.2151162 0.9101599
    outer loop
      vertex -0.2517661 0.3610982 0.03353458
      vertex -0.28827 0.3843017 0.04224937
      vertex -0.2642746 0.3538764 0.04010691
    endloop
  endfacet
  facet normal 0.3418806 0.1923732 0.9198425
    outer loop
      vertex -0.2517661 0.3610982 0.03353458
      vertex -0.2745236 0.3922382 0.03548039
      vertex -0.28827 0.3843017 0.04224937
    endloop
  endfacet
  facet normal 0.2981847 0.1838912 0.9366269
    outer loop
      vertex -0.2642746 0.3538764 0.04010691
      vertex -0.3035379 0.3754867 0.04836394
      vertex -0.2781944 0.3458397 0.04611629
    endloop
  endfacet
  facet normal 0.2863793 0.1593286 0.9447758
    outer loop
      vertex -0.2642746 0.3538764 0.04010691
      vertex -0.28827 0.3843017 0.04224937
      vertex -0.3035379 0.3754867 0.04836394
    endloop
  endfacet
  facet normal 0.2461034 0.1535925 0.9569966
    outer loop
      vertex -0.2781944 0.3458397 0.04611629
      vertex -0.3198387 0.3660755 0.0535779
      vertex -0.293081 0.337245 0.05132395
    endloop
  endfacet
  facet normal 0.2346272 0.1275081 0.9636865
    outer loop
      vertex -0.2781944 0.3458397 0.04611629
      vertex -0.3035379 0.3754867 0.04836394
      vertex -0.3198387 0.3660755 0.0535779
    endloop
  endfacet
  facet normal 0.2079111 0.1336473 0.9689744
    outer loop
      vertex -0.293081 0.337245 0.05132395
      vertex -0.3365532 0.3564253 0.05800624
      vertex -0.3083629 0.328422 0.05581988
    endloop
  endfacet
  facet normal 0.1967764 0.1064313 0.9746545
    outer loop
      vertex -0.293081 0.337245 0.05132395
      vertex -0.3198387 0.3660755 0.0535779
      vertex -0.3365532 0.3564253 0.05800624
    endloop
  endfacet
  facet normal 0.1775068 0.119353 0.9768553
    outer loop
      vertex -0.3083629 0.328422 0.05581988
      vertex -0.3533957 0.3467013 0.06176953
      vertex -0.323775 0.3195238 0.05970765
    endloop
  endfacet
  facet normal 0.1667235 0.09118481 0.9817783
    outer loop
      vertex -0.3083629 0.328422 0.05581988
      vertex -0.3365532 0.3564253 0.05800624
      vertex -0.3533957 0.3467013 0.06176953
    endloop
  endfacet
  facet normal 0.1503409 0.1063054 0.9829022
    outer loop
      vertex -0.323775 0.3195238 0.05970765
      vertex -0.3699194 0.3371614 0.06485814
      vertex -0.338907 0.3107873 0.06296707
    endloop
  endfacet
  facet normal 0.1397917 0.07746677 0.987146
    outer loop
      vertex -0.323775 0.3195238 0.05970765
      vertex -0.3533957 0.3467013 0.06176953
      vertex -0.3699194 0.3371614 0.06485814
    endloop
  endfacet
  facet normal 0.1260689 0.09410121 0.9875483
    outer loop
      vertex -0.338907 0.3107873 0.06296707
      vertex -0.3856897 0.3280564 0.06729376
      vertex -0.3533588 0.3024436 0.06560702
    endloop
  endfacet
  facet normal 0.1156191 0.06488413 0.9911722
    outer loop
      vertex -0.338907 0.3107873 0.06296707
      vertex -0.3699194 0.3371614 0.06485814
      vertex -0.3856897 0.3280564 0.06729376
    endloop
  endfacet
  facet normal 0.1044605 0.08243976 0.9911063
    outer loop
      vertex -0.3533588 0.3024436 0.06560702
      vertex -0.400295 0.319624 0.06912495
      vertex -0.3667511 0.2947115 0.06766169
    endloop
  endfacet
  facet normal 0.09396465 0.0531409 0.9941563
    outer loop
      vertex -0.3533588 0.3024436 0.06560702
      vertex -0.3856897 0.3280564 0.06729376
      vertex -0.400295 0.319624 0.06912495
    endloop
  endfacet
  facet normal 0.08543591 0.07120617 0.9937959
    outer loop
      vertex -0.3667511 0.2947115 0.06766169
      vertex -0.4133563 0.3120831 0.07042362
      vertex -0.378734 0.2877932 0.06918756
    endloop
  endfacet
  facet normal 0.07474416 0.04212167 0.9963127
    outer loop
      vertex -0.3667511 0.2947115 0.06766169
      vertex -0.400295 0.319624 0.06912495
      vertex -0.4133563 0.3120831 0.07042362
    endloop
  endfacet
  facet normal 0.06907175 0.06052611 0.9957739
    outer loop
      vertex -0.378734 0.2877932 0.06918756
      vertex -0.4245357 0.3056286 0.0712805
      vertex -0.3889953 0.2818688 0.07025944
    endloop
  endfacet
  facet normal 0.05803513 0.03194578 0.9978033
    outer loop
      vertex -0.378734 0.2877932 0.06918756
      vertex -0.4133563 0.3120831 0.07042362
      vertex -0.4245357 0.3056286 0.0712805
    endloop
  endfacet
  facet normal 0.05557241 0.05076432 0.9971633
    outer loop
      vertex -0.3889953 0.2818688 0.07025944
      vertex -0.4335446 0.3004273 0.0717974
      vertex -0.3972677 0.2770927 0.0709636
    endloop
  endfacet
  facet normal 0.04404707 0.02296517 0.9987655
    outer loop
      vertex -0.3889953 0.2818688 0.07025944
      vertex -0.4245357 0.3056286 0.0712805
      vertex -0.4335446 0.3004273 0.0717974
    endloop
  endfacet
  facet normal 0.04521512 0.04245835 0.9980746
    outer loop
      vertex -0.3972677 0.2770927 0.0709636
      vertex -0.4401507 0.2966133 0.0720759
      vertex -0.4033357 0.2735894 0.07138753
    endloop
  endfacet
  facet normal 0.03306608 0.01569761 0.9993299
    outer loop
      vertex -0.3972677 0.2770927 0.0709636
      vertex -0.4335446 0.3004273 0.0717974
      vertex -0.4401507 0.2966133 0.0720759
    endloop
  endfacet
  facet normal 0.03828312 0.03620049 0.998611
    outer loop
      vertex -0.4033357 0.2735894 0.07138753
      vertex -0.4441837 0.2942848 0.07220327
      vertex -0.4070409 0.2714502 0.07160712
    endloop
  endfacet
  facet normal 0.02538791 0.01070846 0.9996203
    outer loop
      vertex -0.4033357 0.2735894 0.07138753
      vertex -0.4401507 0.2966133 0.0720759
      vertex -0.4441837 0.2942848 0.07220327
    endloop
  endfacet
  facet normal 0.03500194 0.03249831 0.9988587
    outer loop
      vertex -0.4070409 0.2714502 0.07160712
      vertex -0.4455397 0.2935019 0.07223873
      vertex -0.4082868 0.2707309 0.07167419
    endloop
  endfacet
  facet normal 0.02125435 0.008472046 0.9997382
    outer loop
      vertex -0.4070409 0.2714502 0.07160712
      vertex -0.4441837 0.2942848 0.07220327
      vertex -0.4455397 0.2935019 0.07223873
    endloop
  endfacet
  facet normal -0.3616383 -0.5716085 -0.7365334
    outer loop
      vertex -0.4082868 0.2707309 0.07167419
      vertex -0.4443307 0.2942 0.07115788
      vertex -0.407196 0.2713607 0.07064979
    endloop
  endfacet
  facet normal -0.3516149 -0.5565707 -0.7527258
    outer loop
      vertex -0.4082868 0.2707309 0.07167419
      vertex -0.4455397 0.2935019 0.07223873
      vertex -0.4443307 0.2942 0.07115788
    endloop
  endfacet
  facet normal -0.194264 -0.2901947 -0.9370424
    outer loop
      vertex -0.407196 0.2713607 0.07064979
      vertex -0.4404805 0.2964229 0.06978864
      vertex -0.4036824 0.2733892 0.06929315
    endloop
  endfacet
  facet normal -0.1797193 -0.2711724 -0.9456038
    outer loop
      vertex -0.407196 0.2713607 0.07064979
      vertex -0.4443307 0.2942 0.07115788
      vertex -0.4404805 0.2964229 0.06978864
    endloop
  endfacet
  facet normal -0.1976266 -0.2877465 -0.9370943
    outer loop
      vertex -0.4036824 0.2733892 0.06929315
      vertex -0.4341838 0.3000583 0.06753662
      vertex -0.3979366 0.2767066 0.06706276
    endloop
  endfacet
  facet normal -0.1819953 -0.2704151 -0.9453853
    outer loop
      vertex -0.4036824 0.2733892 0.06929315
      vertex -0.4404805 0.2964229 0.06978864
      vertex -0.4341838 0.3000583 0.06753662
    endloop
  endfacet
  facet normal -0.202478 -0.2847688 -0.9369682
    outer loop
      vertex -0.3979366 0.2767066 0.06706276
      vertex -0.4256162 0.3050048 0.06444376
      vertex -0.390119 0.28122 0.06400163
    endloop
  endfacet
  facet normal -0.185751 -0.2691522 -0.9450152
    outer loop
      vertex -0.3979366 0.2767066 0.06706276
      vertex -0.4341838 0.3000583 0.06753662
      vertex -0.4256162 0.3050048 0.06444376
    endloop
  endfacet
  facet normal -0.2088374 -0.2814698 -0.9365691
    outer loop
      vertex -0.390119 0.28122 0.06400163
      vertex -0.4150135 0.3111263 0.06056482
      vertex -0.3804454 0.2868051 0.06016611
    endloop
  endfacet
  facet normal -0.1910353 -0.2675528 -0.9444157
    outer loop
      vertex -0.390119 0.28122 0.06400163
      vertex -0.4256162 0.3050048 0.06444376
      vertex -0.4150135 0.3111263 0.06056482
    endloop
  endfacet
  facet normal -0.2166295 -0.2779406 -0.9358529
    outer loop
      vertex -0.3804454 0.2868051 0.06016611
      vertex -0.4026624 0.3182572 0.05596785
      vertex -0.3691783 0.2933102 0.05562605
    endloop
  endfacet
  facet normal -0.1978003 -0.2656682 -0.9435547
    outer loop
      vertex -0.3804454 0.2868051 0.06016611
      vertex -0.4150135 0.3111263 0.06056482
      vertex -0.4026624 0.3182572 0.05596785
    endloop
  endfacet
  facet normal -0.2256125 -0.2740753 -0.9348699
    outer loop
      vertex -0.3691783 0.2933102 0.05562605
      vertex -0.3888902 0.3262086 0.05073833
      vertex -0.3566167 0.3005626 0.05046835
    endloop
  endfacet
  facet normal -0.2058289 -0.263353 -0.9424859
    outer loop
      vertex -0.3691783 0.2933102 0.05562605
      vertex -0.4026624 0.3182572 0.05596785
      vertex -0.3888902 0.3262086 0.05073833
    endloop
  endfacet
  facet normal -0.2353142 -0.2695419 -0.9337957
    outer loop
      vertex -0.3566167 0.3005626 0.05046835
      vertex -0.3740518 0.3347755 0.04498637
      vertex -0.3430849 0.3083752 0.04480326
    endloop
  endfacet
  facet normal -0.2146699 -0.2602364 -0.9413787
    outer loop
      vertex -0.3566167 0.3005626 0.05046835
      vertex -0.3888902 0.3262086 0.05073833
      vertex -0.3740518 0.3347755 0.04498637
    endloop
  endfacet
  facet normal -0.2449931 -0.2638118 -0.9329425
    outer loop
      vertex -0.3430849 0.3083752 0.04480326
      vertex -0.3585175 0.3437442 0.03885447
      vertex -0.3289205 0.3165531 0.03877117
    endloop
  endfacet
  facet normal -0.2235983 -0.2557525 -0.9405288
    outer loop
      vertex -0.3430849 0.3083752 0.04480326
      vertex -0.3740518 0.3347755 0.04498637
      vertex -0.3585175 0.3437442 0.03885447
    endloop
  endfacet
  facet normal -0.2536329 -0.25624 -0.932744
    outer loop
      vertex -0.3289205 0.3165531 0.03877117
      vertex -0.3426599 0.3528996 0.03252221
      vertex -0.3144627 0.3249003 0.03254668
    endloop
  endfacet
  facet normal -0.2316096 -0.2492215 -0.9403434
    outer loop
      vertex -0.3289205 0.3165531 0.03877117
      vertex -0.3585175 0.3437442 0.03885447
      vertex -0.3426599 0.3528996 0.03252221
    endloop
  endfacet
  facet normal -0.2599727 -0.2461639 -0.9337117
    outer loop
      vertex -0.3144627 0.3249003 0.03254668
      vertex -0.3268437 0.3620311 0.02620474
      vertex -0.3000427 0.3332256 0.02633684
    endloop
  endfacet
  facet normal -0.237449 -0.2399493 -0.9412982
    outer loop
      vertex -0.3144627 0.3249003 0.03254668
      vertex -0.3426599 0.3528996 0.03252221
      vertex -0.3268437 0.3620311 0.02620474
    endloop
  endfacet
  facet normal -0.2664906 -0.2368214 -0.9342903
    outer loop
      vertex -0.3000427 0.3332256 0.02633684
      vertex -0.3116294 0.3708151 0.02011368
      vertex -0.2861718 0.341234 0.02035044
    endloop
  endfacet
  facet normal -0.2436985 -0.2310598 -0.9419248
    outer loop
      vertex -0.3000427 0.3332256 0.02633684
      vertex -0.3268437 0.3620311 0.02620474
      vertex -0.3116294 0.3708151 0.02011368
    endloop
  endfacet
  facet normal -0.2776524 -0.2322128 -0.9321944
    outer loop
      vertex -0.2861718 0.341234 0.02035044
      vertex -0.297282 0.3790986 0.0142274
      vertex -0.2730938 0.3487846 0.01457433
    endloop
  endfacet
  facet normal -0.2547478 -0.2267615 -0.940044
    outer loop
      vertex -0.2861718 0.341234 0.02035044
      vertex -0.3116294 0.3708151 0.02011368
      vertex -0.297282 0.3790986 0.0142274
    endloop
  endfacet
  facet normal -0.2814784 -0.2224428 -0.9334287
    outer loop
      vertex -0.2730938 0.3487846 0.01457433
      vertex -0.283987 0.3867744 0.008805939
      vertex -0.2609746 0.3557816 0.009252294
    endloop
  endfacet
  facet normal -0.2585282 -0.2170575 -0.9413019
    outer loop
      vertex -0.2730938 0.3487846 0.01457433
      vertex -0.297282 0.3790986 0.0142274
      vertex -0.283987 0.3867744 0.008805939
    endloop
  endfacet
  facet normal -0.2747667 -0.2062529 -0.9391289
    outer loop
      vertex -0.2609746 0.3557816 0.009252294
      vertex -0.2719779 0.3937079 0.004142151
      vertex -0.2500231 0.3621045 0.004659495
    endloop
  endfacet
  facet normal -0.2518392 -0.2006273 -0.9467448
    outer loop
      vertex -0.2609746 0.3557816 0.009252294
      vertex -0.283987 0.3867744 0.008805939
      vertex -0.2719779 0.3937079 0.004142151
    endloop
  endfacet
  facet normal -0.2531739 -0.1818491 -0.9501757
    outer loop
      vertex -0.2500231 0.3621045 0.004659495
      vertex -0.2614757 0.3997714 0.0005021796
      vertex -0.2404374 0.3676388 0.001046227
    endloop
  endfacet
  facet normal -0.2303131 -0.1756658 -0.9571298
    outer loop
      vertex -0.2500231 0.3621045 0.004659495
      vertex -0.2719779 0.3937079 0.004142151
      vertex -0.2614757 0.3997714 0.0005021796
    endloop
  endfacet
  facet normal -0.2079773 -0.1447883 -0.9673581
    outer loop
      vertex -0.2404374 0.3676388 0.001046227
      vertex -0.2526917 0.4048428 -0.001887623
      vertex -0.2324076 0.3722748 -0.001374047
    endloop
  endfacet
  facet normal -0.1852002 -0.137731 -0.9730011
    outer loop
      vertex -0.2404374 0.3676388 0.001046227
      vertex -0.2614757 0.3997714 0.0005021796
      vertex -0.2526917 0.4048428 -0.001887623
    endloop
  endfacet
  facet normal -0.1180322 -0.08324648 -0.9895142
    outer loop
      vertex -0.2324076 0.3722748 -0.001374047
      vertex -0.2458226 0.4088087 -0.002847406
      vertex -0.2261108 0.3759102 -0.002430987
    endloop
  endfacet
  facet normal -0.0953627 -0.07504719 -0.9926096
    outer loop
      vertex -0.2324076 0.3722748 -0.001374047
      vertex -0.2526917 0.4048428 -0.001887623
      vertex -0.2458226 0.4088087 -0.002847406
    endloop
  endfacet
  facet normal 0.07612803 0.0370433 -0.9964097
    outer loop
      vertex -0.2261108 0.3759102 -0.002430987
      vertex -0.2410395 0.4115702 -0.002245848
      vertex -0.221702 0.3784557 -0.001999515
    endloop
  endfacet
  facet normal 0.09828601 0.0463074 -0.9940802
    outer loop
      vertex -0.2261108 0.3759102 -0.002430987
      vertex -0.2458226 0.4088087 -0.002847406
      vertex -0.2410395 0.4115702 -0.002245848
    endloop
  endfacet
  facet normal 0.506665 0.2925232 -0.8109999
    outer loop
      vertex -0.221702 0.3784557 -0.001999515
      vertex -0.238475 0.4130508 0
      vertex -0.2193016 0.3798415 0
    endloop
  endfacet
  facet normal 0.5243952 0.3002966 -0.7967632
    outer loop
      vertex -0.221702 0.3784557 -0.001999515
      vertex -0.2410395 0.4115702 -0.002245848
      vertex -0.238475 0.4130508 0
    endloop
  endfacet
  facet normal 1 3.767238E-15 -8.647815E-16
    outer loop
      vertex -0.2852161 -0.06535865 0.03623361
      vertex -0.2852161 3.49289E-17 0
      vertex -0.2852161 0.0004978064 0.002168588
    endloop
  endfacet
  facet normal 1 5.131763E-15 1.773197E-15
    outer loop
      vertex -0.2852161 -0.06535865 0.03623361
      vertex -0.2852161 0.0004978064 0.002168588
      vertex -0.2852161 -0.000601367 0.005349677
    endloop
  endfacet
  facet normal 1 6.270711E-15 4.161337E-15
    outer loop
      vertex -0.2852161 -0.06535865 0.03623361
      vertex -0.2852161 -0.000601367 0.005349677
      vertex -0.2852161 -0.003314125 0.009437527
    endloop
  endfacet
  facet normal 1 7.293962E-15 6.530605E-15
    outer loop
      vertex -0.2852161 -0.06535865 0.03623361
      vertex -0.2852161 -0.003314125 0.009437527
      vertex -0.2852161 -0.007631898 0.01426
    endloop
  endfacet
  facet normal 1 8.2771E-15 9.113402E-15
    outer loop
      vertex -0.2852161 -0.06535865 0.03623361
      vertex -0.2852161 -0.007631898 0.01426
      vertex -0.2852161 -0.01350811 0.01959697
    endloop
  endfacet
  facet normal 1 9.229444E-15 1.208152E-14
    outer loop
      vertex -0.2852161 -0.06535865 0.03623361
      vertex -0.2852161 -0.01350811 0.01959697
      vertex -0.2852161 -0.02084666 0.02520312
    endloop
  endfacet
  facet normal 1 1.006982E-14 1.547276E-14
    outer loop
      vertex -0.2852161 -0.06535865 0.03623361
      vertex -0.2852161 -0.02084666 0.02520312
      vertex -0.2852161 -0.02949544 0.03083183
    endloop
  endfacet
  facet normal 1 1.061249E-14 1.907561E-14
    outer loop
      vertex -0.2852161 -0.06535865 0.03623361
      vertex -0.2852161 -0.02949544 0.03083183
      vertex -0.2852161 -0.03924672 0.03625684
    endloop
  endfacet
  facet normal 1 1.060962E-14 2.229973E-14
    outer loop
      vertex -0.2852161 -0.06535865 0.03623361
      vertex -0.2852161 -0.03924672 0.03625684
      vertex -0.2852161 -0.04979362 0.04127478
    endloop
  endfacet
  facet normal 1 1.00897E-14 2.390505E-14
    outer loop
      vertex -0.2852161 -0.06535865 0.03623361
      vertex -0.2852161 -0.04979362 0.04127478
      vertex -0.2852161 -0.06070315 0.0458794
    endloop
  endfacet
  facet normal 1 9.283165E-15 2.429432E-14
    outer loop
      vertex -0.2852161 -0.06535865 0.03623361
      vertex -0.2852161 -0.06070315 0.0458794
      vertex -0.2852161 -0.07176847 0.0501076
    endloop
  endfacet
  facet normal 1 8.2779E-15 2.382989E-14
    outer loop
      vertex -0.2852161 -0.06535865 0.03623361
      vertex -0.2852161 -0.07176847 0.0501076
      vertex -0.2852161 -0.0826868 0.05390036
    endloop
  endfacet
  facet normal 1 7.22137E-15 2.27936E-14
    outer loop
      vertex -0.2852161 -0.06535865 0.03623361
      vertex -0.2852161 -0.0826868 0.05390036
      vertex -0.2852161 -0.0931603 0.05721852
    endloop
  endfacet
  facet normal 1 6.219292E-15 2.146601E-14
    outer loop
      vertex -0.2852161 -0.06535865 0.03623361
      vertex -0.2852161 -0.0931603 0.05721852
      vertex -0.2852161 -0.102904 0.06004154
    endloop
  endfacet
  facet normal 1 5.333245E-15 2.006871E-14
    outer loop
      vertex -0.2852161 -0.06535865 0.03623361
      vertex -0.2852161 -0.102904 0.06004154
      vertex -0.2852161 -0.1116526 0.06236649
    endloop
  endfacet
  facet normal 1 4.592705E-15 1.875685E-14
    outer loop
      vertex -0.2852161 -0.06535865 0.03623361
      vertex -0.2852161 -0.1116526 0.06236649
      vertex -0.2852161 -0.1191672 0.06420645
    endloop
  endfacet
  facet normal 1 4.007456E-15 1.763107E-14
    outer loop
      vertex -0.2852161 -0.06535865 0.03623361
      vertex -0.2852161 -0.1191672 0.06420645
      vertex -0.2852161 -0.1252407 0.06558693
    endloop
  endfacet
  facet normal 1 3.576556E-15 1.675201E-14
    outer loop
      vertex -0.2852161 -0.06535865 0.03623361
      vertex -0.2852161 -0.1252407 0.06558693
      vertex -0.2852161 -0.1297047 0.06654
    endloop
  endfacet
  facet normal 1 3.294464E-15 1.615308E-14
    outer loop
      vertex -0.2852161 -0.06535865 0.03623361
      vertex -0.2852161 -0.1297047 0.06654
      vertex -0.2852161 -0.1324344 0.06709673
    endloop
  endfacet
  facet normal 1 3.155236E-15 1.585049E-14
    outer loop
      vertex -0.2852161 -0.06535865 0.03623361
      vertex -0.2852161 -0.1324344 0.06709673
      vertex -0.2852161 -0.1333529 0.06727957
    endloop
  endfacet
  facet normal 1 -6.981847E-15 -6.350901E-15
    outer loop
      vertex -0.2852161 -0.06535865 0.03623361
      vertex -0.2852161 -0.1333529 0.06727957
      vertex -0.2852161 -0.1326425 0.06649856
    endloop
  endfacet
  facet normal 1 -3.432334E-14 -6.713542E-14
    outer loop
      vertex -0.2852161 -0.06535865 0.03623361
      vertex -0.2852161 -0.1326425 0.06649856
      vertex -0.2852161 -0.1301656 0.06523222
    endloop
  endfacet
  facet normal 1 -3.339987E-14 -6.507163E-14
    outer loop
      vertex -0.2852161 -0.06535865 0.03623361
      vertex -0.2852161 -0.1301656 0.06523222
      vertex -0.2852161 -0.1261161 0.06315374
    endloop
  endfacet
  facet normal 1 -3.209076E-14 -6.211702E-14
    outer loop
      vertex -0.2852161 -0.06535865 0.03623361
      vertex -0.2852161 -0.1261161 0.06315374
      vertex -0.2852161 -0.1206092 0.06030877
    endloop
  endfacet
  facet normal 1 -3.056E-14 -5.860404E-14
    outer loop
      vertex -0.2852161 -0.06535865 0.03623361
      vertex -0.2852161 -0.1206092 0.06030877
      vertex -0.2852161 -0.1137995 0.05675772
    endloop
  endfacet
  facet normal 1 -2.904267E-14 -5.502286E-14
    outer loop
      vertex -0.2852161 -0.06535865 0.03623361
      vertex -0.2852161 -0.1137995 0.05675772
      vertex -0.2852161 -0.105875 0.05257495
    endloop
  endfacet
  facet normal 1 -2.777309E-14 -5.18751E-14
    outer loop
      vertex -0.2852161 -0.06535865 0.03623361
      vertex -0.2852161 -0.105875 0.05257495
      vertex -0.2852161 -0.09704941 0.04784987
    endloop
  endfacet
  facet normal 1 -2.691484E-14 -4.953366E-14
    outer loop
      vertex -0.2852161 -0.06535865 0.03623361
      vertex -0.2852161 -0.09704941 0.04784987
      vertex -0.2852161 -0.0875528 0.04268975
    endloop
  endfacet
  facet normal 1 -2.651766E-14 -4.81683E-14
    outer loop
      vertex -0.2852161 -0.06535865 0.03623361
      vertex -0.2852161 -0.0875528 0.04268975
      vertex -0.2852161 -0.07762213 0.03722271
    endloop
  endfacet
  facet normal 1 -2.647968E-14 -4.769742E-14
    outer loop
      vertex -0.2852161 -0.06535865 0.03623361
      vertex -0.2852161 -0.07762213 0.03722271
      vertex -0.2852161 -0.06749233 0.03159905
    endloop
  endfacet
  facet normal 1 -2.648397E-14 -4.769544E-14
    outer loop
      vertex -0.2852161 -0.06535865 0.03623361
      vertex -0.2852161 -0.06749233 0.03159905
      vertex -0.2852161 -0.05738919 0.02598906
    endloop
  endfacet
  facet normal 1 -2.656228E-14 -4.775637E-14
    outer loop
      vertex -0.2852161 -0.06535865 0.03623361
      vertex -0.2852161 -0.05738919 0.02598906
      vertex -0.2852161 -0.04767197 0.0205843
    endloop
  endfacet
  facet normal 1 -2.789576E-14 -4.926345E-14
    outer loop
      vertex -0.2852161 -0.06535865 0.03623361
      vertex -0.2852161 -0.04767197 0.0205843
      vertex -0.2852161 -0.0385231 0.01540369
    endloop
  endfacet
  facet normal 1 -2.744196E-14 -4.867881E-14
    outer loop
      vertex -0.2852161 -0.06535865 0.03623361
      vertex -0.2852161 -0.0385231 0.01540369
      vertex -0.2852161 -0.03004195 0.01062256
    endloop
  endfacet
  facet normal 1 -2.36111E-14 -4.33962E-14
    outer loop
      vertex -0.2852161 -0.06535865 0.03623361
      vertex -0.2852161 -0.03004195 0.01062256
      vertex -0.2852161 -0.02235692 0.006441278
    endloop
  endfacet
  facet normal 1 -1.701194E-14 -3.387109E-14
    outer loop
      vertex -0.2852161 -0.06535865 0.03623361
      vertex -0.2852161 -0.02235692 0.006441278
      vertex -0.2852161 -0.01559088 0.003042999
    endloop
  endfacet
  facet normal 1 -1.005571E-14 -2.344054E-14
    outer loop
      vertex -0.2852161 -0.06535865 0.03623361
      vertex -0.2852161 -0.01559088 0.003042999
      vertex -0.2852161 -0.009864097 0.0005862766
    endloop
  endfacet
  facet normal 1 -4.467516E-15 -1.474103E-14
    outer loop
      vertex -0.2852161 -0.06535865 0.03623361
      vertex -0.2852161 -0.009864097 0.0005862766
      vertex -0.2852161 -0.005291657 -0.0007994776
    endloop
  endfacet
  facet normal 1 -5.488239E-16 -8.384987E-15
    outer loop
      vertex -0.2852161 -0.06535865 0.03623361
      vertex -0.2852161 -0.005291657 -0.0007994776
      vertex -0.2852161 -0.001976405 -0.001016471
    endloop
  endfacet
  facet normal 1 2.043699E-15 -3.973724E-15
    outer loop
      vertex -0.2852161 -0.06535865 0.03623361
      vertex -0.2852161 -0.001976405 -0.001016471
      vertex -0.2852161 3.49289E-17 0
    endloop
  endfacet
  facet normal -1 9.233209E-16 -4.786626E-17
    outer loop
      vertex -0.47695 -0.1181287 0.04077267
      vertex -0.47695 0.0001926288 0.003715732
      vertex -0.47695 5.840953E-17 0
    endloop
  endfacet
  facet normal -1 1.135648E-15 6.300846E-16
    outer loop
      vertex -0.47695 -0.1181287 0.04077267
      vertex -0.47695 -0.002537893 0.008637152
      vertex -0.47695 0.0001926288 0.003715732
    endloop
  endfacet
  facet normal -1 1.305167E-15 1.239841E-15
    outer loop
      vertex -0.47695 -0.1181287 0.04077267
      vertex -0.47695 -0.008188329 0.0145853
      vertex -0.47695 -0.002537893 0.008637152
    endloop
  endfacet
  facet normal -1 1.448209E-15 1.840365E-15
    outer loop
      vertex -0.47695 -0.1181287 0.04077267
      vertex -0.47695 -0.01669477 0.02127914
      vertex -0.47695 -0.008188329 0.0145853
    endloop
  endfacet
  facet normal -1 1.572967E-15 2.489536E-15
    outer loop
      vertex -0.47695 -0.1181287 0.04077267
      vertex -0.47695 -0.02791683 0.02836959
      vertex -0.47695 -0.01669477 0.02127914
    endloop
  endfacet
  facet normal -1 1.674526E-15 3.228211E-15
    outer loop
      vertex -0.47695 -0.1181287 0.04077267
      vertex -0.47695 -0.04162529 0.03548039
      vertex -0.47695 -0.02791683 0.02836959
    endloop
  endfacet
  facet normal -1 1.732201E-15 4.061939E-15
    outer loop
      vertex -0.47695 -0.1181287 0.04077267
      vertex -0.47695 -0.05749826 0.04224937
      vertex -0.47695 -0.04162529 0.03548039
    endloop
  endfacet
  facet normal -1 1.71098E-15 4.933204E-15
    outer loop
      vertex -0.47695 -0.1181287 0.04077267
      vertex -0.47695 -0.07512816 0.04836394
      vertex -0.47695 -0.05749826 0.04224937
    endloop
  endfacet
  facet normal -1 1.576905E-15 5.69267E-15
    outer loop
      vertex -0.47695 -0.1181287 0.04077267
      vertex -0.47695 -0.09395072 0.0535779
      vertex -0.47695 -0.07512816 0.04836394
    endloop
  endfacet
  facet normal -1 1.387992E-15 6.049362E-15
    outer loop
      vertex -0.47695 -0.1181287 0.04077267
      vertex -0.47695 -0.113251 0.05800624
      vertex -0.47695 -0.09395072 0.0535779
    endloop
  endfacet
  facet normal -1 1.181872E-15 6.107701E-15
    outer loop
      vertex -0.47695 -0.1181287 0.04077267
      vertex -0.47695 -0.132699 0.06176953
      vertex -0.47695 -0.113251 0.05800624
    endloop
  endfacet
  facet normal -1 9.64253E-16 5.956689E-15
    outer loop
      vertex -0.47695 -0.1181287 0.04077267
      vertex -0.47695 -0.1517789 0.06485814
      vertex -0.47695 -0.132699 0.06176953
    endloop
  endfacet
  facet normal -1 7.582172E-16 5.668833E-15
    outer loop
      vertex -0.47695 -0.1181287 0.04077267
      vertex -0.47695 -0.1699889 0.06729376
      vertex -0.47695 -0.1517789 0.06485814
    endloop
  endfacet
  facet normal -1 5.77063E-16 5.314598E-15
    outer loop
      vertex -0.47695 -0.1181287 0.04077267
      vertex -0.47695 -0.1868537 0.06912495
      vertex -0.47695 -0.1699889 0.06729376
    endloop
  endfacet
  facet normal -1 4.261295E-16 4.94874E-15
    outer loop
      vertex -0.47695 -0.1181287 0.04077267
      vertex -0.47695 -0.2019355 0.07042362
      vertex -0.47695 -0.1868537 0.06912495
    endloop
  endfacet
  facet normal -1 3.059412E-16 4.609034E-15
    outer loop
      vertex -0.47695 -0.1181287 0.04077267
      vertex -0.47695 -0.2148444 0.0712805
      vertex -0.47695 -0.2019355 0.07042362
    endloop
  endfacet
  facet normal -1 2.146396E-16 4.31959E-15
    outer loop
      vertex -0.47695 -0.1181287 0.04077267
      vertex -0.47695 -0.225247 0.0717974
      vertex -0.47695 -0.2148444 0.0712805
    endloop
  endfacet
  facet normal -1 8.476346E-15 3.284458E-14
    outer loop
      vertex -0.47695 -0.1181287 0.04077267
      vertex -0.47695 -0.2328751 0.0720759
      vertex -0.47695 -0.225247 0.0717974
    endloop
  endfacet
  facet normal -1 5.390762E-17 1.970942E-15
    outer loop
      vertex -0.47695 -0.1181287 0.04077267
      vertex -0.47695 -0.237532 0.07220327
      vertex -0.47695 -0.2328751 0.0720759
    endloop
  endfacet
  facet normal -1 4.376686E-17 1.932418E-15
    outer loop
      vertex -0.47695 -0.1181287 0.04077267
      vertex -0.47695 -0.2390977 0.07223873
      vertex -0.47695 -0.237532 0.07220327
    endloop
  endfacet
  facet normal -1 -6.910561E-16 -8.92557E-16
    outer loop
      vertex -0.47695 -0.1181287 0.04077267
      vertex -0.47695 -0.2377017 0.07115788
      vertex -0.47695 -0.2390977 0.07223873
    endloop
  endfacet
  facet normal -1 -2.654312E-15 -8.618437E-15
    outer loop
      vertex -0.47695 -0.1181287 0.04077267
      vertex -0.47695 -0.2332559 0.06978864
      vertex -0.47695 -0.2377017 0.07115788
    endloop
  endfacet
  facet normal -1 -3.593609E-14 -1.406712E-13
    outer loop
      vertex -0.47695 -0.1181287 0.04077267
      vertex -0.47695 -0.2259851 0.06753662
      vertex -0.47695 -0.2332559 0.06978864
    endloop
  endfacet
  facet normal -1 -4.990279E-15 -1.596219E-14
    outer loop
      vertex -0.47695 -0.1181287 0.04077267
      vertex -0.47695 -0.2160921 0.06444376
      vertex -0.47695 -0.2259851 0.06753662
    endloop
  endfacet
  facet normal -1 -4.774991E-15 -1.507122E-14
    outer loop
      vertex -0.47695 -0.1181287 0.04077267
      vertex -0.47695 -0.2038491 0.06056482
      vertex -0.47695 -0.2160921 0.06444376
    endloop
  endfacet
  facet normal -1 -4.565691E-15 -1.416473E-14
    outer loop
      vertex -0.47695 -0.1181287 0.04077267
      vertex -0.47695 -0.1895873 0.05596785
      vertex -0.47695 -0.2038491 0.06056482
    endloop
  endfacet
  facet normal -1 -4.396826E-15 -1.337061E-14
    outer loop
      vertex -0.47695 -0.1181287 0.04077267
      vertex -0.47695 -0.1736845 0.05073833
      vertex -0.47695 -0.1895873 0.05596785
    endloop
  endfacet
  facet normal -1 -4.291504E-15 -1.278347E-14
    outer loop
      vertex -0.47695 -0.1181287 0.04077267
      vertex -0.47695 -0.1565507 0.04498637
      vertex -0.47695 -0.1736845 0.05073833
    endloop
  endfacet
  facet normal -1 -4.254424E-15 -1.244536E-14
    outer loop
      vertex -0.47695 -0.1181287 0.04077267
      vertex -0.47695 -0.1386131 0.03885447
      vertex -0.47695 -0.1565507 0.04498637
    endloop
  endfacet
  facet normal -1 -4.26496E-15 -1.233285E-14
    outer loop
      vertex -0.47695 -0.1181287 0.04077267
      vertex -0.47695 -0.1203023 0.03252221
      vertex -0.47695 -0.1386131 0.03885447
    endloop
  endfacet
  facet normal -1 -4.26605E-15 -1.233257E-14
    outer loop
      vertex -0.47695 -0.1181287 0.04077267
      vertex -0.47695 -0.1020394 0.02620474
      vertex -0.47695 -0.1203023 0.03252221
    endloop
  endfacet
  facet normal -1 -4.28198E-15 -1.235016E-14
    outer loop
      vertex -0.47695 -0.1181287 0.04077267
      vertex -0.47695 -0.08447147 0.02011368
      vertex -0.47695 -0.1020394 0.02620474
    endloop
  endfacet
  facet normal -1 -4.533784E-15 -1.276039E-14
    outer loop
      vertex -0.47695 -0.1181287 0.04077267
      vertex -0.47695 -0.06790445 0.0142274
      vertex -0.47695 -0.08447147 0.02011368
    endloop
  endfacet
  facet normal -1 -4.45106E-15 -1.260388E-14
    outer loop
      vertex -0.47695 -0.1181287 0.04077267
      vertex -0.47695 -0.05255274 0.008805939
      vertex -0.47695 -0.06790445 0.0142274
    endloop
  endfacet
  facet normal -1 -3.767103E-15 -1.120082E-14
    outer loop
      vertex -0.47695 -0.1181287 0.04077267
      vertex -0.47695 -0.03868578 0.004142151
      vertex -0.47695 -0.05255274 0.008805939
    endloop
  endfacet
  facet normal -1 -2.606484E-15 -8.683715E-15
    outer loop
      vertex -0.47695 -0.1181287 0.04077267
      vertex -0.47695 -0.02655892 0.0005021796
      vertex -0.47695 -0.03868578 0.004142151
    endloop
  endfacet
  facet normal -1 -1.399204E-15 -5.938519E-15
    outer loop
      vertex -0.47695 -0.1181287 0.04077267
      vertex -0.47695 -0.01641609 -0.001887623
      vertex -0.47695 -0.02655892 0.0005021796
    endloop
  endfacet
  facet normal -1 -4.426038E-16 -3.65775E-15
    outer loop
      vertex -0.47695 -0.1181287 0.04077267
      vertex -0.47695 -0.008484286 -0.002847406
      vertex -0.47695 -0.01641609 -0.001887623
    endloop
  endfacet
  facet normal -1 2.176333E-16 -1.998163E-15
    outer loop
      vertex -0.47695 -0.1181287 0.04077267
      vertex -0.47695 -0.002961186 -0.002245848
      vertex -0.47695 -0.008484286 -0.002847406
    endloop
  endfacet
  facet normal -1 6.458988E-16 -8.516278E-16
    outer loop
      vertex -0.47695 -0.1181287 0.04077267
      vertex -0.47695 5.840953E-17 0
      vertex -0.47695 -0.002961186 -0.002245848
    endloop
  endfacet
  facet normal -0.003204398 0.9746452 -0.2237329
    outer loop
      vertex -0.2852161 3.49289E-17 0
      vertex -0.3235629 0.000444302 0.002484727
      vertex -0.2852161 0.0004978064 0.002168588
    endloop
  endfacet
  facet normal 1.205526E-16 0.9843864 -0.1760213
    outer loop
      vertex -0.2852161 3.49289E-17 0
      vertex -0.3235629 3.962502E-17 0
      vertex -0.3235629 0.000444302 0.002484727
    endloop
  endfacet
  facet normal -0.003473466 0.9451614 0.3265851
    outer loop
      vertex -0.2852161 0.0004978064 0.002168588
      vertex -0.3235629 -0.0009768559 0.006028525
      vertex -0.2852161 -0.000601367 0.005349677
    endloop
  endfacet
  facet normal 0.001773559 0.9281463 0.3722115
    outer loop
      vertex -0.2852161 0.0004978064 0.002168588
      vertex -0.3235629 0.000444302 0.002484727
      vertex -0.3235629 -0.0009768559 0.006028525
    endloop
  endfacet
  facet normal -0.005435872 0.8332097 0.5529303
    outer loop
      vertex -0.2852161 -0.000601367 0.005349677
      vertex -0.3235629 -0.004276449 0.01051066
      vertex -0.2852161 -0.003314125 0.009437527
    endloop
  endfacet
  facet normal 0.002609445 0.8053135 0.5928435
    outer loop
      vertex -0.2852161 -0.000601367 0.005349677
      vertex -0.3235629 -0.0009768559 0.006028525
      vertex -0.3235629 -0.004276449 0.01051066
    endloop
  endfacet
  facet normal -0.009351021 0.7449839 0.6670169
    outer loop
      vertex -0.2852161 -0.003314125 0.009437527
      vertex -0.3235629 -0.00943526 0.01573657
      vertex -0.2852161 -0.007631898 0.01426
    endloop
  endfacet
  facet normal 0.00180082 0.7116592 0.7025226
    outer loop
      vertex -0.2852161 -0.003314125 0.009437527
      vertex -0.3235629 -0.004276449 0.01051066
      vertex -0.3235629 -0.00943526 0.01573657
    endloop
  endfacet
  facet normal -0.01454476 0.6722542 0.7401775
    outer loop
      vertex -0.2852161 -0.007631898 0.01426
      vertex -0.3235629 -0.01638835 0.02145938
      vertex -0.2852161 -0.01350811 0.01959697
    endloop
  endfacet
  facet normal -0.0001552397 0.6354914 0.772108
    outer loop
      vertex -0.2852161 -0.007631898 0.01426
      vertex -0.3235629 -0.00943526 0.01573657
      vertex -0.3235629 -0.01638835 0.02145938
    endloop
  endfacet
  facet normal -0.02029807 0.6069362 0.7944913
    outer loop
      vertex -0.2852161 -0.01350811 0.01959697
      vertex -0.3235629 -0.0250133 0.02740644
      vertex -0.2852161 -0.02084666 0.02520312
    endloop
  endfacet
  facet normal -0.00265297 0.5676545 0.8232626
    outer loop
      vertex -0.2852161 -0.01350811 0.01959697
      vertex -0.3235629 -0.01638835 0.02145938
      vertex -0.3235629 -0.0250133 0.02740644
    endloop
  endfacet
  facet normal -0.02596402 0.5452816 0.8378507
    outer loop
      vertex -0.2852161 -0.02084666 0.02520312
      vertex -0.3235629 -0.03512412 0.03330671
      vertex -0.2852161 -0.02949544 0.03083183
    endloop
  endfacet
  facet normal -0.005138927 0.5040105 0.8636823
    outer loop
      vertex -0.2852161 -0.02084666 0.02520312
      vertex -0.3235629 -0.0250133 0.02740644
      vertex -0.3235629 -0.03512412 0.03330671
    endloop
  endfacet
  facet normal -0.03101813 0.4859316 0.8734463
    outer loop
      vertex -0.2852161 -0.02949544 0.03083183
      vertex -0.3235629 -0.04647293 0.03891527
      vertex -0.2852161 -0.03924672 0.03625684
    endloop
  endfacet
  facet normal -0.007172555 0.4430365 0.8964749
    outer loop
      vertex -0.2852161 -0.02949544 0.03083183
      vertex -0.3235629 -0.03512412 0.03330671
      vertex -0.3235629 -0.04647293 0.03891527
    endloop
  endfacet
  facet normal -0.03515787 0.4293611 0.9024483
    outer loop
      vertex -0.2852161 -0.03924672 0.03625684
      vertex -0.3235629 -0.05870077 0.04401864
      vertex -0.2852161 -0.04979362 0.04127478
    endloop
  endfacet
  facet normal -0.008602571 0.3851433 0.9228167
    outer loop
      vertex -0.2852161 -0.03924672 0.03625684
      vertex -0.3235629 -0.04647293 0.03891527
      vertex -0.3235629 -0.05870077 0.04401864
    endloop
  endfacet
  facet normal -0.04141899 0.3885223 0.9205079
    outer loop
      vertex -0.2852161 -0.04979362 0.04127478
      vertex -0.3235629 -0.07131669 0.04863366
      vertex -0.2852161 -0.06070315 0.0458794
    endloop
  endfacet
  facet normal -0.01259834 0.3435174 0.9390618
    outer loop
      vertex -0.2852161 -0.04979362 0.04127478
      vertex -0.3235629 -0.05870077 0.04401864
      vertex -0.3235629 -0.07131669 0.04863366
    endloop
  endfacet
  facet normal -0.04870208 0.356518 0.9330182
    outer loop
      vertex -0.2852161 -0.06070315 0.0458794
      vertex -0.3235629 -0.08408835 0.05281354
      vertex -0.2852161 -0.07176847 0.0501076
    endloop
  endfacet
  facet normal -0.01782507 0.3109942 0.9502446
    outer loop
      vertex -0.2852161 -0.06070315 0.0458794
      vertex -0.3235629 -0.07131669 0.04863366
      vertex -0.3235629 -0.08408835 0.05281354
    endloop
  endfacet
  facet normal -0.05532702 0.3276376 0.9431821
    outer loop
      vertex -0.2852161 -0.07176847 0.0501076
      vertex -0.3235629 -0.09666941 0.05650814
      vertex -0.2852161 -0.0826868 0.05390036
    endloop
  endfacet
  facet normal -0.02281238 0.2816919 0.9592337
    outer loop
      vertex -0.2852161 -0.07176847 0.0501076
      vertex -0.3235629 -0.08408835 0.05281354
      vertex -0.3235629 -0.09666941 0.05650814
    endloop
  endfacet
  facet normal -0.06100693 0.3014582 0.9515257
    outer loop
      vertex -0.2852161 -0.0826868 0.05390036
      vertex -0.3235629 -0.1087202 0.05968955
      vertex -0.2852161 -0.0931603 0.05721852
    endloop
  endfacet
  facet normal -0.02731217 0.2551593 0.9665132
    outer loop
      vertex -0.2852161 -0.0826868 0.05390036
      vertex -0.3235629 -0.09666941 0.05650814
      vertex -0.3235629 -0.1087202 0.05968955
    endloop
  endfacet
  facet normal -0.06549385 0.2776854 0.9584369
    outer loop
      vertex -0.2852161 -0.0931603 0.05721852
      vertex -0.3235629 -0.1199167 0.0623502
      vertex -0.2852161 -0.102904 0.06004154
    endloop
  endfacet
  facet normal -0.0311032 0.2310825 0.9724369
    outer loop
      vertex -0.2852161 -0.0931603 0.05721852
      vertex -0.3235629 -0.1087202 0.05968955
      vertex -0.3235629 -0.1199167 0.0623502
    endloop
  endfacet
  facet normal -0.06863545 0.2562292 0.9641762
    outer loop
      vertex -0.2852161 -0.102904 0.06004154
      vertex -0.3235629 -0.1299583 0.06450145
      vertex -0.2852161 -0.1116526 0.06236649
    endloop
  endfacet
  facet normal -0.03404869 0.2093603 0.9772456
    outer loop
      vertex -0.2852161 -0.102904 0.06004154
      vertex -0.3235629 -0.1199167 0.0623502
      vertex -0.3235629 -0.1299583 0.06450145
    endloop
  endfacet
  facet normal -0.07042161 0.2372387 0.9688955
    outer loop
      vertex -0.2852161 -0.1116526 0.06236649
      vertex -0.3235629 -0.1385746 0.06617132
      vertex -0.2852161 -0.1191672 0.06420645
    endloop
  endfacet
  facet normal -0.0361438 0.1901382 0.9810918
    outer loop
      vertex -0.2852161 -0.1116526 0.06236649
      vertex -0.3235629 -0.1299583 0.06450145
      vertex -0.3235629 -0.1385746 0.06617132
    endloop
  endfacet
  facet normal -0.07099917 0.2210825 0.9726673
    outer loop
      vertex -0.2852161 -0.1191672 0.06420645
      vertex -0.3235629 -0.1455328 0.06740013
      vertex -0.2852161 -0.1252407 0.06558693
    endloop
  endfacet
  facet normal -0.03753045 0.1737858 0.9840681
    outer loop
      vertex -0.2852161 -0.1191672 0.06420645
      vertex -0.3235629 -0.1385746 0.06617132
      vertex -0.3235629 -0.1455328 0.06740013
    endloop
  endfacet
  facet normal -0.0706434 0.2082728 0.9755162
    outer loop
      vertex -0.2852161 -0.1252407 0.06558693
      vertex -0.3235629 -0.1506436 0.06823352
      vertex -0.2852161 -0.1297047 0.06654
    endloop
  endfacet
  facet normal -0.03846793 0.1608192 0.986234
    outer loop
      vertex -0.2852161 -0.1252407 0.06558693
      vertex -0.3235629 -0.1455328 0.06740013
      vertex -0.3235629 -0.1506436 0.06823352
    endloop
  endfacet
  facet normal -0.06968993 0.1993528 0.9774465
    outer loop
      vertex -0.2852161 -0.1297047 0.06654
      vertex -0.3235629 -0.1537673 0.0687136
      vertex -0.2852161 -0.1324344 0.06709673
    endloop
  endfacet
  facet normal -0.03926369 0.151785 0.9876334
    outer loop
      vertex -0.2852161 -0.1297047 0.06654
      vertex -0.3235629 -0.1506436 0.06823352
      vertex -0.3235629 -0.1537673 0.0687136
    endloop
  endfacet
  facet normal -0.06844567 0.194774 0.9784571
    outer loop
      vertex -0.2852161 -0.1324344 0.06709673
      vertex -0.3235629 -0.1548182 0.06887005
      vertex -0.2852161 -0.1333529 0.06727957
    endloop
  endfacet
  facet normal -0.04018356 0.1471366 0.9882996
    outer loop
      vertex -0.2852161 -0.1324344 0.06709673
      vertex -0.3235629 -0.1537673 0.0687136
      vertex -0.3235629 -0.1548182 0.06887005
    endloop
  endfacet
  facet normal 0.3590108 -0.6904254 -0.6280319
    outer loop
      vertex -0.2852161 -0.1333529 0.06727957
      vertex -0.3235629 -0.1539701 0.06802432
      vertex -0.2852161 -0.1326425 0.06649856
    endloop
  endfacet
  facet normal 0.343609 -0.663114 -0.6649907
    outer loop
      vertex -0.2852161 -0.1333529 0.06727957
      vertex -0.3235629 -0.1548182 0.06887005
      vertex -0.3235629 -0.1539701 0.06802432
    endloop
  endfacet
  facet normal 0.2090244 -0.4451574 -0.8707145
    outer loop
      vertex -0.2852161 -0.1326425 0.06649856
      vertex -0.3235629 -0.1510936 0.06672622
      vertex -0.2852161 -0.1301656 0.06523222
    endloop
  endfacet
  facet normal 0.189034 -0.4039119 -0.8950538
    outer loop
      vertex -0.2852161 -0.1326425 0.06649856
      vertex -0.3235629 -0.1539701 0.06802432
      vertex -0.3235629 -0.1510936 0.06672622
    endloop
  endfacet
  facet normal 0.2036392 -0.4470709 -0.8710102
    outer loop
      vertex -0.2852161 -0.1301656 0.06523222
      vertex -0.3235629 -0.1463904 0.06459472
      vertex -0.2852161 -0.1261161 0.06315374
    endloop
  endfacet
  facet normal 0.1864671 -0.4055484 -0.8948522
    outer loop
      vertex -0.2852161 -0.1301656 0.06523222
      vertex -0.3235629 -0.1510936 0.06672622
      vertex -0.3235629 -0.1463904 0.06459472
    endloop
  endfacet
  facet normal 0.1964524 -0.4500417 -0.8711308
    outer loop
      vertex -0.2852161 -0.1261161 0.06315374
      vertex -0.3235629 -0.1399933 0.0616752
      vertex -0.2852161 -0.1206092 0.06030877
    endloop
  endfacet
  facet normal 0.1822258 -0.4082391 -0.8945024
    outer loop
      vertex -0.2852161 -0.1261161 0.06315374
      vertex -0.3235629 -0.1463904 0.06459472
      vertex -0.3235629 -0.1399933 0.0616752
    endloop
  endfacet
  facet normal 0.187677 -0.4541594 -0.8709286
    outer loop
      vertex -0.2852161 -0.1206092 0.06030877
      vertex -0.3235629 -0.1320811 0.05802758
      vertex -0.2852161 -0.1137995 0.05675772
    endloop
  endfacet
  facet normal 0.1764582 -0.4120924 -0.8938917
    outer loop
      vertex -0.2852161 -0.1206092 0.06030877
      vertex -0.3235629 -0.1399933 0.0616752
      vertex -0.3235629 -0.1320811 0.05802758
    endloop
  endfacet
  facet normal 0.1774871 -0.4593829 -0.870325
    outer loop
      vertex -0.2852161 -0.1137995 0.05675772
      vertex -0.3235629 -0.1228708 0.05372571
      vertex -0.2852161 -0.105875 0.05257495
    endloop
  endfacet
  facet normal 0.1692705 -0.4170816 -0.8929672
    outer loop
      vertex -0.2852161 -0.1137995 0.05675772
      vertex -0.3235629 -0.1320811 0.05802758
      vertex -0.3235629 -0.1228708 0.05372571
    endloop
  endfacet
  facet normal 0.1659861 -0.4654476 -0.8693717
    outer loop
      vertex -0.2852161 -0.105875 0.05257495
      vertex -0.3235629 -0.1126096 0.04885912
      vertex -0.2852161 -0.09704941 0.04784987
    endloop
  endfacet
  facet normal 0.1606948 -0.4229488 -0.8917912
    outer loop
      vertex -0.2852161 -0.105875 0.05257495
      vertex -0.3235629 -0.1228708 0.05372571
      vertex -0.3235629 -0.1126096 0.04885912
    endloop
  endfacet
  facet normal 0.1532101 -0.4717995 -0.8682925
    outer loop
      vertex -0.2852161 -0.09704941 0.04784987
      vertex -0.3235629 -0.101564 0.04353663
      vertex -0.2852161 -0.0875528 0.04268975
    endloop
  endfacet
  facet normal 0.1506944 -0.4291381 -0.8905794
    outer loop
      vertex -0.2852161 -0.09704941 0.04784987
      vertex -0.3235629 -0.1126096 0.04885912
      vertex -0.3235629 -0.101564 0.04353663
    endloop
  endfacet
  facet normal 0.139171 -0.4775759 -0.867498
    outer loop
      vertex -0.2852161 -0.0875528 0.04268975
      vertex -0.3235629 -0.09000956 0.03789035
      vertex -0.2852161 -0.07762213 0.03722271
    endloop
  endfacet
  facet normal 0.1392094 -0.4347761 -0.8897137
    outer loop
      vertex -0.2852161 -0.0875528 0.04268975
      vertex -0.3235629 -0.101564 0.04353663
      vertex -0.3235629 -0.09000956 0.03789035
    endloop
  endfacet
  facet normal 0.1239241 -0.481637 -0.8675647
    outer loop
      vertex -0.2852161 -0.07762213 0.03722271
      vertex -0.3235629 -0.07822088 0.0320776
      vertex -0.2852161 -0.06749233 0.03159905
    endloop
  endfacet
  facet normal 0.1262267 -0.4387032 -0.8897226
    outer loop
      vertex -0.2852161 -0.07762213 0.03722271
      vertex -0.3235629 -0.09000956 0.03789035
      vertex -0.3235629 -0.07822088 0.0320776
    endloop
  endfacet
  facet normal 0.1076363 -0.4826335 -0.8691832
    outer loop
      vertex -0.2852161 -0.06749233 0.03159905
      vertex -0.3235629 -0.06646316 0.02627887
      vertex -0.2852161 -0.05738919 0.02598906
    endloop
  endfacet
  facet normal 0.1118516 -0.4395422 -0.8912305
    outer loop
      vertex -0.2852161 -0.06749233 0.03159905
      vertex -0.3235629 -0.07822088 0.0320776
      vertex -0.3235629 -0.06646316 0.02627887
    endloop
  endfacet
  facet normal 0.09200942 -0.484014 -0.8702096
    outer loop
      vertex -0.2852161 -0.05738919 0.02598906
      vertex -0.3235629 -0.05515407 0.02069137
      vertex -0.2852161 -0.04767197 0.0205843
    endloop
  endfacet
  facet normal 0.09757284 -0.4408423 -0.8922654
    outer loop
      vertex -0.2852161 -0.05738919 0.02598906
      vertex -0.3235629 -0.06646316 0.02627887
      vertex -0.3235629 -0.05515407 0.02069137
    endloop
  endfacet
  facet normal 0.07832927 -0.4912286 -0.8675016
    outer loop
      vertex -0.2852161 -0.04767197 0.0205843
      vertex -0.3235629 -0.04450134 0.01532647
      vertex -0.2852161 -0.0385231 0.01540369
    endloop
  endfacet
  facet normal 0.08496078 -0.4481705 -0.8899016
    outer loop
      vertex -0.2852161 -0.04767197 0.0205843
      vertex -0.3235629 -0.05515407 0.02069137
      vertex -0.3235629 -0.04450134 0.01532647
    endloop
  endfacet
  facet normal 0.064159 -0.4900666 -0.8693206
    outer loop
      vertex -0.2852161 -0.0385231 0.01540369
      vertex -0.3235629 -0.03462727 0.01037734
      vertex -0.2852161 -0.03004195 0.01062256
    endloop
  endfacet
  facet normal 0.07147389 -0.4469429 -0.8917026
    outer loop
      vertex -0.2852161 -0.0385231 0.01540369
      vertex -0.3235629 -0.04450134 0.01532647
      vertex -0.3235629 -0.03462727 0.01037734
    endloop
  endfacet
  facet normal 0.05010192 -0.4773226 -0.8772986
    outer loop
      vertex -0.2852161 -0.03004195 0.01062256
      vertex -0.3235629 -0.02568843 0.006063933
      vertex -0.2852161 -0.02235692 0.006441278
    endloop
  endfacet
  facet normal 0.05763013 -0.4338719 -0.8991295
    outer loop
      vertex -0.2852161 -0.03004195 0.01062256
      vertex -0.3235629 -0.03462727 0.01037734
      vertex -0.3235629 -0.02568843 0.006063933
    endloop
  endfacet
  facet normal 0.03685727 -0.4485204 -0.8930123
    outer loop
      vertex -0.2852161 -0.02235692 0.006441278
      vertex -0.3235629 -0.01783413 0.002586998
      vertex -0.2852161 -0.01559088 0.003042999
    endloop
  endfacet
  facet normal 0.04412261 -0.4043962 -0.913519
    outer loop
      vertex -0.2852161 -0.02235692 0.006441278
      vertex -0.3235629 -0.02568843 0.006063933
      vertex -0.3235629 -0.01783413 0.002586998
    endloop
  endfacet
  facet normal 0.0250088 -0.3941193 -0.918719
    outer loop
      vertex -0.2852161 -0.01559088 0.003042999
      vertex -0.3235629 -0.01120942 0.0001195502
      vertex -0.2852161 -0.009864097 0.0005862766
    endloop
  endfacet
  facet normal 0.03154622 -0.3488628 -0.9366427
    outer loop
      vertex -0.2852161 -0.01559088 0.003042999
      vertex -0.3235629 -0.01783413 0.002586998
      vertex -0.3235629 -0.01120942 0.0001195502
    endloop
  endfacet
  facet normal 0.01494083 -0.2900069 -0.9569079
    outer loop
      vertex -0.2852161 -0.009864097 0.0005862766
      vertex -0.3235629 -0.005951841 -0.001198131
      vertex -0.2852161 -0.005291657 -0.0007994776
    endloop
  endfacet
  facet normal 0.02033076 -0.2430562 -0.9697991
    outer loop
      vertex -0.2852161 -0.009864097 0.0005862766
      vertex -0.3235629 -0.01120942 0.0001195502
      vertex -0.3235629 -0.005951841 -0.001198131
    endloop
  endfacet
  facet normal 0.006713298 -0.06531194 -0.9978423
    outer loop
      vertex -0.2852161 -0.005291657 -0.0007994776
      vertex -0.3235629 -0.002183334 -0.001260917
      vertex -0.2852161 -0.001976405 -0.001016471
    endloop
  endfacet
  facet normal 0.01068076 -0.01665741 -0.9998042
    outer loop
      vertex -0.2852161 -0.005291657 -0.0007994776
      vertex -0.3235629 -0.005951841 -0.001198131
      vertex -0.3235629 -0.002183334 -0.001260917
    endloop
  endfacet
  facet normal 4.969409E-17 0.4573603 -0.8892815
    outer loop
      vertex -0.2852161 -0.001976405 -0.001016471
      vertex -0.3235629 3.962502E-17 0
      vertex -0.2852161 3.49289E-17 0
    endloop
  endfacet
  facet normal 0.002821438 0.5001077 -0.8659586
    outer loop
      vertex -0.2852161 -0.001976405 -0.001016471
      vertex -0.3235629 -0.002183334 -0.001260917
      vertex -0.3235629 3.962502E-17 0
    endloop
  endfacet
  facet normal -0.0029393 0.9843821 -0.1760205
    outer loop
      vertex -0.3235629 3.962502E-17 0
      vertex -0.3619097 0.0003856085 0.002796826
      vertex -0.3235629 0.000444302 0.002484727
    endloop
  endfacet
  facet normal 1.21317E-16 0.9906288 -0.1365816
    outer loop
      vertex -0.3235629 3.962502E-17 0
      vertex -0.3619097 4.432115E-17 0
      vertex -0.3619097 0.0003856085 0.002796826
    endloop
  endfacet
  facet normal -0.002837378 0.928144 0.3722106
    outer loop
      vertex -0.3235629 0.000444302 0.002484727
      vertex -0.3619097 -0.001360955 0.006693994
      vertex -0.3235629 -0.0009768559 0.006028525
    endloop
  endfacet
  facet normal 0.001931804 0.9125463 0.4089688
    outer loop
      vertex -0.3235629 0.000444302 0.002484727
      vertex -0.3619097 0.0003856085 0.002796826
      vertex -0.3619097 -0.001360955 0.006693994
    endloop
  endfacet
  facet normal -0.004259292 0.8053089 0.5928401
    outer loop
      vertex -0.3235629 -0.0009768559 0.006028525
      vertex -0.3619097 -0.0052488 0.01155599
      vertex -0.3235629 -0.004276449 0.01051066
    endloop
  endfacet
  facet normal 0.003015035 0.7810027 0.6245204
    outer loop
      vertex -0.3235629 -0.0009768559 0.006028525
      vertex -0.3619097 -0.001360955 0.006693994
      vertex -0.3619097 -0.0052488 0.01155599
    endloop
  endfacet
  facet normal -0.007445586 0.7116406 0.7025043
    outer loop
      vertex -0.3235629 -0.004276449 0.01051066
      vertex -0.3619097 -0.01124776 0.01716622
      vertex -0.3235629 -0.00943526 0.01573657
    endloop
  endfacet
  facet normal 0.002590073 0.683044 0.7303726
    outer loop
      vertex -0.3235629 -0.004276449 0.01051066
      vertex -0.3619097 -0.0052488 0.01155599
      vertex -0.3619097 -0.01124776 0.01716622
    endloop
  endfacet
  facet normal -0.01173708 0.6354476 0.7720548
    outer loop
      vertex -0.3235629 -0.00943526 0.01573657
      vertex -0.3619097 -0.01927424 0.02325168
      vertex -0.3235629 -0.01638835 0.02145938
    endloop
  endfacet
  facet normal 0.001152487 0.6041597 0.7968624
    outer loop
      vertex -0.3235629 -0.00943526 0.01573657
      vertex -0.3619097 -0.01124776 0.01716622
      vertex -0.3619097 -0.01927424 0.02325168
    endloop
  endfacet
  facet normal -0.01643922 0.5675797 0.8231543
    outer loop
      vertex -0.3235629 -0.01638835 0.02145938
      vertex -0.3619097 -0.02917924 0.0295131
      vertex -0.3235629 -0.0250133 0.02740644
    endloop
  endfacet
  facet normal -0.0007056359 0.5343368 0.8452714
    outer loop
      vertex -0.3235629 -0.01638835 0.02145938
      vertex -0.3619097 -0.01927424 0.02325168
      vertex -0.3619097 -0.02917924 0.0295131
    endloop
  endfacet
  facet normal -0.02093416 0.5039067 0.8635044
    outer loop
      vertex -0.3235629 -0.0250133 0.02740644
      vertex -0.3619097 -0.04074279 0.03565589
      vertex -0.3235629 -0.03512412 0.03330671
    endloop
  endfacet
  facet normal -0.002449521 0.4691329 0.8831242
    outer loop
      vertex -0.3235629 -0.0250133 0.02740644
      vertex -0.3619097 -0.02917924 0.0295131
      vertex -0.3619097 -0.04074279 0.03565589
    endloop
  endfacet
  facet normal -0.02472942 0.4429124 0.8962238
    outer loop
      vertex -0.3235629 -0.03512412 0.03330671
      vertex -0.3619097 -0.05367692 0.04141737
      vertex -0.3235629 -0.04647293 0.03891527
    endloop
  endfacet
  facet normal -0.003660042 0.4069013 0.9134648
    outer loop
      vertex -0.3235629 -0.03512412 0.03330671
      vertex -0.3619097 -0.04074279 0.03565589
      vertex -0.3619097 -0.05367692 0.04141737
    endloop
  endfacet
  facet normal -0.02756095 0.3850113 0.9225003
    outer loop
      vertex -0.3235629 -0.04647293 0.03891527
      vertex -0.3619097 -0.06757091 0.04657499
      vertex -0.3235629 -0.05870077 0.04401864
    endloop
  endfacet
  facet normal -0.004207497 0.3480047 0.9374833
    outer loop
      vertex -0.3235629 -0.04647293 0.03891527
      vertex -0.3619097 -0.05367692 0.04141737
      vertex -0.3619097 -0.06757091 0.04657499
    endloop
  endfacet
  facet normal -0.0324861 0.3433634 0.9386406
    outer loop
      vertex -0.3235629 -0.05870077 0.04401864
      vertex -0.3619097 -0.08187683 0.05116948
      vertex -0.3235629 -0.07131669 0.04863366
    endloop
  endfacet
  facet normal -0.007259568 0.3057699 0.9520778
    outer loop
      vertex -0.3235629 -0.05870077 0.04401864
      vertex -0.3619097 -0.06757091 0.04657499
      vertex -0.3619097 -0.08187683 0.05116948
    endloop
  endfacet
  facet normal -0.03842857 0.3108139 0.9496936
    outer loop
      vertex -0.3235629 -0.07131669 0.04863366
      vertex -0.3619097 -0.09633737 0.05527071
      vertex -0.3235629 -0.08408835 0.05281354
    endloop
  endfacet
  facet normal -0.01151947 0.2728351 0.9619918
    outer loop
      vertex -0.3235629 -0.07131669 0.04863366
      vertex -0.3619097 -0.08187683 0.05116948
      vertex -0.3619097 -0.09633737 0.05527071
    endloop
  endfacet
  facet normal -0.04374946 0.2814954 0.9585647
    outer loop
      vertex -0.3235629 -0.08408835 0.05281354
      vertex -0.3619097 -0.1105632 0.05883808
      vertex -0.3235629 -0.09666941 0.05650814
    endloop
  endfacet
  facet normal -0.01554117 0.243206 0.9698502
    outer loop
      vertex -0.3235629 -0.08408835 0.05281354
      vertex -0.3619097 -0.09633737 0.05527071
      vertex -0.3619097 -0.1105632 0.05883808
    endloop
  endfacet
  facet normal -0.04819463 0.2549579 0.9657504
    outer loop
      vertex -0.3235629 -0.09666941 0.05650814
      vertex -0.3619097 -0.1241735 0.06185557
      vertex -0.3235629 -0.1087202 0.05968955
    endloop
  endfacet
  facet normal -0.01910178 0.2164112 0.9761154
    outer loop
      vertex -0.3235629 -0.09666941 0.05650814
      vertex -0.3619097 -0.1105632 0.05883808
      vertex -0.3619097 -0.1241735 0.06185557
    endloop
  endfacet
  facet normal -0.05154653 0.230887 0.9716142
    outer loop
      vertex -0.3235629 -0.1087202 0.05968955
      vertex -0.3619097 -0.1368058 0.06432921
      vertex -0.3235629 -0.1199167 0.0623502
    endloop
  endfacet
  facet normal -0.02200425 0.1921224 0.9811242
    outer loop
      vertex -0.3235629 -0.1087202 0.05968955
      vertex -0.3619097 -0.1241735 0.06185557
      vertex -0.3619097 -0.1368058 0.06432921
    endloop
  endfacet
  facet normal -0.05368011 0.2091797 0.9764027
    outer loop
      vertex -0.3235629 -0.1199167 0.0623502
      vertex -0.3619097 -0.1481245 0.06628509
      vertex -0.3235629 -0.1299583 0.06450145
    endloop
  endfacet
  facet normal -0.02413409 0.1702282 0.9851091
    outer loop
      vertex -0.3235629 -0.1199167 0.0623502
      vertex -0.3619097 -0.1368058 0.06432921
      vertex -0.3619097 -0.1481245 0.06628509
    endloop
  endfacet
  facet normal -0.05460902 0.1899786 0.9802683
    outer loop
      vertex -0.3235629 -0.1299583 0.06450145
      vertex -0.3619097 -0.1578289 0.06776662
      vertex -0.3235629 -0.1385746 0.06617132
    endloop
  endfacet
  facet normal -0.02550594 0.1508682 0.9882248
    outer loop
      vertex -0.3235629 -0.1299583 0.06450145
      vertex -0.3619097 -0.1481245 0.06628509
      vertex -0.3619097 -0.1578289 0.06776662
    endloop
  endfacet
  facet normal -0.0545 0.1736499 0.9832983
    outer loop
      vertex -0.3235629 -0.1385746 0.06617132
      vertex -0.3619097 -0.1656604 0.06882925
      vertex -0.3235629 -0.1455328 0.06740013
    endloop
  endfacet
  facet normal -0.02627804 0.1344089 0.9905775
    outer loop
      vertex -0.3235629 -0.1385746 0.06617132
      vertex -0.3619097 -0.1578289 0.06776662
      vertex -0.3619097 -0.1656604 0.06882925
    endloop
  endfacet
  facet normal -0.05364399 0.1607066 0.9855434
    outer loop
      vertex -0.3235629 -0.1455328 0.06740013
      vertex -0.3619097 -0.1714096 0.06953245
      vertex -0.3235629 -0.1506436 0.06823352
    endloop
  endfacet
  facet normal -0.02672259 0.1213643 0.9922483
    outer loop
      vertex -0.3235629 -0.1455328 0.06740013
      vertex -0.3619097 -0.1656604 0.06882925
      vertex -0.3619097 -0.1714096 0.06953245
    endloop
  endfacet
  facet normal -0.05238775 0.1516936 0.9870383
    outer loop
      vertex -0.3235629 -0.1506436 0.06823352
      vertex -0.3619097 -0.1749222 0.06992951
      vertex -0.3235629 -0.1537673 0.0687136
    endloop
  endfacet
  facet normal -0.02715668 0.1122802 0.9933054
    outer loop
      vertex -0.3235629 -0.1506436 0.06823352
      vertex -0.3619097 -0.1714096 0.06953245
      vertex -0.3619097 -0.1749222 0.06992951
    endloop
  endfacet
  facet normal -0.05104469 0.1470636 0.9878091
    outer loop
      vertex -0.3235629 -0.1537673 0.0687136
      vertex -0.3619097 -0.1761037 0.07005744
      vertex -0.3235629 -0.1548182 0.06887005
    endloop
  endfacet
  facet normal -0.02785296 0.1076089 0.9938031
    outer loop
      vertex -0.3235629 -0.1537673 0.0687136
      vertex -0.3619097 -0.1749222 0.06992951
      vertex -0.3619097 -0.1761037 0.07005744
    endloop
  endfacet
  facet normal 0.3458723 -0.6625271 -0.6644021
    outer loop
      vertex -0.3235629 -0.1548182 0.06887005
      vertex -0.3619097 -0.175118 0.0691501
      vertex -0.3235629 -0.1539701 0.06802432
    endloop
  endfacet
  facet normal 0.3330021 -0.6386198 -0.6937394
    outer loop
      vertex -0.3235629 -0.1548182 0.06887005
      vertex -0.3619097 -0.1761037 0.07005744
      vertex -0.3619097 -0.175118 0.0691501
    endloop
  endfacet
  facet normal 0.1927271 -0.4036165 -0.8943992
    outer loop
      vertex -0.3235629 -0.1539701 0.06802432
      vertex -0.3619097 -0.1718452 0.06782777
      vertex -0.3235629 -0.1510936 0.06672622
    endloop
  endfacet
  facet normal 0.1765565 -0.368726 -0.9126165
    outer loop
      vertex -0.3235629 -0.1539701 0.06802432
      vertex -0.3619097 -0.175118 0.0691501
      vertex -0.3619097 -0.1718452 0.06782777
    endloop
  endfacet
  facet normal 0.1878033 -0.4054433 -0.8946204
    outer loop
      vertex -0.3235629 -0.1510936 0.06672622
      vertex -0.3619097 -0.1664936 0.06565558
      vertex -0.3235629 -0.1463904 0.06459472
    endloop
  endfacet
  facet normal 0.1742049 -0.3703457 -0.9124126
    outer loop
      vertex -0.3235629 -0.1510936 0.06672622
      vertex -0.3619097 -0.1718452 0.06782777
      vertex -0.3619097 -0.1664936 0.06565558
    endloop
  endfacet
  facet normal 0.1812541 -0.4083137 -0.8946658
    outer loop
      vertex -0.3235629 -0.1463904 0.06459472
      vertex -0.3619097 -0.1592137 0.06267831
      vertex -0.3235629 -0.1399933 0.0616752
    endloop
  endfacet
  facet normal 0.1703177 -0.3730099 -0.9120611
    outer loop
      vertex -0.3235629 -0.1463904 0.06459472
      vertex -0.3619097 -0.1664936 0.06565558
      vertex -0.3619097 -0.1592137 0.06267831
    endloop
  endfacet
  facet normal 0.1732812 -0.4123287 -0.8944041
    outer loop
      vertex -0.3235629 -0.1399933 0.0616752
      vertex -0.3619097 -0.150208 0.05895496
      vertex -0.3235629 -0.1320811 0.05802758
    endloop
  endfacet
  facet normal 0.1650362 -0.3768336 -0.9114601
    outer loop
      vertex -0.3235629 -0.1399933 0.0616752
      vertex -0.3619097 -0.1592137 0.06267831
      vertex -0.3619097 -0.150208 0.05895496
    endloop
  endfacet
  facet normal 0.1640431 -0.4174555 -0.8937677
    outer loop
      vertex -0.3235629 -0.1320811 0.05802758
      vertex -0.3619097 -0.1397223 0.05455837
      vertex -0.3235629 -0.1228708 0.05372571
    endloop
  endfacet
  facet normal 0.1584565 -0.381794 -0.9105629
    outer loop
      vertex -0.3235629 -0.1320811 0.05802758
      vertex -0.3619097 -0.150208 0.05895496
      vertex -0.3619097 -0.1397223 0.05455837
    endloop
  endfacet
  facet normal 0.1536221 -0.4234311 -0.8928081
    outer loop
      vertex -0.3235629 -0.1228708 0.05372571
      vertex -0.3619097 -0.1280368 0.04957756
      vertex -0.3235629 -0.1126096 0.04885912
    endloop
  endfacet
  facet normal 0.1505974 -0.3876327 -0.9094291
    outer loop
      vertex -0.3235629 -0.1228708 0.05372571
      vertex -0.3619097 -0.1397223 0.05455837
      vertex -0.3619097 -0.1280368 0.04957756
    endloop
  endfacet
  facet normal 0.142029 -0.4296947 -0.8917344
    outer loop
      vertex -0.3235629 -0.1126096 0.04885912
      vertex -0.3619097 -0.1154542 0.04412227
      vertex -0.3235629 -0.101564 0.04353663
    endloop
  endfacet
  facet normal 0.1414066 -0.3937871 -0.9082598
    outer loop
      vertex -0.3235629 -0.1126096 0.04885912
      vertex -0.3619097 -0.1280368 0.04957756
      vertex -0.3619097 -0.1154542 0.04412227
    endloop
  endfacet
  facet normal 0.1292467 -0.4353686 -0.8909262
    outer loop
      vertex -0.3235629 -0.101564 0.04353663
      vertex -0.3619097 -0.1022887 0.03832781
      vertex -0.3235629 -0.09000956 0.03789035
    endloop
  endfacet
  facet normal 0.1308055 -0.399371 -0.9074099
    outer loop
      vertex -0.3235629 -0.101564 0.04353663
      vertex -0.3619097 -0.1154542 0.04412227
      vertex -0.3619097 -0.1022887 0.03832781
    endloop
  endfacet
  facet normal 0.1152992 -0.4392911 -0.8909149
    outer loop
      vertex -0.3235629 -0.09000956 0.03789035
      vertex -0.3619097 -0.08885381 0.03235776
      vertex -0.3235629 -0.07822088 0.0320776
    endloop
  endfacet
  facet normal 0.1187608 -0.4032075 -0.9073696
    outer loop
      vertex -0.3235629 -0.09000956 0.03789035
      vertex -0.3619097 -0.1022887 0.03832781
      vertex -0.3619097 -0.08885381 0.03235776
    endloop
  endfacet
  facet normal 0.1003201 -0.4400864 -0.8923339
    outer loop
      vertex -0.3235629 -0.07822088 0.0320776
      vertex -0.3619097 -0.07545418 0.02640199
      vertex -0.3235629 -0.06646316 0.02627887
    endloop
  endfacet
  facet normal 0.1053557 -0.4038997 -0.9087163
    outer loop
      vertex -0.3235629 -0.07822088 0.0320776
      vertex -0.3619097 -0.08885381 0.03235776
      vertex -0.3619097 -0.07545418 0.02640199
    endloop
  endfacet
  facet normal 0.08597102 -0.441316 -0.8932241
    outer loop
      vertex -0.3235629 -0.06646316 0.02627887
      vertex -0.3619097 -0.06256538 0.02066228
      vertex -0.3235629 -0.05515407 0.02069137
    endloop
  endfacet
  facet normal 0.09205744 -0.4050829 -0.9096336
    outer loop
      vertex -0.3235629 -0.06646316 0.02627887
      vertex -0.3619097 -0.07545418 0.02640199
      vertex -0.3619097 -0.06256538 0.02066228
    endloop
  endfacet
  facet normal 0.07352131 -0.4485795 -0.8907138
    outer loop
      vertex -0.3235629 -0.05515407 0.02069137
      vertex -0.3619097 -0.05042009 0.01514203
      vertex -0.3235629 -0.04450134 0.01532647
    endloop
  endfacet
  facet normal 0.08040139 -0.4124424 -0.9074287
    outer loop
      vertex -0.3235629 -0.05515407 0.02069137
      vertex -0.3619097 -0.06256538 0.02066228
      vertex -0.3619097 -0.05042009 0.01514203
    endloop
  endfacet
  facet normal 0.06048871 -0.4472684 -0.892352
    outer loop
      vertex -0.3235629 -0.04450134 0.01532647
      vertex -0.3619097 -0.03916361 0.0100517
      vertex -0.3235629 -0.03462727 0.01037734
    endloop
  endfacet
  facet normal 0.06782352 -0.4110924 -0.9090671
    outer loop
      vertex -0.3235629 -0.04450134 0.01532647
      vertex -0.3619097 -0.05042009 0.01514203
      vertex -0.3619097 -0.03916361 0.0100517
    endloop
  endfacet
  facet normal 0.0474485 -0.4341048 -0.899612
    outer loop
      vertex -0.3235629 -0.03462727 0.01037734
      vertex -0.3619097 -0.02898074 0.005630093
      vertex -0.3235629 -0.02568843 0.006063933
    endloop
  endfacet
  facet normal 0.05482389 -0.3976933 -0.915879
    outer loop
      vertex -0.3235629 -0.03462727 0.01037734
      vertex -0.3619097 -0.03916361 0.0100517
      vertex -0.3619097 -0.02898074 0.005630093
    endloop
  endfacet
  facet normal 0.03507521 -0.4045414 -0.9138468
    outer loop
      vertex -0.3235629 -0.02568843 0.006063933
      vertex -0.3619097 -0.02004735 0.002094919
      vertex -0.3235629 -0.01783413 0.002586998
    endloop
  endfacet
  facet normal 0.04207443 -0.3676362 -0.9290174
    outer loop
      vertex -0.3235629 -0.02568843 0.006063933
      vertex -0.3619097 -0.02898074 0.005630093
      vertex -0.3619097 -0.02004735 0.002094919
    endloop
  endfacet
  facet normal 0.02393128 -0.3489366 -0.9368407
    outer loop
      vertex -0.3235629 -0.01783413 0.002586998
      vertex -0.3619097 -0.01253323 -0.000366935
      vertex -0.3235629 -0.01120942 0.0001195502
    endloop
  endfacet
  facet normal 0.03015041 -0.3112048 -0.9498645
    outer loop
      vertex -0.3235629 -0.01783413 0.002586998
      vertex -0.3619097 -0.02004735 0.002094919
      vertex -0.3619097 -0.01253323 -0.000366935
    endloop
  endfacet
  facet normal 0.01438525 -0.2430813 -0.9698993
    outer loop
      vertex -0.3235629 -0.01120942 0.0001195502
      vertex -0.3619097 -0.006598409 -0.001604833
      vertex -0.3235629 -0.005951841 -0.001198131
    endloop
  endfacet
  facet normal 0.01946451 -0.2041489 -0.9787463
    outer loop
      vertex -0.3235629 -0.01120942 0.0001195502
      vertex -0.3619097 -0.01253323 -0.000366935
      vertex -0.3619097 -0.006598409 -0.001604833
    endloop
  endfacet
  facet normal 0.006496185 -0.01665801 -0.9998401
    outer loop
      vertex -0.3235629 -0.005951841 -0.001198131
      vertex -0.3619097 -0.002383838 -0.001506724
      vertex -0.3235629 -0.002183334 -0.001260917
    endloop
  endfacet
  facet normal 0.01021009 0.0232709 -0.9996771
    outer loop
      vertex -0.3235629 -0.005951841 -0.001198131
      vertex -0.3619097 -0.006598409 -0.001604833
      vertex -0.3619097 -0.002383838 -0.001506724
    endloop
  endfacet
  facet normal 6.132649E-17 0.5001097 -0.8659621
    outer loop
      vertex -0.3235629 -0.002183334 -0.001260917
      vertex -0.3619097 4.432115E-17 0
      vertex -0.3235629 3.962502E-17 0
    endloop
  endfacet
  facet normal 0.002624891 0.5342807 -0.8453031
    outer loop
      vertex -0.3235629 -0.002183334 -0.001260917
      vertex -0.3619097 -0.002383838 -0.001506724
      vertex -0.3619097 4.432115E-17 0
    endloop
  endfacet
  facet normal -0.002706006 0.9906252 -0.1365811
    outer loop
      vertex -0.3619097 4.432115E-17 0
      vertex -0.4002564 0.0003234362 0.003105633
      vertex -0.3619097 0.0003856085 0.002796826
    endloop
  endfacet
  facet normal 1.218059E-16 0.9946206 -0.1035848
    outer loop
      vertex -0.3619097 4.432115E-17 0
      vertex -0.4002564 4.901728E-17 0
      vertex -0.4002564 0.0003234362 0.003105633
    endloop
  endfacet
  facet normal -0.002279349 0.9125457 0.4089685
    outer loop
      vertex -0.3619097 0.0003856085 0.002796826
      vertex -0.4002564 -0.001750357 0.007349158
      vertex -0.3619097 -0.001360955 0.006693994
    endloop
  endfacet
  facet normal 0.002079152 0.8984509 0.4390692
    outer loop
      vertex -0.3619097 0.0003856085 0.002796826
      vertex -0.4002564 0.0003234362 0.003105633
      vertex -0.4002564 -0.001750357 0.007349158
    endloop
  endfacet
  facet normal -0.003227501 0.7810021 0.62452
    outer loop
      vertex -0.3619097 -0.001360955 0.006693994
      vertex -0.4002564 -0.006226468 0.01258045
      vertex -0.3619097 -0.0052488 0.01155599
    endloop
  endfacet
  facet normal 0.003391882 0.7598158 0.6501296
    outer loop
      vertex -0.3619097 -0.001360955 0.006693994
      vertex -0.4002564 -0.001750357 0.007349158
      vertex -0.4002564 -0.006226468 0.01258045
    endloop
  endfacet
  facet normal -0.00577436 0.6830349 0.7303629
    outer loop
      vertex -0.3619097 -0.0052488 0.01155599
      vertex -0.4002564 -0.01306359 0.01856121
      vertex -0.3619097 -0.01124776 0.01716622
    endloop
  endfacet
  facet normal 0.003322014 0.658393 0.752667
    outer loop
      vertex -0.3619097 -0.0052488 0.01155599
      vertex -0.4002564 -0.006226468 0.01258045
      vertex -0.4002564 -0.01306359 0.01856121
    endloop
  endfacet
  facet normal -0.00927407 0.6041341 0.7968287
    outer loop
      vertex -0.3619097 -0.01124776 0.01716622
      vertex -0.4002564 -0.0221593 0.02499274
      vertex -0.3619097 -0.01927424 0.02325168
    endloop
  endfacet
  facet normal 0.002363935 0.5773428 0.8164984
    outer loop
      vertex -0.3619097 -0.01124776 0.01716622
      vertex -0.4002564 -0.01306359 0.01856121
      vertex -0.4002564 -0.0221593 0.02499274
    endloop
  endfacet
  facet normal -0.01305364 0.5342914 0.8451996
    outer loop
      vertex -0.3619097 -0.01927424 0.02325168
      vertex -0.4002564 -0.03333788 0.03154973
      vertex -0.3619097 -0.02917924 0.0295131
    endloop
  endfacet
  facet normal 0.001097327 0.5059507 0.8625617
    outer loop
      vertex -0.3619097 -0.01927424 0.02325168
      vertex -0.4002564 -0.0221593 0.02499274
      vertex -0.4002564 -0.03333788 0.03154973
    endloop
  endfacet
  facet normal -0.01652088 0.4690703 0.8830063
    outer loop
      vertex -0.3619097 -0.02917924 0.0295131
      vertex -0.4002564 -0.04634537 0.03791463
      vertex -0.3619097 -0.04074279 0.03565589
    endloop
  endfacet
  facet normal 3.991642E-05 0.4395264 0.8982297
    outer loop
      vertex -0.3619097 -0.02917924 0.0295131
      vertex -0.4002564 -0.03333788 0.03154973
      vertex -0.4002564 -0.04634537 0.03791463
    endloop
  endfacet
  facet normal -0.0192114 0.4068289 0.9133023
    outer loop
      vertex -0.3619097 -0.04074279 0.03565589
      vertex -0.4002564 -0.06085382 0.04380768
      vertex -0.3619097 -0.05367692 0.04141737
    endloop
  endfacet
  facet normal -0.0004088344 0.3763221 0.9264888
    outer loop
      vertex -0.3619097 -0.04074279 0.03565589
      vertex -0.4002564 -0.04634537 0.03791463
      vertex -0.4002564 -0.06085382 0.04380768
    endloop
  endfacet
  facet normal -0.020895 0.3479318 0.937287
    outer loop
      vertex -0.3619097 -0.05367692 0.04141737
      vertex -0.4002564 -0.07640105 0.04899797
      vertex -0.3619097 -0.06757091 0.04657499
    endloop
  endfacet
  facet normal -0.0001391593 0.3166601 0.9485391
    outer loop
      vertex -0.3619097 -0.05367692 0.04141737
      vertex -0.4002564 -0.06085382 0.04380768
      vertex -0.4002564 -0.07640105 0.04899797
    endloop
  endfacet
  facet normal -0.02464605 0.305685 0.9518137
    outer loop
      vertex -0.3619097 -0.06757091 0.04657499
      vertex -0.4002564 -0.0923829 0.05355068
      vertex -0.3619097 -0.08187683 0.05116948
    endloop
  endfacet
  facet normal -0.002318295 0.2739673 0.9617362
    outer loop
      vertex -0.3619097 -0.06757091 0.04657499
      vertex -0.4002564 -0.07640105 0.04899797
      vertex -0.4002564 -0.0923829 0.05355068
    endloop
  endfacet
  facet normal -0.02940879 0.2727352 0.9616395
    outer loop
      vertex -0.3619097 -0.08187683 0.05116948
      vertex -0.4002564 -0.1085175 0.05755247
      vertex -0.3619097 -0.09633737 0.05527071
    endloop
  endfacet
  facet normal -0.005684027 0.2407269 0.9705763
    outer loop
      vertex -0.3619097 -0.08187683 0.05116948
      vertex -0.4002564 -0.0923829 0.05355068
      vertex -0.4002564 -0.1085175 0.05755247
    endloop
  endfacet
  facet normal -0.03358135 0.2430982 0.9694202
    outer loop
      vertex -0.3619097 -0.09633737 0.05527071
      vertex -0.4002564 -0.1243731 0.06097278
      vertex -0.3619097 -0.1105632 0.05883808
    endloop
  endfacet
  facet normal -0.008812258 0.2108581 0.977477
    outer loop
      vertex -0.3619097 -0.09633737 0.05527071
      vertex -0.4002564 -0.1085175 0.05755247
      vertex -0.4002564 -0.1243731 0.06097278
    endloop
  endfacet
  facet normal -0.03693864 0.216303 0.9756273
    outer loop
      vertex -0.3619097 -0.1105632 0.05883808
      vertex -0.4002564 -0.1395281 0.06380793
      vertex -0.3619097 -0.1241735 0.06185557
    endloop
  endfacet
  facet normal -0.01150341 0.1838741 0.9828825
    outer loop
      vertex -0.3619097 -0.1105632 0.05883808
      vertex -0.4002564 -0.1243731 0.06097278
      vertex -0.4002564 -0.1395281 0.06380793
    endloop
  endfacet
  facet normal -0.03929021 0.1920206 0.9806041
    outer loop
      vertex -0.3619097 -0.1241735 0.06185557
      vertex -0.4002564 -0.1535821 0.06607786
      vertex -0.3619097 -0.1368058 0.06432921
    endloop
  endfacet
  facet normal -0.01358286 0.1594347 0.987115
    outer loop
      vertex -0.3619097 -0.1241735 0.06185557
      vertex -0.4002564 -0.1395281 0.06380793
      vertex -0.4002564 -0.1535821 0.06607786
    endloop
  endfacet
  facet normal -0.04053548 0.1701379 0.9845862
    outer loop
      vertex -0.3619097 -0.1368058 0.06432921
      vertex -0.4002564 -0.1661651 0.06782379
      vertex -0.3619097 -0.1481245 0.06628509
    endloop
  endfacet
  facet normal -0.01495679 0.1374209 0.9903998
    outer loop
      vertex -0.3619097 -0.1368058 0.06432921
      vertex -0.4002564 -0.1535821 0.06607786
      vertex -0.4002564 -0.1661651 0.06782379
    endloop
  endfacet
  facet normal -0.0407094 0.1507922 0.9877269
    outer loop
      vertex -0.3619097 -0.1481245 0.06628509
      vertex -0.4002564 -0.1769462 0.06910471
      vertex -0.3619097 -0.1578289 0.06776662
    endloop
  endfacet
  facet normal -0.01565809 0.1179674 0.992894
    outer loop
      vertex -0.3619097 -0.1481245 0.06628509
      vertex -0.4002564 -0.1661651 0.06782379
      vertex -0.4002564 -0.1769462 0.06910471
    endloop
  endfacet
  facet normal -0.03999638 0.1343477 0.9901267
    outer loop
      vertex -0.3619097 -0.1578289 0.06776662
      vertex -0.4002564 -0.1856418 0.06999145
      vertex -0.3619097 -0.1656604 0.06882925
    endloop
  endfacet
  facet normal -0.01586024 0.1014373 0.9947155
    outer loop
      vertex -0.3619097 -0.1578289 0.06776662
      vertex -0.4002564 -0.1769462 0.06910471
      vertex -0.4002564 -0.1856418 0.06999145
    endloop
  endfacet
  facet normal -0.03870111 0.1213167 0.9918591
    outer loop
      vertex -0.3619097 -0.1656604 0.06882925
      vertex -0.4002564 -0.1920225 0.07055742
      vertex -0.3619097 -0.1714096 0.06953245
    endloop
  endfacet
  facet normal -0.01584752 0.08834257 0.9959641
    outer loop
      vertex -0.3619097 -0.1656604 0.06882925
      vertex -0.4002564 -0.1856418 0.06999145
      vertex -0.4002564 -0.1920225 0.07055742
    endloop
  endfacet
  facet normal -0.03717987 0.112244 0.9929849
    outer loop
      vertex -0.3619097 -0.1714096 0.06953245
      vertex -0.4002564 -0.1959197 0.0708672
      vertex -0.3619097 -0.1749222 0.06992951
    endloop
  endfacet
  facet normal -0.0159461 0.07922704 0.996729
    outer loop
      vertex -0.3619097 -0.1714096 0.06953245
      vertex -0.4002564 -0.1920225 0.07055742
      vertex -0.4002564 -0.1959197 0.0708672
    endloop
  endfacet
  facet normal -0.03575143 0.1075818 0.9935532
    outer loop
      vertex -0.3619097 -0.1749222 0.06992951
      vertex -0.4002564 -0.1972303 0.07096519
      vertex -0.3619097 -0.1761037 0.07005744
    endloop
  endfacet
  facet normal -0.01643494 0.07454147 0.9970825
    outer loop
      vertex -0.3619097 -0.1749222 0.06992951
      vertex -0.4002564 -0.1959197 0.0708672
      vertex -0.4002564 -0.1972303 0.07096519
    endloop
  endfacet
  facet normal 0.3340725 -0.6383633 -0.6934608
    outer loop
      vertex -0.3619097 -0.1761037 0.07005744
      vertex -0.4002564 -0.1961075 0.06999849
      vertex -0.3619097 -0.175118 0.0691501
    endloop
  endfacet
  facet normal 0.3231917 -0.6174353 -0.7171616
    outer loop
      vertex -0.3619097 -0.1761037 0.07005744
      vertex -0.4002564 -0.1972303 0.07096519
      vertex -0.4002564 -0.1961075 0.06999849
    endloop
  endfacet
  facet normal 0.1782497 -0.3686116 -0.9123335
    outer loop
      vertex -0.3619097 -0.175118 0.0691501
      vertex -0.4002564 -0.1924413 0.06865715
      vertex -0.3619097 -0.1718452 0.06782777
    endloop
  endfacet
  facet normal 0.164998 -0.3388819 -0.9262477
    outer loop
      vertex -0.3619097 -0.175118 0.0691501
      vertex -0.4002564 -0.1961075 0.06999849
      vertex -0.4002564 -0.1924413 0.06865715
    endloop
  endfacet
  facet normal 0.1737427 -0.3703764 -0.9124882
    outer loop
      vertex -0.3619097 -0.1718452 0.06782777
      vertex -0.4002564 -0.1864461 0.06645281
      vertex -0.3619097 -0.1664936 0.06565558
    endloop
  endfacet
  facet normal 0.1628486 -0.3404892 -0.9260386
    outer loop
      vertex -0.3619097 -0.1718452 0.06782777
      vertex -0.4002564 -0.1924413 0.06865715
      vertex -0.4002564 -0.1864461 0.06645281
    endloop
  endfacet
  facet normal 0.1677679 -0.3731755 -0.9124659
    outer loop
      vertex -0.3619097 -0.1664936 0.06565558
      vertex -0.4002564 -0.1782899 0.06342947
      vertex -0.3619097 -0.1592137 0.06267831
    endloop
  endfacet
  facet normal 0.1592936 -0.3431338 -0.9256807
    outer loop
      vertex -0.3619097 -0.1664936 0.06565558
      vertex -0.4002564 -0.1864461 0.06645281
      vertex -0.4002564 -0.1782899 0.06342947
    endloop
  endfacet
  facet normal 0.1605164 -0.3771185 -0.9121492
    outer loop
      vertex -0.3619097 -0.1592137 0.06267831
      vertex -0.4002564 -0.1681986 0.05964488
      vertex -0.3619097 -0.150208 0.05895496
    endloop
  endfacet
  facet normal 0.1544674 -0.3469357 -0.9250813
    outer loop
      vertex -0.3619097 -0.1592137 0.06267831
      vertex -0.4002564 -0.1782899 0.06342947
      vertex -0.4002564 -0.1681986 0.05964488
    endloop
  endfacet
  facet normal 0.1521314 -0.3821785 -0.9114799
    outer loop
      vertex -0.3619097 -0.150208 0.05895496
      vertex -0.4002564 -0.1564467 0.05517051
      vertex -0.3619097 -0.1397223 0.05455837
    endloop
  endfacet
  facet normal 0.1484566 -0.3518752 -0.9241994
    outer loop
      vertex -0.3619097 -0.150208 0.05895496
      vertex -0.4002564 -0.1681986 0.05964488
      vertex -0.4002564 -0.1564467 0.05517051
    endloop
  endfacet
  facet normal 0.1426759 -0.3880932 -0.9105094
    outer loop
      vertex -0.3619097 -0.1397223 0.05455837
      vertex -0.4002564 -0.1433471 0.05009449
      vertex -0.3619097 -0.1280368 0.04957756
    endloop
  endfacet
  facet normal 0.141267 -0.3576931 -0.9230923
    outer loop
      vertex -0.3619097 -0.1397223 0.05455837
      vertex -0.4002564 -0.1564467 0.05517051
      vertex -0.4002564 -0.1433471 0.05009449
    endloop
  endfacet
  facet normal 0.1321377 -0.3942961 -0.909434
    outer loop
      vertex -0.3619097 -0.1280368 0.04957756
      vertex -0.4002564 -0.1292385 0.04452696
      vertex -0.3619097 -0.1154542 0.04412227
    endloop
  endfacet
  facet normal 0.1328309 -0.3638213 -0.921949
    outer loop
      vertex -0.3619097 -0.1280368 0.04957756
      vertex -0.4002564 -0.1433471 0.05009449
      vertex -0.4002564 -0.1292385 0.04452696
    endloop
  endfacet
  facet normal 0.1204737 -0.3998981 -0.9086075
    outer loop
      vertex -0.3619097 -0.1154542 0.04412227
      vertex -0.4002564 -0.1144731 0.03860596
      vertex -0.3619097 -0.1022887 0.03832781
    endloop
  endfacet
  facet normal 0.1230523 -0.3693639 -0.9211018
    outer loop
      vertex -0.3619097 -0.1154542 0.04412227
      vertex -0.4002564 -0.1292385 0.04452696
      vertex -0.4002564 -0.1144731 0.03860596
    endloop
  endfacet
  facet normal 0.1076797 -0.4037202 -0.9085235
    outer loop
      vertex -0.3619097 -0.1022887 0.03832781
      vertex -0.4002564 -0.09940347 0.03250079
      vertex -0.3619097 -0.08885381 0.03235776
    endloop
  endfacet
  facet normal 0.1118785 -0.3731304 -0.9210087
    outer loop
      vertex -0.3619097 -0.1022887 0.03832781
      vertex -0.4002564 -0.1144731 0.03860596
      vertex -0.4002564 -0.09940347 0.03250079
    endloop
  endfacet
  facet normal 0.09386055 -0.404367 -0.9097678
    outer loop
      vertex -0.3619097 -0.08885381 0.03235776
      vertex -0.4002564 -0.08437335 0.02641009
      vertex -0.3619097 -0.07545418 0.02640199
    endloop
  endfacet
  facet normal 0.09937215 -0.3737086 -0.9222077
    outer loop
      vertex -0.3619097 -0.08885381 0.03235776
      vertex -0.4002564 -0.09940347 0.03250079
      vertex -0.4002564 -0.08437335 0.02641009
    endloop
  endfacet
  facet normal 0.08064153 -0.4054854 -0.9105375
    outer loop
      vertex -0.3619097 -0.07545418 0.02640199
      vertex -0.4002564 -0.0699158 0.02053944
      vertex -0.3619097 -0.06256538 0.02066228
    endloop
  endfacet
  facet normal 0.08698096 -0.3748012 -0.9230159
    outer loop
      vertex -0.3619097 -0.07545418 0.02640199
      vertex -0.4002564 -0.08437335 0.02641009
      vertex -0.4002564 -0.0699158 0.02053944
    endloop
  endfacet
  facet normal 0.06927765 -0.4127879 -0.9081887
    outer loop
      vertex -0.3619097 -0.06256538 0.02066228
      vertex -0.4002564 -0.05628817 0.01488404
      vertex -0.3619097 -0.05042009 0.01514203
    endloop
  endfacet
  facet normal 0.07620845 -0.3821845 -0.9209383
    outer loop
      vertex -0.3619097 -0.06256538 0.02066228
      vertex -0.4002564 -0.0699158 0.02053944
      vertex -0.4002564 -0.05628817 0.01488404
    endloop
  endfacet
  facet normal 0.05724857 -0.4113654 -0.9096709
    outer loop
      vertex -0.3619097 -0.05042009 0.01514203
      vertex -0.4002564 -0.04365877 0.009671187
      vertex -0.3619097 -0.03916361 0.0100517
    endloop
  endfacet
  facet normal 0.0644692 -0.3807393 -0.9224323
    outer loop
      vertex -0.3619097 -0.05042009 0.01514203
      vertex -0.4002564 -0.05628817 0.01488404
      vertex -0.4002564 -0.04365877 0.009671187
    endloop
  endfacet
  facet normal 0.04510512 -0.3978869 -0.916325
    outer loop
      vertex -0.3619097 -0.03916361 0.0100517
      vertex -0.4002564 -0.03224067 0.005158042
      vertex -0.3619097 -0.02898074 0.005630093
    endloop
  endfacet
  facet normal 0.0522471 -0.3670872 -0.9287181
    outer loop
      vertex -0.3619097 -0.03916361 0.0100517
      vertex -0.4002564 -0.04365877 0.009671187
      vertex -0.4002564 -0.03224067 0.005158042
    endloop
  endfacet
  facet normal 0.03350032 -0.3677555 -0.9293189
    outer loop
      vertex -0.3619097 -0.02898074 0.005630093
      vertex -0.4002564 -0.02223625 0.00157879
      vertex -0.3619097 -0.02004735 0.002094919
    endloop
  endfacet
  facet normal 0.04019498 -0.3365853 -0.9407947
    outer loop
      vertex -0.3619097 -0.02898074 0.005630093
      vertex -0.4002564 -0.03224067 0.005158042
      vertex -0.4002564 -0.02223625 0.00157879
    endloop
  endfacet
  facet normal 0.02297797 -0.3112641 -0.9500456
    outer loop
      vertex -0.3619097 -0.02004735 0.002094919
      vertex -0.4002564 -0.01384007 -0.0008662367
      vertex -0.3619097 -0.01253323 -0.000366935
    endloop
  endfacet
  facet normal 0.02887038 -0.2794768 -0.9597183
    outer loop
      vertex -0.3619097 -0.02004735 0.002094919
      vertex -0.4002564 -0.02223625 0.00157879
      vertex -0.4002564 -0.01384007 -0.0008662367
    endloop
  endfacet
  facet normal 0.0138929 -0.2041679 -0.9788373
    outer loop
      vertex -0.3619097 -0.01253323 -0.000366935
      vertex -0.4002564 -0.00723454 -0.002016413
      vertex -0.3619097 -0.006598409 -0.001604833
    endloop
  endfacet
  facet normal 0.0186705 -0.1715123 -0.9850051
    outer loop
      vertex -0.3619097 -0.01253323 -0.000366935
      vertex -0.4002564 -0.01384007 -0.0008662367
      vertex -0.4002564 -0.00723454 -0.002016413
    endloop
  endfacet
  facet normal 0.006303418 0.02327165 -0.9997093
    outer loop
      vertex -0.3619097 -0.006598409 -0.001604833
      vertex -0.4002564 -0.002579587 -0.001753067
      vertex -0.3619097 -0.002383838 -0.001506724
    endloop
  endfacet
  facet normal 0.009778524 0.05648033 -0.9983558
    outer loop
      vertex -0.3619097 -0.006598409 -0.001604833
      vertex -0.4002564 -0.00723454 -0.002016413
      vertex -0.4002564 -0.002579587 -0.001753067
    endloop
  endfacet
  facet normal 6.65775E-17 0.5342825 -0.845306
    outer loop
      vertex -0.3619097 -0.002383838 -0.001506724
      vertex -0.4002564 4.901728E-17 0
      vertex -0.3619097 4.432115E-17 0
    endloop
  endfacet
  facet normal 0.002443988 0.5620776 -0.8270809
    outer loop
      vertex -0.3619097 -0.002383838 -0.001506724
      vertex -0.4002564 -0.002579587 -0.001753067
      vertex -0.4002564 4.901728E-17 0
    endloop
  endfacet
  facet normal -0.002501557 0.9946175 -0.1035845
    outer loop
      vertex -0.4002564 4.901728E-17 0
      vertex -0.4386032 0.000258873 0.003411769
      vertex -0.4002564 0.0003234362 0.003105633
    endloop
  endfacet
  facet normal 1.221137E-16 0.9971338 -0.07565899
    outer loop
      vertex -0.4002564 4.901728E-17 0
      vertex -0.4386032 5.37134E-17 0
      vertex -0.4386032 0.000258873 0.003411769
    endloop
  endfacet
  facet normal -0.00179144 0.8984514 0.4390694
    outer loop
      vertex -0.4002564 0.0003234362 0.003105633
      vertex -0.4386032 -0.002143077 0.007996308
      vertex -0.4002564 -0.001750357 0.007349158
    endloop
  endfacet
  facet normal 0.002213581 0.8857877 0.4640853
    outer loop
      vertex -0.4002564 0.0003234362 0.003105633
      vertex -0.4386032 0.000258873 0.003411769
      vertex -0.4386032 -0.002143077 0.007996308
    endloop
  endfacet
  facet normal -0.00232562 0.7598181 0.6501315
    outer loop
      vertex -0.4002564 -0.001750357 0.007349158
      vertex -0.4386032 -0.007206811 0.01358902
      vertex -0.4002564 -0.006226468 0.01258045
    endloop
  endfacet
  facet normal 0.003735179 0.7412893 0.6711753
    outer loop
      vertex -0.4002564 -0.001750357 0.007349158
      vertex -0.4386032 -0.002143077 0.007996308
      vertex -0.4386032 -0.007206811 0.01358902
    endloop
  endfacet
  facet normal -0.004313381 0.6583905 0.7526642
    outer loop
      vertex -0.4002564 -0.006226468 0.01258045
      vertex -0.4386032 -0.01487977 0.01993014
      vertex -0.4002564 -0.01306359 0.01856121
    endloop
  endfacet
  facet normal 0.003987929 0.6370309 0.7708279
    outer loop
      vertex -0.4002564 -0.006226468 0.01258045
      vertex -0.4386032 -0.007206811 0.01358902
      vertex -0.4386032 -0.01487977 0.01993014
    endloop
  endfacet
  facet normal -0.007120629 0.5773298 0.81648
    outer loop
      vertex -0.4002564 -0.01306359 0.01856121
      vertex -0.4386032 -0.02504056 0.02669564
      vertex -0.4002564 -0.0221593 0.02499274
    endloop
  endfacet
  facet normal 0.003465272 0.5542228 0.8323611
    outer loop
      vertex -0.4002564 -0.01306359 0.01856121
      vertex -0.4386032 -0.01487977 0.01993014
      vertex -0.4386032 -0.02504056 0.02669564
    endloop
  endfacet
  facet normal -0.01009333 0.5059253 0.8625183
    outer loop
      vertex -0.4002564 -0.0221593 0.02499274
      vertex -0.4386032 -0.03748674 0.03353458
      vertex -0.4002564 -0.03333788 0.03154973
    endloop
  endfacet
  facet normal 0.002735781 0.4815676 0.8764047
    outer loop
      vertex -0.4002564 -0.0221593 0.02499274
      vertex -0.4386032 -0.02504056 0.02669564
      vertex -0.4386032 -0.03748674 0.03353458
    endloop
  endfacet
  facet normal -0.01266177 0.4394912 0.8981577
    outer loop
      vertex -0.4002564 -0.03333788 0.03154973
      vertex -0.4386032 -0.05193036 0.04010691
      vertex -0.4002564 -0.04634537 0.03791463
    endloop
  endfacet
  facet normal 0.002301832 0.4141699 0.9101967
    outer loop
      vertex -0.4002564 -0.03333788 0.03154973
      vertex -0.4386032 -0.03748674 0.03353458
      vertex -0.4386032 -0.05193036 0.04010691
    endloop
  endfacet
  facet normal -0.01438622 0.3762832 0.926393
    outer loop
      vertex -0.4002564 -0.04634537 0.03791463
      vertex -0.4386032 -0.06800359 0.04611629
      vertex -0.4002564 -0.06085382 0.04380768
    endloop
  endfacet
  facet normal 0.002545122 0.3501981 0.9366722
    outer loop
      vertex -0.4002564 -0.04634537 0.03791463
      vertex -0.4386032 -0.05193036 0.04010691
      vertex -0.4386032 -0.06800359 0.04611629
    endloop
  endfacet
  facet normal -0.01506608 0.3166242 0.9484314
    outer loop
      vertex -0.4002564 -0.06085382 0.04380768
      vertex -0.4386032 -0.08519309 0.05132395
      vertex -0.4002564 -0.07640105 0.04899797
    endloop
  endfacet
  facet normal 0.003557311 0.2899407 0.957038
    outer loop
      vertex -0.4002564 -0.06085382 0.04380768
      vertex -0.4386032 -0.06800359 0.04611629
      vertex -0.4386032 -0.08519309 0.05132395
    endloop
  endfacet
  facet normal -0.0177894 0.2739247 0.9615866
    outer loop
      vertex -0.4002564 -0.07640105 0.04899797
      vertex -0.4386032 -0.1028391 0.05581988
      vertex -0.4002564 -0.0923829 0.05355068
    endloop
  endfacet
  facet normal 0.002170895 0.2468965 0.9690394
    outer loop
      vertex -0.4002564 -0.07640105 0.04899797
      vertex -0.4386032 -0.08519309 0.05132395
      vertex -0.4386032 -0.1028391 0.05581988
    endloop
  endfacet
  facet normal -0.02151847 0.240675 0.9703672
    outer loop
      vertex -0.4002564 -0.0923829 0.05355068
      vertex -0.4386032 -0.1206355 0.05970765
      vertex -0.4002564 -0.1085175 0.05755247
    endloop
  endfacet
  facet normal -0.0003829156 0.2134247 0.9769594
    outer loop
      vertex -0.4002564 -0.0923829 0.05355068
      vertex -0.4386032 -0.1028391 0.05581988
      vertex -0.4386032 -0.1206355 0.05970765
    endloop
  endfacet
  facet normal -0.02468445 0.210802 0.9772171
    outer loop
      vertex -0.4002564 -0.1085175 0.05755247
      vertex -0.4386032 -0.1381084 0.06296707
      vertex -0.4002564 -0.1243731 0.06097278
    endloop
  endfacet
  facet normal -0.00269963 0.1833772 0.9830389
    outer loop
      vertex -0.4002564 -0.1085175 0.05755247
      vertex -0.4386032 -0.1206355 0.05970765
      vertex -0.4386032 -0.1381084 0.06296707
    endloop
  endfacet
  facet normal -0.02708784 0.1838188 0.9825868
    outer loop
      vertex -0.4002564 -0.1243731 0.06097278
      vertex -0.4386032 -0.1547959 0.06560702
      vertex -0.4002564 -0.1395281 0.06380793
    endloop
  endfacet
  facet normal -0.004600801 0.1562545 0.9877061
    outer loop
      vertex -0.4002564 -0.1243731 0.06097278
      vertex -0.4386032 -0.1381084 0.06296707
      vertex -0.4386032 -0.1547959 0.06560702
    endloop
  endfacet
  facet normal -0.02856219 0.1593844 0.9868033
    outer loop
      vertex -0.4002564 -0.1395281 0.06380793
      vertex -0.4386032 -0.17026 0.06766169
      vertex -0.4002564 -0.1535821 0.06607786
    endloop
  endfacet
  facet normal -0.005932206 0.1317072 0.9912709
    outer loop
      vertex -0.4002564 -0.1395281 0.06380793
      vertex -0.4386032 -0.1547959 0.06560702
      vertex -0.4386032 -0.17026 0.06766169
    endloop
  endfacet
  facet normal -0.02902866 0.1373784 0.9900932
    outer loop
      vertex -0.4002564 -0.1535821 0.06607786
      vertex -0.4386032 -0.1840967 0.06918756
      vertex -0.4002564 -0.1661651 0.06782379
    endloop
  endfacet
  facet normal -0.0066189 0.10961 0.9939526
    outer loop
      vertex -0.4002564 -0.1535821 0.06607786
      vertex -0.4386032 -0.17026 0.06766169
      vertex -0.4386032 -0.1840967 0.06918756
    endloop
  endfacet
  facet normal -0.02854107 0.1179338 0.9926112
    outer loop
      vertex -0.4002564 -0.1661651 0.06782379
      vertex -0.4386032 -0.1959454 0.07025944
      vertex -0.4002564 -0.1769462 0.06910471
    endloop
  endfacet
  facet normal -0.006710431 0.09009332 0.9959107
    outer loop
      vertex -0.4002564 -0.1661651 0.06782379
      vertex -0.4386032 -0.1840967 0.06918756
      vertex -0.4386032 -0.1959454 0.07025944
    endloop
  endfacet
  facet normal -0.02729942 0.1014122 0.9944699
    outer loop
      vertex -0.4002564 -0.1769462 0.06910471
      vertex -0.4386032 -0.2054976 0.0709636
      vertex -0.4002564 -0.1856418 0.06999145
    endloop
  endfacet
  facet normal -0.006394222 0.0735174 0.9972734
    outer loop
      vertex -0.4002564 -0.1769462 0.06910471
      vertex -0.4386032 -0.1959454 0.07025944
      vertex -0.4386032 -0.2054976 0.0709636
    endloop
  endfacet
  facet normal -0.02562032 0.08832466 0.9957622
    outer loop
      vertex -0.4002564 -0.1856418 0.06999145
      vertex -0.4386032 -0.2125042 0.07138753
      vertex -0.4002564 -0.1920225 0.07055742
    endloop
  endfacet
  facet normal -0.005965633 0.0603916 0.9981569
    outer loop
      vertex -0.4002564 -0.1856418 0.06999145
      vertex -0.4386032 -0.2054976 0.0709636
      vertex -0.4386032 -0.2125042 0.07138753
    endloop
  endfacet
  facet normal -0.02386817 0.07921454 0.9965718
    outer loop
      vertex -0.4002564 -0.1920225 0.07055742
      vertex -0.4386032 -0.2167827 0.07160712
      vertex -0.4002564 -0.1959197 0.0708672
    endloop
  endfacet
  facet normal -0.005759036 0.05125737 0.9986689
    outer loop
      vertex -0.4002564 -0.1920225 0.07055742
      vertex -0.4386032 -0.2125042 0.07138753
      vertex -0.4386032 -0.2167827 0.07160712
    endloop
  endfacet
  facet normal -0.02236613 0.07453289 0.9969677
    outer loop
      vertex -0.4002564 -0.1959197 0.0708672
      vertex -0.4386032 -0.2182213 0.07167419
      vertex -0.4002564 -0.1972303 0.07096519
    endloop
  endfacet
  facet normal -0.006059155 0.0465635 0.998897
    outer loop
      vertex -0.4002564 -0.1959197 0.0708672
      vertex -0.4386032 -0.2167827 0.07160712
      vertex -0.4386032 -0.2182213 0.07167419
    endloop
  endfacet
  facet normal 0.3235577 -0.6173537 -0.7170668
    outer loop
      vertex -0.4002564 -0.1972303 0.07096519
      vertex -0.4386032 -0.2169617 0.07064979
      vertex -0.4002564 -0.1961075 0.06999849
    endloop
  endfacet
  facet normal 0.3142637 -0.5989806 -0.7365192
    outer loop
      vertex -0.4002564 -0.1972303 0.07096519
      vertex -0.4386032 -0.2182213 0.07167419
      vertex -0.4386032 -0.2169617 0.07064979
    endloop
  endfacet
  facet normal 0.1654651 -0.338855 -0.9261742
    outer loop
      vertex -0.4002564 -0.1961075 0.06999849
      vertex -0.4386032 -0.2129046 0.06929315
      vertex -0.4002564 -0.1924413 0.06865715
    endloop
  endfacet
  facet normal 0.1544792 -0.3133203 -0.9369987
    outer loop
      vertex -0.4002564 -0.1961075 0.06999849
      vertex -0.4386032 -0.2169617 0.07064979
      vertex -0.4386032 -0.2129046 0.06929315
    endloop
  endfacet
  facet normal 0.161331 -0.3405752 -0.9262725
    outer loop
      vertex -0.4002564 -0.1924413 0.06865715
      vertex -0.4386032 -0.2062699 0.06706276
      vertex -0.4002564 -0.1864461 0.06645281
    endloop
  endfacet
  facet normal 0.1525158 -0.3149188 -0.9367844
    outer loop
      vertex -0.4002564 -0.1924413 0.06865715
      vertex -0.4386032 -0.2129046 0.06929315
      vertex -0.4386032 -0.2062699 0.06706276
    endloop
  endfacet
  facet normal 0.1558694 -0.3433237 -0.926193
    outer loop
      vertex -0.4002564 -0.1864461 0.06645281
      vertex -0.4386032 -0.197243 0.06400163
      vertex -0.4002564 -0.1782899 0.06342947
    endloop
  endfacet
  facet normal 0.1492662 -0.3175495 -0.9364197
    outer loop
      vertex -0.4002564 -0.1864461 0.06645281
      vertex -0.4386032 -0.2062699 0.06706276
      vertex -0.4386032 -0.197243 0.06400163
    endloop
  endfacet
  facet normal 0.149261 -0.3472166 -0.9258303
    outer loop
      vertex -0.4002564 -0.1782899 0.06342947
      vertex -0.4386032 -0.1860729 0.06016611
      vertex -0.4002564 -0.1681986 0.05964488
    endloop
  endfacet
  facet normal 0.1448584 -0.3213362 -0.93582
    outer loop
      vertex -0.4002564 -0.1782899 0.06342947
      vertex -0.4386032 -0.197243 0.06400163
      vertex -0.4386032 -0.1860729 0.06016611
    endloop
  endfacet
  facet normal 0.1416349 -0.352231 -0.925134
    outer loop
      vertex -0.4002564 -0.1681986 0.05964488
      vertex -0.4386032 -0.1730627 0.05562605
      vertex -0.4002564 -0.1564467 0.05517051
    endloop
  endfacet
  facet normal 0.1393694 -0.3262615 -0.934949
    outer loop
      vertex -0.4002564 -0.1681986 0.05964488
      vertex -0.4386032 -0.1860729 0.06016611
      vertex -0.4386032 -0.1730627 0.05562605
    endloop
  endfacet
  facet normal 0.1330365 -0.3581048 -0.9241549
    outer loop
      vertex -0.4002564 -0.1564467 0.05517051
      vertex -0.4386032 -0.1585578 0.05046835
      vertex -0.4002564 -0.1433471 0.05009449
    endloop
  endfacet
  facet normal 0.1327933 -0.3320655 -0.9338621
    outer loop
      vertex -0.4002564 -0.1564467 0.05517051
      vertex -0.4386032 -0.1730627 0.05562605
      vertex -0.4386032 -0.1585578 0.05046835
    endloop
  endfacet
  facet normal 0.1234327 -0.364267 -0.9230785
    outer loop
      vertex -0.4002564 -0.1433471 0.05009449
      vertex -0.4386032 -0.1429326 0.04480326
      vertex -0.4002564 -0.1292385 0.04452696
    endloop
  endfacet
  facet normal 0.1250476 -0.3381756 -0.9327381
    outer loop
      vertex -0.4002564 -0.1433471 0.05009449
      vertex -0.4386032 -0.1585578 0.05046835
      vertex -0.4386032 -0.1429326 0.04480326
    endloop
  endfacet
  facet normal 0.1127575 -0.3698188 -0.9222363
    outer loop
      vertex -0.4002564 -0.1292385 0.04452696
      vertex -0.4386032 -0.126577 0.03877117
      vertex -0.4002564 -0.1144731 0.03860596
    endloop
  endfacet
  facet normal 0.1160202 -0.3436878 -0.9318895
    outer loop
      vertex -0.4002564 -0.1292385 0.04452696
      vertex -0.4386032 -0.1429326 0.04480326
      vertex -0.4386032 -0.126577 0.03877117
    endloop
  endfacet
  facet normal 0.1009819 -0.3735683 -0.9220897
    outer loop
      vertex -0.4002564 -0.1144731 0.03860596
      vertex -0.4386032 -0.1098825 0.03254668
      vertex -0.4002564 -0.09940347 0.03250079
    endloop
  endfacet
  facet normal 0.1056405 -0.3474008 -0.9317472
    outer loop
      vertex -0.4002564 -0.1144731 0.03860596
      vertex -0.4386032 -0.126577 0.03877117
      vertex -0.4386032 -0.1098825 0.03254668
    endloop
  endfacet
  facet normal 0.08818507 -0.3741044 -0.9231843
    outer loop
      vertex -0.4002564 -0.09940347 0.03250079
      vertex -0.4386032 -0.09323181 0.02633684
      vertex -0.4002564 -0.08437335 0.02641009
    endloop
  endfacet
  facet normal 0.09395214 -0.3478908 -0.9328156
    outer loop
      vertex -0.4002564 -0.09940347 0.03250079
      vertex -0.4386032 -0.1098825 0.03254668
      vertex -0.4386032 -0.09323181 0.02633684
    endloop
  endfacet
  facet normal 0.07596041 -0.3751401 -0.9238506
    outer loop
      vertex -0.4002564 -0.08437335 0.02641009
      vertex -0.4386032 -0.07721502 0.02035044
      vertex -0.4002564 -0.0699158 0.02053944
    endloop
  endfacet
  facet normal 0.08238538 -0.348913 -0.9335268
    outer loop
      vertex -0.4002564 -0.08437335 0.02641009
      vertex -0.4386032 -0.09323181 0.02633684
      vertex -0.4386032 -0.07721502 0.02035044
    endloop
  endfacet
  facet normal 0.06555033 -0.3824748 -0.9216378
    outer loop
      vertex -0.4002564 -0.0699158 0.02053944
      vertex -0.4386032 -0.0621139 0.01457433
      vertex -0.4002564 -0.05628817 0.01488404
    endloop
  endfacet
  facet normal 0.07241524 -0.3563159 -0.9315552
    outer loop
      vertex -0.4002564 -0.0699158 0.02053944
      vertex -0.4386032 -0.07721502 0.02035044
      vertex -0.4386032 -0.0621139 0.01457433
    endloop
  endfacet
  facet normal 0.05440235 -0.380968 -0.9229863
    outer loop
      vertex -0.4002564 -0.05628817 0.01488404
      vertex -0.4386032 -0.04811984 0.009252294
      vertex -0.4002564 -0.04365877 0.009671187
    endloop
  endfacet
  facet normal 0.06143652 -0.3547965 -0.9329228
    outer loop
      vertex -0.4002564 -0.05628817 0.01488404
      vertex -0.4386032 -0.0621139 0.01457433
      vertex -0.4386032 -0.04811984 0.009252294
    endloop
  endfacet
  facet normal 0.0430461 -0.3672485 -0.9291262
    outer loop
      vertex -0.4002564 -0.04365877 0.009671187
      vertex -0.4386032 -0.03547408 0.004659495
      vertex -0.4002564 -0.03224067 0.005158042
    endloop
  endfacet
  facet normal 0.04991868 -0.3409461 -0.9387566
    outer loop
      vertex -0.4002564 -0.04365877 0.009671187
      vertex -0.4386032 -0.04811984 0.009252294
      vertex -0.4386032 -0.03547408 0.004659495
    endloop
  endfacet
  facet normal 0.03211588 -0.3366838 -0.9410699
    outer loop
      vertex -0.4002564 -0.03224067 0.005158042
      vertex -0.4386032 -0.02440553 0.001046227
      vertex -0.4002564 -0.02223625 0.00157879
    endloop
  endfacet
  facet normal 0.03849753 -0.3100977 -0.9499249
    outer loop
      vertex -0.4002564 -0.03224067 0.005158042
      vertex -0.4386032 -0.03547408 0.004659495
      vertex -0.4386032 -0.02440553 0.001046227
    endloop
  endfacet
  facet normal 0.0221393 -0.2795248 -0.9598832
    outer loop
      vertex -0.4002564 -0.02223625 0.00157879
      vertex -0.4386032 -0.01513345 -0.001374047
      vertex -0.4002564 -0.01384007 -0.0008662367
    endloop
  endfacet
  facet normal 0.02771483 -0.2524686 -0.9672081
    outer loop
      vertex -0.4002564 -0.02223625 0.00157879
      vertex -0.4386032 -0.02440553 0.001046227
      vertex -0.4386032 -0.01513345 -0.001374047
    endloop
  endfacet
  facet normal 0.01345922 -0.1715266 -0.9850875
    outer loop
      vertex -0.4002564 -0.01384007 -0.0008662367
      vertex -0.4386032 -0.007862585 -0.002430987
      vertex -0.4002564 -0.00723454 -0.002016413
    endloop
  endfacet
  facet normal 0.01795395 -0.1438312 -0.9894394
    outer loop
      vertex -0.4002564 -0.01384007 -0.0008662367
      vertex -0.4386032 -0.01513345 -0.001374047
      vertex -0.4386032 -0.007862585 -0.002430987
    endloop
  endfacet
  facet normal 0.006133396 0.05648197 -0.9983848
    outer loop
      vertex -0.4002564 -0.00723454 -0.002016413
      vertex -0.4386032 -0.002771757 -0.001999515
      vertex -0.4002564 -0.002579587 -0.001753067
    endloop
  endfacet
  facet normal 0.009388982 0.08444825 -0.9963836
    outer loop
      vertex -0.4002564 -0.00723454 -0.002016413
      vertex -0.4386032 -0.007862585 -0.002430987
      vertex -0.4386032 -0.002771757 -0.001999515
    endloop
  endfacet
  facet normal 7.082237E-17 0.5620793 -0.8270834
    outer loop
      vertex -0.4002564 -0.002579587 -0.001753067
      vertex -0.4386032 5.37134E-17 0
      vertex -0.4002564 4.901728E-17 0
    endloop
  endfacet
  facet normal 0.002280266 0.5850448 -0.8109977
    outer loop
      vertex -0.4002564 -0.002579587 -0.001753067
      vertex -0.4386032 -0.002771757 -0.001999515
      vertex -0.4386032 5.37134E-17 0
    endloop
  endfacet
  facet normal -0.002322271 0.9971311 -0.07565879
    outer loop
      vertex -0.4386032 5.37134E-17 0
      vertex -0.47695 0.0001926288 0.003715732
      vertex -0.4386032 0.000258873 0.003411769
    endloop
  endfacet
  facet normal 1.223004E-16 0.9986589 -0.05177189
    outer loop
      vertex -0.4386032 5.37134E-17 0
      vertex -0.47695 5.840953E-17 0
      vertex -0.47695 0.0001926288 0.003715732
    endloop
  endfacet
  facet normal -0.001364326 0.8857891 0.464086
    outer loop
      vertex -0.4386032 0.000258873 0.003411769
      vertex -0.47695 -0.002537893 0.008637152
      vertex -0.4386032 -0.002143077 0.007996308
    endloop
  endfacet
  facet normal 0.002335085 0.8744263 0.4851527
    outer loop
      vertex -0.4386032 0.000258873 0.003411769
      vertex -0.47695 0.0001926288 0.003715732
      vertex -0.47695 -0.002537893 0.008637152
    endloop
  endfacet
  facet normal -0.00153629 0.7412935 0.6711792
    outer loop
      vertex -0.4386032 -0.002143077 0.007996308
      vertex -0.47695 -0.008188329 0.0145853
      vertex -0.4386032 -0.007206811 0.01358902
    endloop
  endfacet
  facet normal 0.004045136 0.7250121 0.6887243
    outer loop
      vertex -0.4386032 -0.002143077 0.007996308
      vertex -0.47695 -0.002537893 0.008637152
      vertex -0.47695 -0.008188329 0.0145853
    endloop
  endfacet
  facet normal -0.003034616 0.6370331 0.7708305
    outer loop
      vertex -0.4386032 -0.007206811 0.01358902
      vertex -0.47695 -0.01669477 0.02127914
      vertex -0.4386032 -0.01487977 0.01993014
    endloop
  endfacet
  facet normal 0.004588604 0.6183978 0.7858518
    outer loop
      vertex -0.4386032 -0.007206811 0.01358902
      vertex -0.47695 -0.008188329 0.0145853
      vertex -0.47695 -0.01669477 0.02127914
    endloop
  endfacet
  facet normal -0.005235581 0.5542185 0.8323547
    outer loop
      vertex -0.4386032 -0.01487977 0.01993014
      vertex -0.47695 -0.02791683 0.02836959
      vertex -0.4386032 -0.02504056 0.02669564
    endloop
  endfacet
  facet normal 0.004458169 0.5341402 0.8453842
    outer loop
      vertex -0.4386032 -0.01487977 0.01993014
      vertex -0.47695 -0.01669477 0.02127914
      vertex -0.47695 -0.02791683 0.02836959
    endloop
  endfacet
  facet normal -0.00750182 0.4815559 0.8763833
    outer loop
      vertex -0.4386032 -0.02504056 0.02669564
      vertex -0.47695 -0.04162529 0.03548039
      vertex -0.4386032 -0.03748674 0.03353458
    endloop
  endfacet
  facet normal 0.004212487 0.4604514 0.8876749
    outer loop
      vertex -0.4386032 -0.02504056 0.02669564
      vertex -0.47695 -0.02791683 0.02836959
      vertex -0.47695 -0.04162529 0.03548039
    endloop
  endfacet
  facet normal -0.009283342 0.4141531 0.9101599
    outer loop
      vertex -0.4386032 -0.03748674 0.03353458
      vertex -0.47695 -0.05749826 0.04224937
      vertex -0.4386032 -0.05193036 0.04010691
    endloop
  endfacet
  facet normal 0.004340192 0.3922639 0.9198425
    outer loop
      vertex -0.4386032 -0.03748674 0.03353458
      vertex -0.47695 -0.04162529 0.03548039
      vertex -0.47695 -0.05749826 0.04224937
    endloop
  endfacet
  facet normal -0.01016205 0.3501811 0.9366269
    outer loop
      vertex -0.4386032 -0.05193036 0.04010691
      vertex -0.47695 -0.07512816 0.04836394
      vertex -0.4386032 -0.06800359 0.04611629
    endloop
  endfacet
  facet normal 0.005207028 0.3276761 0.9447758
    outer loop
      vertex -0.4386032 -0.05193036 0.04010691
      vertex -0.47695 -0.05749826 0.04224937
      vertex -0.47695 -0.07512816 0.04836394
    endloop
  endfacet
  facet normal -0.00996333 0.2899281 0.9569966
    outer loop
      vertex -0.4386032 -0.06800359 0.04611629
      vertex -0.47695 -0.09395072 0.0535779
      vertex -0.4386032 -0.08519309 0.05132395
    endloop
  endfacet
  facet normal 0.006888332 0.2669472 0.9636865
    outer loop
      vertex -0.4386032 -0.06800359 0.04611629
      vertex -0.47695 -0.07512816 0.04836394
      vertex -0.47695 -0.09395072 0.0535779
    endloop
  endfacet
  facet normal -0.01178635 0.24688 0.9689744
    outer loop
      vertex -0.4386032 -0.08519309 0.05132395
      vertex -0.47695 -0.113251 0.05800624
      vertex -0.4386032 -0.1028391 0.05581988
    endloop
  endfacet
  facet normal 0.006215934 0.223629 0.9746545
    outer loop
      vertex -0.4386032 -0.08519309 0.05132395
      vertex -0.47695 -0.09395072 0.0535779
      vertex -0.47695 -0.113251 0.05800624
    endloop
  endfacet
  facet normal -0.01460933 0.2134019 0.9768553
    outer loop
      vertex -0.4386032 -0.1028391 0.05581988
      vertex -0.47695 -0.132699 0.06176953
      vertex -0.4386032 -0.1206355 0.05970765
    endloop
  endfacet
  facet normal 0.004393369 0.1899792 0.9817783
    outer loop
      vertex -0.4386032 -0.1028391 0.05581988
      vertex -0.47695 -0.113251 0.05800624
      vertex -0.47695 -0.132699 0.06176953
    endloop
  endfacet
  facet normal -0.0168927 0.1833517 0.9829022
    outer loop
      vertex -0.4386032 -0.1206355 0.05970765
      vertex -0.47695 -0.1517789 0.06485814
      vertex -0.4386032 -0.1381084 0.06296707
    endloop
  endfacet
  facet normal 0.00280767 0.1597966 0.987146
    outer loop
      vertex -0.4386032 -0.1206355 0.05970765
      vertex -0.47695 -0.132699 0.06176953
      vertex -0.47695 -0.1517789 0.06485814
    endloop
  endfacet
  facet normal -0.01845957 0.1562295 0.9875483
    outer loop
      vertex -0.4386032 -0.1381084 0.06296707
      vertex -0.47695 -0.1699889 0.06729376
      vertex -0.4386032 -0.1547959 0.06560702
    endloop
  endfacet
  facet normal 0.001618258 0.1325712 0.9911722
    outer loop
      vertex -0.4386032 -0.1381084 0.06296707
      vertex -0.47695 -0.1517789 0.06485814
      vertex -0.47695 -0.1699889 0.06729376
    endloop
  endfacet
  facet normal -0.01916467 0.1316853 0.9911063
    outer loop
      vertex -0.4386032 -0.1547959 0.06560702
      vertex -0.47695 -0.1868537 0.06912495
      vertex -0.4386032 -0.17026 0.06766169
    endloop
  endfacet
  facet normal 0.000960951 0.1079462 0.9941563
    outer loop
      vertex -0.4386032 -0.1547959 0.06560702
      vertex -0.47695 -0.1699889 0.06729376
      vertex -0.47695 -0.1868537 0.06912495
    endloop
  endfacet
  facet normal -0.0189484 0.1095927 0.9937959
    outer loop
      vertex -0.4386032 -0.17026 0.06766169
      vertex -0.47695 -0.2019355 0.07042362
      vertex -0.4386032 -0.1840967 0.06918756
    endloop
  endfacet
  facet normal 0.0008936401 0.08579118 0.9963127
    outer loop
      vertex -0.4386032 -0.17026 0.06766169
      vertex -0.47695 -0.1868537 0.06912495
      vertex -0.47695 -0.2019355 0.07042362
    endloop
  endfacet
  facet normal -0.01788128 0.09008095 0.9957739
    outer loop
      vertex -0.4386032 -0.1840967 0.06918756
      vertex -0.47695 -0.2148444 0.0712805
      vertex -0.4386032 -0.1959454 0.07025944
    endloop
  endfacet
  facet normal 0.001351708 0.06623279 0.9978033
    outer loop
      vertex -0.4386032 -0.1840967 0.06918756
      vertex -0.47695 -0.2019355 0.07042362
      vertex -0.47695 -0.2148444 0.0712805
    endloop
  endfacet
  facet normal -0.01617698 0.07350928 0.9971633
    outer loop
      vertex -0.4386032 -0.1959454 0.07025944
      vertex -0.47695 -0.225247 0.0717974
      vertex -0.4386032 -0.2054976 0.0709636
    endloop
  endfacet
  facet normal 0.002135108 0.04962846 0.9987655
    outer loop
      vertex -0.4386032 -0.1959454 0.07025944
      vertex -0.47695 -0.2148444 0.0712805
      vertex -0.47695 -0.225247 0.0717974
    endloop
  endfacet
  facet normal -0.01416245 0.06038662 0.9980746
    outer loop
      vertex -0.4386032 -0.2054976 0.0709636
      vertex -0.47695 -0.2328751 0.0720759
      vertex -0.4386032 -0.2125042 0.07138753
    endloop
  endfacet
  facet normal 0.002938514 0.03648487 0.9993299
    outer loop
      vertex -0.4386032 -0.2054976 0.0709636
      vertex -0.47695 -0.225247 0.0717974
      vertex -0.47695 -0.2328751 0.0720759
    endloop
  endfacet
  facet normal -0.01220899 0.0512544 0.998611
    outer loop
      vertex -0.4386032 -0.2125042 0.07138753
      vertex -0.47695 -0.237532 0.07220327
      vertex -0.4386032 -0.2167827 0.07160712
    endloop
  endfacet
  facet normal 0.003420155 0.02734081 0.9996203
    outer loop
      vertex -0.4386032 -0.2125042 0.07138753
      vertex -0.47695 -0.2328751 0.0720759
      vertex -0.47695 -0.237532 0.07220327
    endloop
  endfacet
  facet normal -0.01064339 0.04656172 0.9988587
    outer loop
      vertex -0.4386032 -0.2167827 0.07160712
      vertex -0.47695 -0.2390977 0.07223873
      vertex -0.4386032 -0.2182213 0.07167419
    endloop
  endfacet
  facet normal 0.003290166 0.02264283 0.9997382
    outer loop
      vertex -0.4386032 -0.2167827 0.07160712
      vertex -0.47695 -0.237532 0.07220327
      vertex -0.47695 -0.2390977 0.07223873
    endloop
  endfacet
  facet normal 0.3142083 -0.5989922 -0.7365334
    outer loop
      vertex -0.4386032 -0.2182213 0.07167419
      vertex -0.47695 -0.2377017 0.07115788
      vertex -0.4386032 -0.2169617 0.07064979
    endloop
  endfacet
  facet normal 0.3061969 -0.5827927 -0.7527258
    outer loop
      vertex -0.4386032 -0.2182213 0.07167419
      vertex -0.47695 -0.2390977 0.07223873
      vertex -0.47695 -0.2377017 0.07115788
    endloop
  endfacet
  facet normal 0.154184 -0.3133349 -0.9370424
    outer loop
      vertex -0.4386032 -0.2169617 0.07064979
      vertex -0.47695 -0.2332559 0.06978864
      vertex -0.4386032 -0.2129046 0.06929315
    endloop
  endfacet
  facet normal 0.1449826 -0.2912277 -0.9456038
    outer loop
      vertex -0.4386032 -0.2169617 0.07064979
      vertex -0.47695 -0.2377017 0.07115788
      vertex -0.47695 -0.2332559 0.06978864
    endloop
  endfacet
  facet normal 0.1503825 -0.3150229 -0.9370943
    outer loop
      vertex -0.4386032 -0.2129046 0.06929315
      vertex -0.47695 -0.2259851 0.06753662
      vertex -0.4386032 -0.2062699 0.06706276
    endloop
  endfacet
  facet normal 0.1431887 -0.2928201 -0.9453853
    outer loop
      vertex -0.4386032 -0.2129046 0.06929315
      vertex -0.47695 -0.2332559 0.06978864
      vertex -0.47695 -0.2259851 0.06753662
    endloop
  endfacet
  facet normal 0.145378 -0.3177355 -0.9369682
    outer loop
      vertex -0.4386032 -0.2062699 0.06706276
      vertex -0.47695 -0.2160921 0.06444376
      vertex -0.4386032 -0.197243 0.06400163
    endloop
  endfacet
  facet normal 0.1402171 -0.2954412 -0.9450152
    outer loop
      vertex -0.4386032 -0.2062699 0.06706276
      vertex -0.47695 -0.2259851 0.06753662
      vertex -0.47695 -0.2160921 0.06444376
    endloop
  endfacet
  facet normal 0.1393413 -0.3215934 -0.9365691
    outer loop
      vertex -0.4386032 -0.197243 0.06400163
      vertex -0.47695 -0.2038491 0.06056482
      vertex -0.4386032 -0.1860729 0.06016611
    endloop
  endfacet
  facet normal 0.1361899 -0.2992178 -0.9444157
    outer loop
      vertex -0.4386032 -0.197243 0.06400163
      vertex -0.47695 -0.2160921 0.06444376
      vertex -0.47695 -0.2038491 0.06056482
    endloop
  endfacet
  facet normal 0.1323888 -0.326577 -0.9358529
    outer loop
      vertex -0.4386032 -0.1860729 0.06016611
      vertex -0.47695 -0.1895873 0.05596785
      vertex -0.4386032 -0.1730627 0.05562605
    endloop
  endfacet
  facet normal 0.1311752 -0.3041342 -0.9435547
    outer loop
      vertex -0.4386032 -0.1860729 0.06016611
      vertex -0.47695 -0.2038491 0.06056482
      vertex -0.47695 -0.1895873 0.05596785
    endloop
  endfacet
  facet normal 0.1245499 -0.3324238 -0.9348699
    outer loop
      vertex -0.4386032 -0.1730627 0.05562605
      vertex -0.47695 -0.1736845 0.05073833
      vertex -0.4386032 -0.1585578 0.05046835
    endloop
  endfacet
  facet normal 0.1251559 -0.3099296 -0.9424859
    outer loop
      vertex -0.4386032 -0.1730627 0.05562605
      vertex -0.47695 -0.1895873 0.05596785
      vertex -0.47695 -0.1736845 0.05073833
    endloop
  endfacet
  facet normal 0.115773 -0.338559 -0.9337957
    outer loop
      vertex -0.4386032 -0.1585578 0.05046835
      vertex -0.47695 -0.1565507 0.04498637
      vertex -0.4386032 -0.1429326 0.04480326
    endloop
  endfacet
  facet normal 0.1180363 -0.3160278 -0.9413787
    outer loop
      vertex -0.4386032 -0.1585578 0.05046835
      vertex -0.47695 -0.1736845 0.05073833
      vertex -0.47695 -0.1565507 0.04498637
    endloop
  endfacet
  facet normal 0.1059712 -0.3440761 -0.9329425
    outer loop
      vertex -0.4386032 -0.1429326 0.04480326
      vertex -0.47695 -0.1386131 0.03885447
      vertex -0.4386032 -0.126577 0.03877117
    endloop
  endfacet
  facet normal 0.1096891 -0.321518 -0.9405288
    outer loop
      vertex -0.4386032 -0.1429326 0.04480326
      vertex -0.47695 -0.1565507 0.04498637
      vertex -0.47695 -0.1386131 0.03885447
    endloop
  endfacet
  facet normal 0.09509393 -0.3477725 -0.932744
    outer loop
      vertex -0.4386032 -0.126577 0.03877117
      vertex -0.47695 -0.1203023 0.03252221
      vertex -0.4386032 -0.1098825 0.03254668
    endloop
  endfacet
  facet normal 0.1000274 -0.3251905 -0.9403434
    outer loop
      vertex -0.4386032 -0.126577 0.03877117
      vertex -0.47695 -0.1386131 0.03885447
      vertex -0.47695 -0.1203023 0.03252221
    endloop
  endfacet
  facet normal 0.08319783 -0.3482249 -0.9337117
    outer loop
      vertex -0.4386032 -0.1098825 0.03254668
      vertex -0.47695 -0.1020394 0.02620474
      vertex -0.4386032 -0.09323181 0.02633684
    endloop
  endfacet
  facet normal 0.08907767 -0.3256115 -0.9412982
    outer loop
      vertex -0.4386032 -0.1098825 0.03254668
      vertex -0.47695 -0.1203023 0.03252221
      vertex -0.47695 -0.1020394 0.02620474
    endloop
  endfacet
  facet normal 0.07184805 -0.3491983 -0.9342903
    outer loop
      vertex -0.4386032 -0.09323181 0.02633684
      vertex -0.47695 -0.08447147 0.02011368
      vertex -0.4386032 -0.07721502 0.02035044
    endloop
  endfacet
  facet normal 0.07825442 -0.326579 -0.9419248
    outer loop
      vertex -0.4386032 -0.09323181 0.02633684
      vertex -0.47695 -0.1020394 0.02620474
      vertex -0.47695 -0.08447147 0.02011368
    endloop
  endfacet
  facet normal 0.06227601 -0.3565604 -0.9321944
    outer loop
      vertex -0.4386032 -0.07721502 0.02035044
      vertex -0.47695 -0.06790445 0.0142274
      vertex -0.4386032 -0.0621139 0.01457433
    endloop
  endfacet
  facet normal 0.06900733 -0.3339988 -0.940044
    outer loop
      vertex -0.4386032 -0.07721502 0.02035044
      vertex -0.47695 -0.08447147 0.02011368
      vertex -0.47695 -0.06790445 0.0142274
    endloop
  endfacet
  facet normal 0.05190189 -0.3549888 -0.9334287
    outer loop
      vertex -0.4386032 -0.0621139 0.01457433
      vertex -0.47695 -0.05255274 0.008805939
      vertex -0.4386032 -0.04811984 0.009252294
    endloop
  endfacet
  facet normal 0.05871321 -0.3324208 -0.9413019
    outer loop
      vertex -0.4386032 -0.0621139 0.01457433
      vertex -0.47695 -0.06790445 0.0142274
      vertex -0.47695 -0.05255274 0.008805939
    endloop
  endfacet
  facet normal 0.04123688 -0.3410813 -0.9391289
    outer loop
      vertex -0.4386032 -0.04811984 0.009252294
      vertex -0.47695 -0.03868578 0.004142151
      vertex -0.4386032 -0.03547408 0.004659495
    endloop
  endfacet
  facet normal 0.04782869 -0.3184128 -0.9467448
    outer loop
      vertex -0.4386032 -0.04811984 0.009252294
      vertex -0.47695 -0.05255274 0.008805939
      vertex -0.47695 -0.03868578 0.004142151
    endloop
  endfacet
  facet normal 0.03089899 -0.3101796 -0.9501757
    outer loop
      vertex -0.4386032 -0.03547408 0.004659495
      vertex -0.47695 -0.02655892 0.0005021796
      vertex -0.4386032 -0.02440553 0.001046227
    endloop
  endfacet
  facet normal 0.03697449 -0.2872899 -0.9571298
    outer loop
      vertex -0.4386032 -0.03547408 0.004659495
      vertex -0.47695 -0.03868578 0.004142151
      vertex -0.47695 -0.02655892 0.0005021796
    endloop
  endfacet
  facet normal 0.0214017 -0.2525078 -0.9673581
    outer loop
      vertex -0.4386032 -0.02440553 0.001046227
      vertex -0.47695 -0.01641609 -0.001887623
      vertex -0.4386032 -0.01513345 -0.001374047
    endloop
  endfacet
  facet normal 0.02667838 -0.2292536 -0.9730011
    outer loop
      vertex -0.4386032 -0.02440553 0.001046227
      vertex -0.47695 -0.02655892 0.0005021796
      vertex -0.47695 -0.01641609 -0.001887623
    endloop
  endfacet
  facet normal 0.01307747 -0.1438421 -0.9895142
    outer loop
      vertex -0.4386032 -0.01513345 -0.001374047
      vertex -0.47695 -0.008484286 -0.002847406
      vertex -0.4386032 -0.007862585 -0.002430987
    endloop
  endfacet
  facet normal 0.01731143 -0.1201101 -0.9926096
    outer loop
      vertex -0.4386032 -0.01513345 -0.001374047
      vertex -0.47695 -0.01641609 -0.001887623
      vertex -0.47695 -0.008484286 -0.002847406
    endloop
  endfacet
  facet normal 0.005983579 0.08445046 -0.9964097
    outer loop
      vertex -0.4386032 -0.007862585 -0.002430987
      vertex -0.47695 -0.002961186 -0.002245848
      vertex -0.4386032 -0.002771757 -0.001999515
    endloop
  endfacet
  facet normal 0.009039626 0.1082719 -0.9940802
    outer loop
      vertex -0.4386032 -0.007862585 -0.002430987
      vertex -0.47695 -0.008484286 -0.002847406
      vertex -0.47695 -0.002961186 -0.002245848
    endloop
  endfacet
  facet normal 7.109346E-17 0.5850464 -0.8109999
    outer loop
      vertex -0.4386032 -0.002771757 -0.001999515
      vertex -0.47695 5.840953E-17 0
      vertex -0.4386032 5.37134E-17 0
    endloop
  endfacet
  facet normal 0.002133145 0.6042879 -0.7967632
    outer loop
      vertex -0.4386032 -0.002771757 -0.001999515
      vertex -0.47695 -0.002961186 -0.002245848
      vertex -0.47695 5.840953E-17 0
    endloop
  endfacet
  facet normal 0.5 0.8660254 -8.143052E-15
    outer loop
      vertex -0.0860058 -0.2796837 0.03623361
      vertex -0.1426081 -0.2470044 0
      vertex -0.1430392 -0.2467555 0.002168588
    endloop
  endfacet
  facet normal 0.5 0.8660254 1.26032E-15
    outer loop
      vertex -0.0860058 -0.2796837 0.03623361
      vertex -0.1430392 -0.2467555 0.002168588
      vertex -0.1420873 -0.2473051 0.005349677
    endloop
  endfacet
  facet normal 0.5 0.8660254 5.992139E-15
    outer loop
      vertex -0.0860058 -0.2796837 0.03623361
      vertex -0.1420873 -0.2473051 0.005349677
      vertex -0.1397379 -0.2486615 0.009437527
    endloop
  endfacet
  facet normal 0.5 0.8660254 -3.544907E-15
    outer loop
      vertex -0.0860058 -0.2796837 0.03623361
      vertex -0.1397379 -0.2486615 0.009437527
      vertex -0.1359986 -0.2508203 0.01426
    endloop
  endfacet
  facet normal 0.5 0.8660254 -7.269837E-15
    outer loop
      vertex -0.0860058 -0.2796837 0.03623361
      vertex -0.1359986 -0.2508203 0.01426
      vertex -0.1309097 -0.2537584 0.01959697
    endloop
  endfacet
  facet normal 0.5 0.8660254 -2.572356E-15
    outer loop
      vertex -0.0860058 -0.2796837 0.03623361
      vertex -0.1309097 -0.2537584 0.01959697
      vertex -0.1245543 -0.2574277 0.02520312
    endloop
  endfacet
  facet normal 0.5 0.8660254 -1.607313E-14
    outer loop
      vertex -0.0860058 -0.2796837 0.03623361
      vertex -0.1245543 -0.2574277 0.02520312
      vertex -0.1170642 -0.2617521 0.03083183
    endloop
  endfacet
  facet normal 0.5 0.8660254 1.14622E-15
    outer loop
      vertex -0.0860058 -0.2796837 0.03623361
      vertex -0.1170642 -0.2617521 0.03083183
      vertex -0.1086194 -0.2666278 0.03625684
    endloop
  endfacet
  facet normal 0.5 0.8660254 -1.424703E-14
    outer loop
      vertex -0.0860058 -0.2796837 0.03623361
      vertex -0.1086194 -0.2666278 0.03625684
      vertex -0.09948551 -0.2719012 0.04127478
    endloop
  endfacet
  facet normal 0.5 0.8660254 -1.01643E-14
    outer loop
      vertex -0.0860058 -0.2796837 0.03623361
      vertex -0.09948551 -0.2719012 0.04127478
      vertex -0.09003758 -0.277356 0.0458794
    endloop
  endfacet
  facet normal 0.5 0.8660254 -9.889563E-15
    outer loop
      vertex -0.0860058 -0.2796837 0.03623361
      vertex -0.09003758 -0.277356 0.0458794
      vertex -0.08045473 -0.2828886 0.0501076
    endloop
  endfacet
  facet normal 0.5 0.8660254 -7.246772E-15
    outer loop
      vertex -0.0860058 -0.2796837 0.03623361
      vertex -0.08045473 -0.2828886 0.0501076
      vertex -0.07099918 -0.2883478 0.05390036
    endloop
  endfacet
  facet normal 0.5 0.8660254 -1.168918E-14
    outer loop
      vertex -0.0860058 -0.2796837 0.03623361
      vertex -0.07099918 -0.2883478 0.05390036
      vertex -0.06192887 -0.2935845 0.05721852
    endloop
  endfacet
  facet normal 0.5 0.8660254 -3.012008E-15
    outer loop
      vertex -0.0860058 -0.2796837 0.03623361
      vertex -0.06192887 -0.2935845 0.05721852
      vertex -0.05349059 -0.2984564 0.06004154
    endloop
  endfacet
  facet normal 0.5 0.8660254 -2.240155E-14
    outer loop
      vertex -0.0860058 -0.2796837 0.03623361
      vertex -0.05349059 -0.2984564 0.06004154
      vertex -0.04591403 -0.3028307 0.06236649
    endloop
  endfacet
  facet normal 0.5 0.8660254 -3.900133E-15
    outer loop
      vertex -0.0860058 -0.2796837 0.03623361
      vertex -0.04591403 -0.3028307 0.06236649
      vertex -0.03940627 -0.306588 0.06420645
    endloop
  endfacet
  facet normal 0.5 0.8660254 -1.133958E-14
    outer loop
      vertex -0.0860058 -0.2796837 0.03623361
      vertex -0.03940627 -0.306588 0.06420645
      vertex -0.03414643 -0.3096247 0.06558693
    endloop
  endfacet
  facet normal 0.5 0.8660254 0
    outer loop
      vertex -0.0860058 -0.2796837 0.03623361
      vertex -0.03414643 -0.3096247 0.06558693
      vertex -0.03028048 -0.3118567 0.06654
    endloop
  endfacet
  facet normal 0.5 0.8660254 9.246232E-15
    outer loop
      vertex -0.0860058 -0.2796837 0.03623361
      vertex -0.03028048 -0.3118567 0.06654
      vertex -0.02791651 -0.3132216 0.06709673
    endloop
  endfacet
  facet normal 0.5 0.8660254 0
    outer loop
      vertex -0.0860058 -0.2796837 0.03623361
      vertex -0.02791651 -0.3132216 0.06709673
      vertex -0.02712104 -0.3136808 0.06727957
    endloop
  endfacet
  facet normal 0.5 0.8660254 -8.3808E-14
    outer loop
      vertex -0.0860058 -0.2796837 0.03623361
      vertex -0.02712104 -0.3136808 0.06727957
      vertex -0.02773629 -0.3133256 0.06649856
    endloop
  endfacet
  facet normal 0.5 0.8660254 2.541037E-13
    outer loop
      vertex -0.0860058 -0.2796837 0.03623361
      vertex -0.02773629 -0.3133256 0.06649856
      vertex -0.02988137 -0.3120872 0.06523222
    endloop
  endfacet
  facet normal 0.5 0.8660254 2.510838E-14
    outer loop
      vertex -0.0860058 -0.2796837 0.03623361
      vertex -0.02988137 -0.3120872 0.06523222
      vertex -0.03338827 -0.3100625 0.06315374
    endloop
  endfacet
  facet normal 0.5 0.8660254 7.931115E-14
    outer loop
      vertex -0.0860058 -0.2796837 0.03623361
      vertex -0.03338827 -0.3100625 0.06315374
      vertex -0.0381574 -0.307309 0.06030877
    endloop
  endfacet
  facet normal 0.5 0.8660254 6.723366E-15
    outer loop
      vertex -0.0860058 -0.2796837 0.03623361
      vertex -0.0381574 -0.307309 0.06030877
      vertex -0.04405481 -0.3039041 0.05675772
    endloop
  endfacet
  facet normal 0.5 0.8660254 2.712267E-14
    outer loop
      vertex -0.0860058 -0.2796837 0.03623361
      vertex -0.04405481 -0.3039041 0.05675772
      vertex -0.05091761 -0.2999419 0.05257495
    endloop
  endfacet
  facet normal 0.5 0.8660254 3.444027E-14
    outer loop
      vertex -0.0860058 -0.2796837 0.03623361
      vertex -0.05091761 -0.2999419 0.05257495
      vertex -0.0585608 -0.2955291 0.04784987
    endloop
  endfacet
  facet normal 0.5 0.8660254 -2.037472E-15
    outer loop
      vertex -0.0860058 -0.2796837 0.03623361
      vertex -0.0585608 -0.2955291 0.04784987
      vertex -0.06678511 -0.2907808 0.04268975
    endloop
  endfacet
  facet normal 0.5 0.8660254 2.344705E-14
    outer loop
      vertex -0.0860058 -0.2796837 0.03623361
      vertex -0.06678511 -0.2907808 0.04268975
      vertex -0.07538531 -0.2858155 0.03722271
    endloop
  endfacet
  facet normal 0.5 0.8660254 2.060598E-14
    outer loop
      vertex -0.0860058 -0.2796837 0.03623361
      vertex -0.07538531 -0.2858155 0.03722271
      vertex -0.08415798 -0.2807506 0.03159905
    endloop
  endfacet
  facet normal 0.5 0.8660254 1.920441E-14
    outer loop
      vertex -0.0860058 -0.2796837 0.03623361
      vertex -0.08415798 -0.2807506 0.03159905
      vertex -0.09290755 -0.275699 0.02598906
    endloop
  endfacet
  facet normal 0.5 0.8660254 8.27901E-15
    outer loop
      vertex -0.0860058 -0.2796837 0.03623361
      vertex -0.09290755 -0.275699 0.02598906
      vertex -0.1013229 -0.2708404 0.0205843
    endloop
  endfacet
  facet normal 0.5 0.8660254 2.83956E-14
    outer loop
      vertex -0.0860058 -0.2796837 0.03623361
      vertex -0.1013229 -0.2708404 0.0205843
      vertex -0.1092461 -0.2662659 0.01540369
    endloop
  endfacet
  facet normal 0.5 0.8660254 1.905741E-14
    outer loop
      vertex -0.0860058 -0.2796837 0.03623361
      vertex -0.1092461 -0.2662659 0.01540369
      vertex -0.116591 -0.2620254 0.01062256
    endloop
  endfacet
  facet normal 0.5 0.8660254 3.088122E-14
    outer loop
      vertex -0.0860058 -0.2796837 0.03623361
      vertex -0.116591 -0.2620254 0.01062256
      vertex -0.1232464 -0.2581828 0.006441278
    endloop
  endfacet
  facet normal 0.5 0.8660254 1.955487E-14
    outer loop
      vertex -0.0860058 -0.2796837 0.03623361
      vertex -0.1232464 -0.2581828 0.006441278
      vertex -0.1291059 -0.2547998 0.003042999
    endloop
  endfacet
  facet normal 0.5 0.8660254 3.197766E-15
    outer loop
      vertex -0.0860058 -0.2796837 0.03623361
      vertex -0.1291059 -0.2547998 0.003042999
      vertex -0.1340655 -0.2519364 0.0005862766
    endloop
  endfacet
  facet normal 0.5 0.8660254 -2.518662E-15
    outer loop
      vertex -0.0860058 -0.2796837 0.03623361
      vertex -0.1340655 -0.2519364 0.0005862766
      vertex -0.1380253 -0.2496502 -0.0007994776
    endloop
  endfacet
  facet normal 0.5 0.8660254 5.927848E-15
    outer loop
      vertex -0.0860058 -0.2796837 0.03623361
      vertex -0.1380253 -0.2496502 -0.0007994776
      vertex -0.1408964 -0.2479926 -0.001016471
    endloop
  endfacet
  facet normal 0.5 0.8660254 -1.570767E-15
    outer loop
      vertex -0.0860058 -0.2796837 0.03623361
      vertex -0.1408964 -0.2479926 -0.001016471
      vertex -0.1426081 -0.2470044 0
    endloop
  endfacet
  facet normal -0.5 -0.8660254 -5.823976E-15
    outer loop
      vertex -0.1361726 -0.4721152 0.04077267
      vertex -0.2386418 -0.4129545 0.003715732
      vertex -0.238475 -0.4130508 0
    endloop
  endfacet
  facet normal -0.5 -0.8660254 9.01391E-15
    outer loop
      vertex -0.1361726 -0.4721152 0.04077267
      vertex -0.2362771 -0.4143198 0.008637152
      vertex -0.2386418 -0.4129545 0.003715732
    endloop
  endfacet
  facet normal -0.5 -0.8660254 -3.428501E-15
    outer loop
      vertex -0.1361726 -0.4721152 0.04077267
      vertex -0.2313837 -0.417145 0.0145853
      vertex -0.2362771 -0.4143198 0.008637152
    endloop
  endfacet
  facet normal -0.5 -0.8660254 -1.690231E-15
    outer loop
      vertex -0.1361726 -0.4721152 0.04077267
      vertex -0.2240169 -0.4213982 0.02127914
      vertex -0.2313837 -0.417145 0.0145853
    endloop
  endfacet
  facet normal -0.5 -0.8660254 3.466297E-15
    outer loop
      vertex -0.1361726 -0.4721152 0.04077267
      vertex -0.2142983 -0.4270092 0.02836959
      vertex -0.2240169 -0.4213982 0.02127914
    endloop
  endfacet
  facet normal -0.5 -0.8660254 9.198848E-16
    outer loop
      vertex -0.1361726 -0.4721152 0.04077267
      vertex -0.2024264 -0.4338635 0.03548039
      vertex -0.2142983 -0.4270092 0.02836959
    endloop
  endfacet
  facet normal -0.5 -0.8660254 -2.998861E-15
    outer loop
      vertex -0.1361726 -0.4721152 0.04077267
      vertex -0.18868 -0.4417999 0.04224937
      vertex -0.2024264 -0.4338635 0.03548039
    endloop
  endfacet
  facet normal -0.5 -0.8660254 4.918716E-15
    outer loop
      vertex -0.1361726 -0.4721152 0.04077267
      vertex -0.1734121 -0.4506149 0.04836394
      vertex -0.18868 -0.4417999 0.04224937
    endloop
  endfacet
  facet normal -0.5 -0.8660254 -1.772102E-15
    outer loop
      vertex -0.1361726 -0.4721152 0.04077267
      vertex -0.1571113 -0.4600262 0.0535779
      vertex -0.1734121 -0.4506149 0.04836394
    endloop
  endfacet
  facet normal -0.5 -0.8660254 7.46089E-16
    outer loop
      vertex -0.1361726 -0.4721152 0.04077267
      vertex -0.1403968 -0.4696763 0.05800624
      vertex -0.1571113 -0.4600262 0.0535779
    endloop
  endfacet
  facet normal -0.5 -0.8660254 8.625725E-16
    outer loop
      vertex -0.1361726 -0.4721152 0.04077267
      vertex -0.1235543 -0.4794003 0.06176953
      vertex -0.1403968 -0.4696763 0.05800624
    endloop
  endfacet
  facet normal -0.5 -0.8660254 1.295737E-15
    outer loop
      vertex -0.1361726 -0.4721152 0.04077267
      vertex -0.1070306 -0.4889403 0.06485814
      vertex -0.1235543 -0.4794003 0.06176953
    endloop
  endfacet
  facet normal -0.5 -0.8660254 5.776136E-15
    outer loop
      vertex -0.1361726 -0.4721152 0.04077267
      vertex -0.09126028 -0.4980453 0.06729376
      vertex -0.1070306 -0.4889403 0.06485814
    endloop
  endfacet
  facet normal -0.5 -0.8660254 -7.385869E-15
    outer loop
      vertex -0.1361726 -0.4721152 0.04077267
      vertex -0.07665497 -0.5064777 0.06912495
      vertex -0.09126028 -0.4980453 0.06729376
    endloop
  endfacet
  facet normal -0.5 -0.8660254 8.972188E-15
    outer loop
      vertex -0.1361726 -0.4721152 0.04077267
      vertex -0.06359371 -0.5140186 0.07042362
      vertex -0.07665497 -0.5064777 0.06912495
    endloop
  endfacet
  facet normal -0.5 -0.8660254 -1.394703E-14
    outer loop
      vertex -0.1361726 -0.4721152 0.04077267
      vertex -0.05241431 -0.520473 0.0712805
      vertex -0.06359371 -0.5140186 0.07042362
    endloop
  endfacet
  facet normal -0.5 -0.8660254 1.297625E-14
    outer loop
      vertex -0.1361726 -0.4721152 0.04077267
      vertex -0.04340536 -0.5256743 0.0717974
      vertex -0.05241431 -0.520473 0.0712805
    endloop
  endfacet
  facet normal -0.5 -0.8660254 4.193656E-15
    outer loop
      vertex -0.1361726 -0.4721152 0.04077267
      vertex -0.03679925 -0.5294884 0.0720759
      vertex -0.04340536 -0.5256743 0.0717974
    endloop
  endfacet
  facet normal -0.5 -0.8660254 -1.322596E-14
    outer loop
      vertex -0.1361726 -0.4721152 0.04077267
      vertex -0.03276626 -0.5318168 0.07220327
      vertex -0.03679925 -0.5294884 0.0720759
    endloop
  endfacet
  facet normal -0.5 -0.8660254 -1.349893E-13
    outer loop
      vertex -0.1361726 -0.4721152 0.04077267
      vertex -0.03141029 -0.5325997 0.07223873
      vertex -0.03276626 -0.5318168 0.07220327
    endloop
  endfacet
  facet normal -0.5 -0.8660254 4.995013E-14
    outer loop
      vertex -0.1361726 -0.4721152 0.04077267
      vertex -0.03261927 -0.5319017 0.07115788
      vertex -0.03141029 -0.5325997 0.07223873
    endloop
  endfacet
  facet normal -0.5 -0.8660254 2.42316E-13
    outer loop
      vertex -0.1361726 -0.4721152 0.04077267
      vertex -0.0364695 -0.5296787 0.06978864
      vertex -0.03261927 -0.5319017 0.07115788
    endloop
  endfacet
  facet normal -0.5 -0.8660254 -1.616194E-13
    outer loop
      vertex -0.1361726 -0.4721152 0.04077267
      vertex -0.04276616 -0.5260434 0.06753662
      vertex -0.0364695 -0.5296787 0.06978864
    endloop
  endfacet
  facet normal -0.5 -0.8660254 3.781598E-14
    outer loop
      vertex -0.1361726 -0.4721152 0.04077267
      vertex -0.05133375 -0.5210969 0.06444376
      vertex -0.04276616 -0.5260434 0.06753662
    endloop
  endfacet
  facet normal -0.5 -0.8660254 -1.057893E-13
    outer loop
      vertex -0.1361726 -0.4721152 0.04077267
      vertex -0.06193654 -0.5149753 0.06056482
      vertex -0.05133375 -0.5210969 0.06444376
    endloop
  endfacet
  facet normal -0.5 -0.8660254 1.551868E-14
    outer loop
      vertex -0.1361726 -0.4721152 0.04077267
      vertex -0.0742876 -0.5078445 0.05596785
      vertex -0.06193654 -0.5149753 0.06056482
    endloop
  endfacet
  facet normal -0.5 -0.8660254 2.627409E-14
    outer loop
      vertex -0.1361726 -0.4721152 0.04077267
      vertex -0.08805982 -0.4998931 0.05073833
      vertex -0.0742876 -0.5078445 0.05596785
    endloop
  endfacet
  facet normal -0.5 -0.8660254 -1.020051E-14
    outer loop
      vertex -0.1361726 -0.4721152 0.04077267
      vertex -0.1028982 -0.4913261 0.04498637
      vertex -0.08805982 -0.4998931 0.05073833
    endloop
  endfacet
  facet normal -0.5 -0.8660254 2.032669E-15
    outer loop
      vertex -0.1361726 -0.4721152 0.04077267
      vertex -0.1184325 -0.4823574 0.03885447
      vertex -0.1028982 -0.4913261 0.04498637
    endloop
  endfacet
  facet normal -0.5 -0.8660254 -3.062617E-15
    outer loop
      vertex -0.1361726 -0.4721152 0.04077267
      vertex -0.1342901 -0.473202 0.03252221
      vertex -0.1184325 -0.4823574 0.03885447
    endloop
  endfacet
  facet normal -0.5 -0.8660254 -2.679023E-15
    outer loop
      vertex -0.1361726 -0.4721152 0.04077267
      vertex -0.1501063 -0.4640705 0.02620474
      vertex -0.1342901 -0.473202 0.03252221
    endloop
  endfacet
  facet normal -0.5 -0.8660254 6.865176E-16
    outer loop
      vertex -0.1361726 -0.4721152 0.04077267
      vertex -0.1653206 -0.4552866 0.02011368
      vertex -0.1501063 -0.4640705 0.02620474
    endloop
  endfacet
  facet normal -0.5 -0.8660254 -9.778292E-15
    outer loop
      vertex -0.1361726 -0.4721152 0.04077267
      vertex -0.179668 -0.447003 0.0142274
      vertex -0.1653206 -0.4552866 0.02011368
    endloop
  endfacet
  facet normal -0.5 -0.8660254 6.414123E-15
    outer loop
      vertex -0.1361726 -0.4721152 0.04077267
      vertex -0.192963 -0.4393272 0.008805939
      vertex -0.179668 -0.447003 0.0142274
    endloop
  endfacet
  facet normal -0.5 -0.8660254 -1.262085E-14
    outer loop
      vertex -0.1361726 -0.4721152 0.04077267
      vertex -0.2049721 -0.4323937 0.004142151
      vertex -0.192963 -0.4393272 0.008805939
    endloop
  endfacet
  facet normal -0.5 -0.8660254 0
    outer loop
      vertex -0.1361726 -0.4721152 0.04077267
      vertex -0.2154743 -0.4263303 0.0005021796
      vertex -0.2049721 -0.4323937 0.004142151
    endloop
  endfacet
  facet normal -0.5 -0.8660254 -9.148271E-15
    outer loop
      vertex -0.1361726 -0.4721152 0.04077267
      vertex -0.2242583 -0.4212589 -0.001887623
      vertex -0.2154743 -0.4263303 0.0005021796
    endloop
  endfacet
  facet normal -0.5 -0.8660254 3.242461E-14
    outer loop
      vertex -0.1361726 -0.4721152 0.04077267
      vertex -0.2311274 -0.417293 -0.002847406
      vertex -0.2242583 -0.4212589 -0.001887623
    endloop
  endfacet
  facet normal -0.5 -0.8660254 -3.109073E-14
    outer loop
      vertex -0.1361726 -0.4721152 0.04077267
      vertex -0.2359105 -0.4145314 -0.002245848
      vertex -0.2311274 -0.417293 -0.002847406
    endloop
  endfacet
  facet normal -0.5 -0.8660254 8.987401E-15
    outer loop
      vertex -0.1361726 -0.4721152 0.04077267
      vertex -0.238475 -0.4130508 0
      vertex -0.2359105 -0.4145314 -0.002245848
    endloop
  endfacet
  facet normal -0.8456697 0.4845475 -0.2237329
    outer loop
      vertex -0.1426081 -0.2470044 0
      vertex -0.1621662 -0.2799915 0.002484727
      vertex -0.1430392 -0.2467555 0.002168588
    endloop
  endfacet
  facet normal -0.8525036 0.4921932 -0.1760213
    outer loop
      vertex -0.1426081 -0.2470044 0
      vertex -0.1617814 -0.2802137 0
      vertex -0.1621662 -0.2799915 0.002484727
    endloop
  endfacet
  facet normal -0.8202705 0.4695726 0.3265851
    outer loop
      vertex -0.1430392 -0.2467555 0.002168588
      vertex -0.1609355 -0.2807021 0.006028525
      vertex -0.1420873 -0.2473051 0.005349677
    endloop
  endfacet
  facet normal -0.8029115 0.4656091 0.3722115
    outer loop
      vertex -0.1430392 -0.2467555 0.002168588
      vertex -0.1621662 -0.2799915 0.002484727
      vertex -0.1609355 -0.2807021 0.006028525
    endloop
  endfacet
  facet normal -0.7242987 0.4118973 0.5529303
    outer loop
      vertex -0.1420873 -0.2473051 0.005349677
      vertex -0.1580779 -0.2823519 0.01051066
      vertex -0.1397379 -0.2486615 0.009437527
    endloop
  endfacet
  facet normal -0.6961172 0.4049166 0.5928435
    outer loop
      vertex -0.1420873 -0.2473051 0.005349677
      vertex -0.1609355 -0.2807021 0.006028525
      vertex -0.1580779 -0.2823519 0.01051066
    endloop
  endfacet
  facet normal -0.6498505 0.3643937 0.6670169
    outer loop
      vertex -0.1397379 -0.2486615 0.009437527
      vertex -0.1536103 -0.2849313 0.01573657
      vertex -0.1359986 -0.2508203 0.01426
    endloop
  endfacet
  facet normal -0.6154145 0.3573891 0.7025226
    outer loop
      vertex -0.1397379 -0.2486615 0.009437527
      vertex -0.1580779 -0.2823519 0.01051066
      vertex -0.1536103 -0.2849313 0.01573657
    endloop
  endfacet
  facet normal -0.5894616 0.323531 0.7401775
    outer loop
      vertex -0.1359986 -0.2508203 0.01426
      vertex -0.1475887 -0.2884079 0.02145938
      vertex -0.1309097 -0.2537584 0.01959697
    endloop
  endfacet
  facet normal -0.5504293 0.3176112 0.772108
    outer loop
      vertex -0.1359986 -0.2508203 0.01426
      vertex -0.1536103 -0.2849313 0.01573657
      vertex -0.1475887 -0.2884079 0.02145938
    endloop
  endfacet
  facet normal -0.5357712 0.2858894 0.7944913
    outer loop
      vertex -0.1309097 -0.2537584 0.01959697
      vertex -0.1401193 -0.2927203 0.02740644
      vertex -0.1245543 -0.2574277 0.02520312
    endloop
  endfacet
  facet normal -0.4929297 0.2815297 0.8232626
    outer loop
      vertex -0.1309097 -0.2537584 0.01959697
      vertex -0.1475887 -0.2884079 0.02145938
      vertex -0.1401193 -0.2927203 0.02740644
    endloop
  endfacet
  facet normal -0.4852097 0.2501553 0.8378507
    outer loop
      vertex -0.1245543 -0.2574277 0.02520312
      vertex -0.1313631 -0.2977757 0.03330671
      vertex -0.1170642 -0.2617521 0.03083183
    endloop
  endfacet
  facet normal -0.4390553 0.2475548 0.8636823
    outer loop
      vertex -0.1245543 -0.2574277 0.02520312
      vertex -0.1401193 -0.2927203 0.02740644
      vertex -0.1313631 -0.2977757 0.03330671
    endloop
  endfacet
  facet normal -0.4363382 0.2161033 0.8734463
    outer loop
      vertex -0.1170642 -0.2617521 0.03083183
      vertex -0.1215347 -0.3034501 0.03891527
      vertex -0.1086194 -0.2666278 0.03625684
    endloop
  endfacet
  facet normal -0.3872671 0.2153066 0.8964749
    outer loop
      vertex -0.1170642 -0.2617521 0.03083183
      vertex -0.1313631 -0.2977757 0.03330671
      vertex -0.1215347 -0.3034501 0.03891527
    endloop
  endfacet
  facet normal -0.3894166 0.1842329 0.9024483
    outer loop
      vertex -0.1086194 -0.2666278 0.03625684
      vertex -0.1109451 -0.3095641 0.04401864
      vertex -0.09948551 -0.2719012 0.04127478
    endloop
  endfacet
  facet normal -0.3378452 0.1851216 0.9228167
    outer loop
      vertex -0.1086194 -0.2666278 0.03625684
      vertex -0.1215347 -0.3034501 0.03891527
      vertex -0.1109451 -0.3095641 0.04401864
    endloop
  endfacet
  facet normal -0.3571797 0.1583913 0.9205079
    outer loop
      vertex -0.09948551 -0.2719012 0.04127478
      vertex -0.1000194 -0.315872 0.04863366
      vertex -0.09003758 -0.277356 0.0458794
    endloop
  endfacet
  facet normal -0.303794 0.1608482 0.9390618
    outer loop
      vertex -0.09948551 -0.2719012 0.04127478
      vertex -0.1109451 -0.3095641 0.04401864
      vertex -0.1000194 -0.315872 0.04863366
    endloop
  endfacet
  facet normal -0.3331047 0.1360818 0.9330182
    outer loop
      vertex -0.09003758 -0.277356 0.0458794
      vertex -0.08895879 -0.3222579 0.05281354
      vertex -0.08045473 -0.2828886 0.0501076
    endloop
  endfacet
  facet normal -0.2782414 0.1400601 0.9502446
    outer loop
      vertex -0.09003758 -0.277356 0.0458794
      vertex -0.1000194 -0.315872 0.04863366
      vertex -0.08895879 -0.3222579 0.05281354
    endloop
  endfacet
  facet normal -0.311406 0.1159042 0.9431821
    outer loop
      vertex -0.08045473 -0.2828886 0.0501076
      vertex -0.07806327 -0.3285484 0.05650814
      vertex -0.07099918 -0.2883478 0.05390036
    endloop
  endfacet
  facet normal -0.2553585 0.1210898 0.9592337
    outer loop
      vertex -0.08045473 -0.2828886 0.0501076
      vertex -0.08895879 -0.3222579 0.05281354
      vertex -0.07806327 -0.3285484 0.05650814
    endloop
  endfacet
  facet normal -0.2915739 0.09789556 0.9515257
    outer loop
      vertex -0.07099918 -0.2883478 0.05390036
      vertex -0.06762697 -0.3345738 0.05968955
      vertex -0.06192887 -0.2935845 0.05721852
    endloop
  endfacet
  facet normal -0.2346305 0.1039266 0.9665132
    outer loop
      vertex -0.07099918 -0.2883478 0.05390036
      vertex -0.07806327 -0.3285484 0.05650814
      vertex -0.06762697 -0.3345738 0.05968955
    endloop
  endfacet
  facet normal -0.2732296 0.08212339 0.9584369
    outer loop
      vertex -0.06192887 -0.2935845 0.05721852
      vertex -0.05793051 -0.340172 0.0623502
      vertex -0.05349059 -0.2984564 0.06004154
    endloop
  endfacet
  facet normal -0.2156749 0.08860511 0.9724369
    outer loop
      vertex -0.06192887 -0.2935845 0.05721852
      vertex -0.06762697 -0.3345738 0.05968955
      vertex -0.05793051 -0.340172 0.0623502
    endloop
  endfacet
  facet normal -0.2562187 0.06867454 0.9641762
    outer loop
      vertex -0.05349059 -0.2984564 0.06004154
      vertex -0.04923429 -0.3451928 0.06450145
      vertex -0.04591403 -0.3028307 0.06236649
    endloop
  endfacet
  facet normal -0.1983357 0.07519312 0.9772456
    outer loop
      vertex -0.05349059 -0.2984564 0.06004154
      vertex -0.05793051 -0.340172 0.0623502
      vertex -0.04923429 -0.3451928 0.06450145
    endloop
  endfacet
  facet normal -0.2406656 0.05763247 0.9688955
    outer loop
      vertex -0.04591403 -0.3028307 0.06236649
      vertex -0.04177233 -0.349501 0.06617132
      vertex -0.03940627 -0.306588 0.06420645
    endloop
  endfacet
  facet normal -0.1827364 0.06376763 0.9810918
    outer loop
      vertex -0.04591403 -0.3028307 0.06236649
      vertex -0.04923429 -0.3451928 0.06450145
      vertex -0.04177233 -0.349501 0.06617132
    endloop
  endfacet
  facet normal -0.2269627 0.04905419 0.9726673
    outer loop
      vertex -0.03940627 -0.306588 0.06420645
      vertex -0.03574637 -0.3529801 0.06740013
      vertex -0.03414643 -0.3096247 0.06558693
    endloop
  endfacet
  facet normal -0.1692682 0.05439059 0.9840681
    outer loop
      vertex -0.03940627 -0.306588 0.06420645
      vertex -0.04177233 -0.349501 0.06617132
      vertex -0.03574637 -0.3529801 0.06740013
    endloop
  endfacet
  facet normal -0.2156912 0.04295742 0.9755162
    outer loop
      vertex -0.03414643 -0.3096247 0.06558693
      vertex -0.03132026 -0.3555355 0.06823352
      vertex -0.03028048 -0.3118567 0.06654
    endloop
  endfacet
  facet normal -0.1585074 0.04709537 0.986234
    outer loop
      vertex -0.03414643 -0.3096247 0.06558693
      vertex -0.03574637 -0.3529801 0.06740013
      vertex -0.03132026 -0.3555355 0.06823352
    endloop
  endfacet
  facet normal -0.2074896 0.03932317 0.9774465
    outer loop
      vertex -0.03028048 -0.3118567 0.06654
      vertex -0.02861502 -0.3570973 0.0687136
      vertex -0.02791651 -0.3132216 0.06709673
    endloop
  endfacet
  facet normal -0.1510815 0.04188917 0.9876334
    outer loop
      vertex -0.03028048 -0.3118567 0.06654
      vertex -0.03132026 -0.3555355 0.06823352
      vertex -0.02861502 -0.3570973 0.0687136
    endloop
  endfacet
  facet normal -0.2029021 0.0381113 0.9784571
    outer loop
      vertex -0.02791651 -0.3132216 0.06709673
      vertex -0.02770492 -0.3576228 0.06887005
      vertex -0.02712104 -0.3136808 0.06727957
    endloop
  endfacet
  facet normal -0.1475158 0.03876833 0.9882996
    outer loop
      vertex -0.02791651 -0.3132216 0.06709673
      vertex -0.02861502 -0.3570973 0.0687136
      vertex -0.02770492 -0.3576228 0.06887005
    endloop
  endfacet
  facet normal 0.7774313 -0.03430022 -0.6280319
    outer loop
      vertex -0.02712104 -0.3136808 0.06727957
      vertex -0.02843942 -0.3571987 0.06802432
      vertex -0.02773629 -0.3133256 0.06649856
    endloop
  endfacet
  facet normal 0.7460781 -0.03398287 -0.6649907
    outer loop
      vertex -0.02712104 -0.3136808 0.06727957
      vertex -0.02770492 -0.3576228 0.06887005
      vertex -0.02843942 -0.3571987 0.06802432
    endloop
  endfacet
  facet normal 0.4900298 -0.0415583 -0.8707145
    outer loop
      vertex -0.02773629 -0.3133256 0.06649856
      vertex -0.03093057 -0.3557605 0.06672622
      vertex -0.02988137 -0.3120872 0.06523222
    endloop
  endfacet
  facet normal 0.444315 -0.03824769 -0.8950538
    outer loop
      vertex -0.02773629 -0.3133256 0.06649856
      vertex -0.02843942 -0.3571987 0.06802432
      vertex -0.03093057 -0.3557605 0.06672622
    endloop
  endfacet
  facet normal 0.4889943 -0.04717874 -0.8710102
    outer loop
      vertex -0.02988137 -0.3120872 0.06523222
      vertex -0.03500367 -0.3534089 0.06459472
      vertex -0.03338827 -0.3100625 0.06315374
    endloop
  endfacet
  facet normal 0.4444488 -0.04128898 -0.8948522
    outer loop
      vertex -0.02988137 -0.3120872 0.06523222
      vertex -0.03093057 -0.3557605 0.06672622
      vertex -0.03500367 -0.3534089 0.06459472
    endloop
  endfacet
  facet normal 0.4879738 -0.05488806 -0.8711308
    outer loop
      vertex -0.03338827 -0.3100625 0.06315374
      vertex -0.04054365 -0.3502103 0.0616752
      vertex -0.0381574 -0.307309 0.06030877
    endloop
  endfacet
  facet normal 0.4446583 -0.04630742 -0.8945024
    outer loop
      vertex -0.03338827 -0.3100625 0.06315374
      vertex -0.03500367 -0.3534089 0.06459472
      vertex -0.04054365 -0.3502103 0.0616752
    endloop
  endfacet
  facet normal 0.487152 -0.06454669 -0.8709286
    outer loop
      vertex -0.0381574 -0.307309 0.06030877
      vertex -0.04739587 -0.3462542 0.05802758
      vertex -0.04405481 -0.3039041 0.05675772
    endloop
  endfacet
  facet normal 0.4451116 -0.05322894 -0.8938917
    outer loop
      vertex -0.0381574 -0.307309 0.06030877
      vertex -0.04054365 -0.3502103 0.0616752
      vertex -0.04739587 -0.3462542 0.05802758
    endloop
  endfacet
  facet normal 0.4865808 -0.07598313 -0.870325
    outer loop
      vertex -0.04405481 -0.3039041 0.05675772
      vertex -0.05537218 -0.3416491 0.05372571
      vertex -0.05091761 -0.2999419 0.05257495
    endloop
  endfacet
  facet normal 0.4458386 -0.06194823 -0.8929672
    outer loop
      vertex -0.04405481 -0.3039041 0.05675772
      vertex -0.04739587 -0.3462542 0.05802758
      vertex -0.05537218 -0.3416491 0.05372571
    endloop
  endfacet
  facet normal 0.4860825 -0.08897563 -0.8693717
    outer loop
      vertex -0.05091761 -0.2999419 0.05257495
      vertex -0.06425869 -0.3365185 0.04885912
      vertex -0.0585608 -0.2955291 0.04784987
    endloop
  endfacet
  facet normal 0.4466318 -0.07230863 -0.8917912
    outer loop
      vertex -0.05091761 -0.2999419 0.05257495
      vertex -0.05537218 -0.3416491 0.05372571
      vertex -0.06425869 -0.3365185 0.04885912
    endloop
  endfacet
  facet normal 0.4851954 -0.1032159 -0.8682925
    outer loop
      vertex -0.0585608 -0.2955291 0.04784987
      vertex -0.07382447 -0.3309957 0.04353663
      vertex -0.06678511 -0.2907808 0.04268975
    endloop
  endfacet
  facet normal 0.4469917 -0.08406384 -0.8905794
    outer loop
      vertex -0.0585608 -0.2955291 0.04784987
      vertex -0.06425869 -0.3365185 0.04885912
      vertex -0.07382447 -0.3309957 0.04353663
    endloop
  endfacet
  facet normal 0.4831784 -0.1182623 -0.867498
    outer loop
      vertex -0.06678511 -0.2907808 0.04268975
      vertex -0.08383087 -0.3252185 0.03789035
      vertex -0.07538531 -0.2858155 0.03722271
    endloop
  endfacet
  facet normal 0.4461319 -0.09682915 -0.8897137
    outer loop
      vertex -0.06678511 -0.2907808 0.04268975
      vertex -0.07382447 -0.3309957 0.04353663
      vertex -0.08383087 -0.3252185 0.03789035
    endloop
  endfacet
  facet normal 0.479072 -0.1334971 -0.8675647
    outer loop
      vertex -0.07538531 -0.2858155 0.03722271
      vertex -0.09404017 -0.3193241 0.0320776
      vertex -0.08415798 -0.2807506 0.03159905
    endloop
  endfacet
  facet normal 0.4430415 -0.110036 -0.8897226
    outer loop
      vertex -0.07538531 -0.2858155 0.03722271
      vertex -0.08383087 -0.3252185 0.03789035
      vertex -0.09404017 -0.3193241 0.0320776
    endloop
  endfacet
  facet normal 0.471791 -0.148101 -0.8691832
    outer loop
      vertex -0.08415798 -0.2807506 0.03159905
      vertex -0.1042227 -0.3134453 0.02627887
      vertex -0.09290755 -0.275699 0.02598906
    endloop
  endfacet
  facet normal 0.4365805 -0.1229047 -0.8912305
    outer loop
      vertex -0.08415798 -0.2807506 0.03159905
      vertex -0.09404017 -0.3193241 0.0320776
      vertex -0.1042227 -0.3134453 0.02627887
    endloop
  endfacet
  facet normal 0.4651731 -0.1623245 -0.8702096
    outer loop
      vertex -0.09290755 -0.275699 0.02598906
      vertex -0.1140166 -0.3077907 0.02069137
      vertex -0.1013229 -0.2708404 0.0205843
    endloop
  endfacet
  facet normal 0.4305671 -0.1359206 -0.8922654
    outer loop
      vertex -0.09290755 -0.275699 0.02598906
      vertex -0.1042227 -0.3134453 0.02627887
      vertex -0.1140166 -0.3077907 0.02069137
    endloop
  endfacet
  facet normal 0.4645811 -0.1777792 -0.8675016
    outer loop
      vertex -0.1013229 -0.2708404 0.0205843
      vertex -0.1232421 -0.3024643 0.01532647
      vertex -0.1092461 -0.2662659 0.01540369
    endloop
  endfacet
  facet normal 0.4306074 -0.1505071 -0.8899016
    outer loop
      vertex -0.1013229 -0.2708404 0.0205843
      vertex -0.1140166 -0.3077907 0.02069137
      vertex -0.1232421 -0.3024643 0.01532647
    endloop
  endfacet
  facet normal 0.4564896 -0.18947 -0.8693206
    outer loop
      vertex -0.1092461 -0.2662659 0.01540369
      vertex -0.1317933 -0.2975273 0.01037734
      vertex -0.116591 -0.2620254 0.01062256
    endloop
  endfacet
  facet normal 0.4228008 -0.1615732 -0.8917026
    outer loop
      vertex -0.1092461 -0.2662659 0.01540369
      vertex -0.1232421 -0.3024643 0.01532647
      vertex -0.1317933 -0.2975273 0.01037734
    endloop
  endfacet
  facet normal 0.4384245 -0.1952718 -0.8772986
    outer loop
      vertex -0.116591 -0.2620254 0.01062256
      vertex -0.1395346 -0.2930579 0.006063933
      vertex -0.1232464 -0.2581828 0.006441278
    endloop
  endfacet
  facet normal 0.4045592 -0.1670268 -0.8991295
    outer loop
      vertex -0.116591 -0.2620254 0.01062256
      vertex -0.1317933 -0.2975273 0.01037734
      vertex -0.1395346 -0.2930579 0.006063933
    endloop
  endfacet
  facet normal 0.4068587 -0.1923409 -0.8930123
    outer loop
      vertex -0.1232464 -0.2581828 0.006441278
      vertex -0.1463366 -0.2891307 0.002586998
      vertex -0.1291059 -0.2547998 0.003042999
    endloop
  endfacet
  facet normal 0.3722787 -0.1639868 -0.913519
    outer loop
      vertex -0.1232464 -0.2581828 0.006441278
      vertex -0.1395346 -0.2930579 0.006063933
      vertex -0.1463366 -0.2891307 0.002586998
    endloop
  endfacet
  facet normal 0.3538217 -0.1754014 -0.918719
    outer loop
      vertex -0.1291059 -0.2547998 0.003042999
      vertex -0.1520738 -0.2858184 0.0001195502
      vertex -0.1340655 -0.2519364 0.0005862766
    endloop
  endfacet
  facet normal 0.3178972 -0.1471116 -0.9366427
    outer loop
      vertex -0.1291059 -0.2547998 0.003042999
      vertex -0.1463366 -0.2891307 0.002586998
      vertex -0.1520738 -0.2858184 0.0001195502
    endloop
  endfacet
  facet normal 0.2586238 -0.1320643 -0.9569079
    outer loop
      vertex -0.1340655 -0.2519364 0.0005862766
      vertex -0.156627 -0.2831896 -0.001198131
      vertex -0.1380253 -0.2496502 -0.0007994776
    endloop
  endfacet
  facet normal 0.2206582 -0.1039211 -0.9697991
    outer loop
      vertex -0.1340655 -0.2519364 0.0005862766
      vertex -0.1520738 -0.2858184 0.0001195502
      vertex -0.156627 -0.2831896 -0.001198131
    endloop
  endfacet
  facet normal 0.05991845 -0.02684208 -0.9978423
    outer loop
      vertex -0.1380253 -0.2496502 -0.0007994776
      vertex -0.1598906 -0.2813053 -0.001260917
      vertex -0.1408964 -0.2479926 -0.001016471
    endloop
  endfacet
  facet normal 0.01976612 0.0009211037 -0.9998042
    outer loop
      vertex -0.1380253 -0.2496502 -0.0007994776
      vertex -0.156627 -0.2831896 -0.001198131
      vertex -0.1598906 -0.2813053 -0.001260917
    endloop
  endfacet
  facet normal -0.3960857 0.2286802 -0.8892815
    outer loop
      vertex -0.1408964 -0.2479926 -0.001016471
      vertex -0.1617814 -0.2802137 0
      vertex -0.1426081 -0.2470044 0
    endloop
  endfacet
  facet normal -0.4316952 0.2524973 -0.8659586
    outer loop
      vertex -0.1408964 -0.2479926 -0.001016471
      vertex -0.1598906 -0.2813053 -0.001260917
      vertex -0.1617814 -0.2802137 0
    endloop
  endfacet
  facet normal -0.8539696 0.4896455 -0.1760205
    outer loop
      vertex -0.1617814 -0.2802137 0
      vertex -0.1812888 -0.3132302 0.002796826
      vertex -0.1621662 -0.2799915 0.002484727
    endloop
  endfacet
  facet normal -0.8579097 0.4953144 -0.1365816
    outer loop
      vertex -0.1617814 -0.2802137 0
      vertex -0.1809548 -0.313423 0
      vertex -0.1812888 -0.3132302 0.002796826
    endloop
  endfacet
  facet normal -0.805215 0.4616147 0.3722106
    outer loop
      vertex -0.1621662 -0.2799915 0.002484727
      vertex -0.1797762 -0.3141034 0.006693994
      vertex -0.1609355 -0.2807021 0.006028525
    endloop
  endfacet
  facet normal -0.7893224 0.4579462 0.4089688
    outer loop
      vertex -0.1621662 -0.2799915 0.002484727
      vertex -0.1812888 -0.3132302 0.002796826
      vertex -0.1797762 -0.3141034 0.006693994
    endloop
  endfacet
  facet normal -0.6995476 0.3989658 0.5928401
    outer loop
      vertex -0.1609355 -0.2807021 0.006028525
      vertex -0.1764092 -0.3160474 0.01155599
      vertex -0.1580779 -0.2823519 0.01051066
    endloop
  endfacet
  facet normal -0.6748606 0.3931124 0.6245204
    outer loop
      vertex -0.1609355 -0.2807021 0.006028525
      vertex -0.1797762 -0.3141034 0.006693994
      vertex -0.1764092 -0.3160474 0.01155599
    endloop
  endfacet
  facet normal -0.6200216 0.3493722 0.7025043
    outer loop
      vertex -0.1580779 -0.2823519 0.01051066
      vertex -0.171214 -0.3190468 0.01716622
      vertex -0.1536103 -0.2849313 0.01573657
    endloop
  endfacet
  facet normal -0.5902384 0.3437651 0.7303726
    outer loop
      vertex -0.1580779 -0.2823519 0.01051066
      vertex -0.1764092 -0.3160474 0.01155599
      vertex -0.171214 -0.3190468 0.01716622
    endloop
  endfacet
  facet normal -0.5561823 0.3075592 0.7720548
    outer loop
      vertex -0.1536103 -0.2849313 0.01573657
      vertex -0.1642628 -0.3230601 0.02325168
      vertex -0.1475887 -0.2884079 0.02145938
    endloop
  endfacet
  facet normal -0.5226414 0.3030779 0.7968624
    outer loop
      vertex -0.1536103 -0.2849313 0.01573657
      vertex -0.171214 -0.3190468 0.01716622
      vertex -0.1642628 -0.3230601 0.02325168
    endloop
  endfacet
  facet normal -0.4997581 0.2695531 0.8231543
    outer loop
      vertex -0.1475887 -0.2884079 0.02145938
      vertex -0.1556849 -0.3280126 0.0295131
      vertex -0.1401193 -0.2927203 0.02740644
    endloop
  endfacet
  facet normal -0.463102 0.2665573 0.8452714
    outer loop
      vertex -0.1475887 -0.2884079 0.02145938
      vertex -0.1642628 -0.3230601 0.02325168
      vertex -0.1556849 -0.3280126 0.0295131
    endloop
  endfacet
  facet normal -0.446863 0.2338238 0.8635044
    outer loop
      vertex -0.1401193 -0.2927203 0.02740644
      vertex -0.1456705 -0.3337944 0.03565589
      vertex -0.1313631 -0.2977757 0.03330671
    endloop
  endfacet
  facet normal -0.4075057 0.2324451 0.8831242
    outer loop
      vertex -0.1401193 -0.2927203 0.02740644
      vertex -0.1556849 -0.3280126 0.0295131
      vertex -0.1456705 -0.3337944 0.03565589
    endloop
  endfacet
  facet normal -0.3959381 0.2000399 0.8962238
    outer loop
      vertex -0.1313631 -0.2977757 0.03330671
      vertex -0.1344693 -0.3402614 0.04141737
      vertex -0.1215347 -0.3034501 0.03891527
    endloop
  endfacet
  facet normal -0.3542169 0.200281 0.9134648
    outer loop
      vertex -0.1313631 -0.2977757 0.03330671
      vertex -0.1456705 -0.3337944 0.03565589
      vertex -0.1344693 -0.3402614 0.04141737
    endloop
  endfacet
  facet normal -0.34721 0.1686371 0.9225003
    outer loop
      vertex -0.1215347 -0.3034501 0.03891527
      vertex -0.1224367 -0.3472084 0.04657499
      vertex -0.1109451 -0.3095641 0.04401864
    endloop
  endfacet
  facet normal -0.3034847 0.1703585 0.9374833
    outer loop
      vertex -0.1215347 -0.3034501 0.03891527
      vertex -0.1344693 -0.3402614 0.04141737
      vertex -0.1224367 -0.3472084 0.04657499
    endloop
  endfacet
  facet normal -0.3136045 0.1435479 0.9386406
    outer loop
      vertex -0.1109451 -0.3095641 0.04401864
      vertex -0.1100474 -0.3543614 0.05116948
      vertex -0.1000194 -0.315872 0.04863366
    endloop
  endfacet
  facet normal -0.2684343 0.146598 0.9520778
    outer loop
      vertex -0.1109451 -0.3095641 0.04401864
      vertex -0.1224367 -0.3472084 0.04657499
      vertex -0.1100474 -0.3543614 0.05116948
    endloop
  endfacet
  facet normal -0.288387 0.1221268 0.9496936
    outer loop
      vertex -0.1000194 -0.315872 0.04863366
      vertex -0.09752422 -0.3615916 0.05527071
      vertex -0.08895879 -0.3222579 0.05281354
    endloop
  endfacet
  facet normal -0.2420419 0.1264414 0.9619918
    outer loop
      vertex -0.1000194 -0.315872 0.04863366
      vertex -0.1100474 -0.3543614 0.05116948
      vertex -0.09752422 -0.3615916 0.05527071
    endloop
  endfacet
  facet normal -0.2656569 0.1028596 0.9585647
    outer loop
      vertex -0.08895879 -0.3222579 0.05281354
      vertex -0.08520427 -0.3687046 0.05883808
      vertex -0.07806327 -0.3285484 0.05650814
    endloop
  endfacet
  facet normal -0.2183931 0.1081439 0.9698502
    outer loop
      vertex -0.08895879 -0.3222579 0.05281354
      vertex -0.09752422 -0.3615916 0.05527071
      vertex -0.08520427 -0.3687046 0.05883808
    endloop
  endfacet
  facet normal -0.2448973 0.08574116 0.9657504
    outer loop
      vertex -0.07806327 -0.3285484 0.05650814
      vertex -0.0734174 -0.3755097 0.06185557
      vertex -0.06762697 -0.3345738 0.05968955
    endloop
  endfacet
  facet normal -0.1969685 0.091663 0.9761154
    outer loop
      vertex -0.07806327 -0.3285484 0.05650814
      vertex -0.08520427 -0.3687046 0.05883808
      vertex -0.0734174 -0.3755097 0.06185557
    endloop
  endfacet
  facet normal -0.2257273 0.07080291 0.9716142
    outer loop
      vertex -0.06762697 -0.3345738 0.05968955
      vertex -0.06247752 -0.3818259 0.06432921
      vertex -0.05793051 -0.340172 0.0623502
    endloop
  endfacet
  facet normal -0.177385 0.07700496 0.9811242
    outer loop
      vertex -0.06762697 -0.3345738 0.05968955
      vertex -0.0734174 -0.3755097 0.06185557
      vertex -0.06247752 -0.3818259 0.06432921
    endloop
  endfacet
  facet normal -0.207995 0.05810152 0.9764027
    outer loop
      vertex -0.05793051 -0.340172 0.0623502
      vertex -0.05267524 -0.3874852 0.06628509
      vertex -0.04923429 -0.3451928 0.06450145
    endloop
  endfacet
  facet normal -0.159489 0.06421337 0.9851091
    outer loop
      vertex -0.05793051 -0.340172 0.0623502
      vertex -0.06247752 -0.3818259 0.06432921
      vertex -0.05267524 -0.3874852 0.06628509
    endloop
  endfacet
  facet normal -0.1918308 0.04769648 0.9802683
    outer loop
      vertex -0.04923429 -0.3451928 0.06450145
      vertex -0.04427101 -0.3923374 0.06776662
      vertex -0.04177233 -0.349501 0.06617132
    endloop
  endfacet
  facet normal -0.1434087 0.05334531 0.9882248
    outer loop
      vertex -0.04923429 -0.3451928 0.06450145
      vertex -0.05267524 -0.3874852 0.06628509
      vertex -0.04427101 -0.3923374 0.06776662
    endloop
  endfacet
  facet normal -0.1776352 0.03962655 0.9832983
    outer loop
      vertex -0.04177233 -0.349501 0.06617132
      vertex -0.03748874 -0.3962531 0.06882925
      vertex -0.03574637 -0.3529801 0.06740013
    endloop
  endfacet
  facet normal -0.1295405 0.04444699 0.9905775
    outer loop
      vertex -0.04177233 -0.349501 0.06617132
      vertex -0.04427101 -0.3923374 0.06776662
      vertex -0.03748874 -0.3962531 0.06882925
    endloop
  endfacet
  facet normal -0.165998 0.03389622 0.9855434
    outer loop
      vertex -0.03574637 -0.3529801 0.06740013
      vertex -0.03250979 -0.3991277 0.06953245
      vertex -0.03132026 -0.3555355 0.06823352
    endloop
  endfacet
  facet normal -0.1184659 0.03753971 0.9922483
    outer loop
      vertex -0.03574637 -0.3529801 0.06740013
      vertex -0.03748874 -0.3962531 0.06882925
      vertex -0.03250979 -0.3991277 0.06953245
    endloop
  endfacet
  facet normal -0.1575644 0.03047767 0.9870383
    outer loop
      vertex -0.03132026 -0.3555355 0.06823352
      vertex -0.02946778 -0.400884 0.06992951
      vertex -0.02861502 -0.3570973 0.0687136
    endloop
  endfacet
  facet normal -0.1108158 0.03262173 0.9933054
    outer loop
      vertex -0.03132026 -0.3555355 0.06823352
      vertex -0.03250979 -0.3991277 0.06953245
      vertex -0.02946778 -0.400884 0.06992951
    endloop
  endfacet
  facet normal -0.1528832 0.0293258 0.9878091
    outer loop
      vertex -0.02861502 -0.3570973 0.0687136
      vertex -0.02844459 -0.4014748 0.07005744
      vertex -0.02770492 -0.3576228 0.06887005
    endloop
  endfacet
  facet normal -0.1071185 0.02968307 0.9938031
    outer loop
      vertex -0.02861502 -0.3570973 0.0687136
      vertex -0.02946778 -0.400884 0.06992951
      vertex -0.02844459 -0.4014748 0.07005744
    endloop
  endfacet
  facet normal 0.7467015 -0.03172936 -0.6644021
    outer loop
      vertex -0.02770492 -0.3576228 0.06887005
      vertex -0.02929818 -0.400982 0.0691501
      vertex -0.02843942 -0.3571987 0.06802432
    endloop
  endfacet
  facet normal 0.719562 -0.03092159 -0.6937394
    outer loop
      vertex -0.02770492 -0.3576228 0.06887005
      vertex -0.02844459 -0.4014748 0.07005744
      vertex -0.02929818 -0.400982 0.0691501
    endloop
  endfacet
  facet normal 0.4459057 -0.03490169 -0.8943992
    outer loop
      vertex -0.02843942 -0.3571987 0.06802432
      vertex -0.03213256 -0.3993455 0.06782777
      vertex -0.03093057 -0.3557605 0.06672622
    endloop
  endfacet
  facet normal 0.4076043 -0.03146056 -0.9126165
    outer loop
      vertex -0.02843942 -0.3571987 0.06802432
      vertex -0.02929818 -0.400982 0.0691501
      vertex -0.03213256 -0.3993455 0.06782777
    endloop
  endfacet
  facet normal 0.4450259 -0.0400792 -0.8946204
    outer loop
      vertex -0.03093057 -0.3557605 0.06672622
      vertex -0.03676716 -0.3966697 0.06565558
      vertex -0.03500367 -0.3534089 0.06459472
    endloop
  endfacet
  facet normal 0.4078313 -0.03430694 -0.9124126
    outer loop
      vertex -0.03093057 -0.3557605 0.06672622
      vertex -0.03213256 -0.3993455 0.06782777
      vertex -0.03676716 -0.3966697 0.06565558
    endloop
  endfacet
  facet normal 0.4442371 -0.04718615 -0.8946658
    outer loop
      vertex -0.03500367 -0.3534089 0.06459472
      vertex -0.04307168 -0.3930298 0.06267831
      vertex -0.04054365 -0.3502103 0.0616752
    endloop
  endfacet
  facet normal 0.4081949 -0.0390055 -0.9120611
    outer loop
      vertex -0.03500367 -0.3534089 0.06459472
      vertex -0.03676716 -0.3966697 0.06565558
      vertex -0.04307168 -0.3930298 0.06267831
    endloop
  endfacet
  facet normal 0.4437277 -0.05609838 -0.8944041
    outer loop
      vertex -0.04054365 -0.3502103 0.0616752
      vertex -0.05087093 -0.3885269 0.05895496
      vertex -0.04739587 -0.3462542 0.05802758
    endloop
  endfacet
  facet normal 0.4088655 -0.04549128 -0.9114601
    outer loop
      vertex -0.04054365 -0.3502103 0.0616752
      vertex -0.04307168 -0.3930298 0.06267831
      vertex -0.05087093 -0.3885269 0.05895496
    endloop
  endfacet
  facet normal 0.4435487 -0.06666227 -0.8937677
    outer loop
      vertex -0.04739587 -0.3462542 0.05802758
      vertex -0.05995179 -0.3832841 0.05455837
      vertex -0.05537218 -0.3416491 0.05372571
    endloop
  endfacet
  facet normal 0.4098716 -0.0536697 -0.9105629
    outer loop
      vertex -0.04739587 -0.3462542 0.05802758
      vertex -0.05087093 -0.3885269 0.05895496
      vertex -0.05995179 -0.3832841 0.05455837
    endloop
  endfacet
  facet normal 0.4435131 -0.07867492 -0.8928081
    outer loop
      vertex -0.05537218 -0.3416491 0.05372571
      vertex -0.07007175 -0.3774413 0.04957756
      vertex -0.06425869 -0.3365185 0.04885912
    endloop
  endfacet
  facet normal 0.4109985 -0.06339515 -0.9094291
    outer loop
      vertex -0.05537218 -0.3416491 0.05372571
      vertex -0.05995179 -0.3832841 0.05455837
      vertex -0.07007175 -0.3774413 0.04957756
    endloop
  endfacet
  facet normal 0.443141 -0.09184662 -0.8917344
    outer loop
      vertex -0.06425869 -0.3365185 0.04885912
      vertex -0.08096852 -0.3711501 0.04412227
      vertex -0.07382447 -0.3309957 0.04353663
    endloop
  endfacet
  facet normal 0.4117329 -0.07443183 -0.9082598
    outer loop
      vertex -0.06425869 -0.3365185 0.04885912
      vertex -0.07007175 -0.3774413 0.04957756
      vertex -0.08096852 -0.3711501 0.04412227
    endloop
  endfacet
  facet normal 0.4416637 -0.1057533 -0.8909262
    outer loop
      vertex -0.07382447 -0.3309957 0.04353663
      vertex -0.09237025 -0.3645673 0.03832781
      vertex -0.08383087 -0.3252185 0.03789035
    endloop
  endfacet
  facet normal 0.4112682 -0.08640461 -0.9074099
    outer loop
      vertex -0.07382447 -0.3309957 0.04353663
      vertex -0.08096852 -0.3711501 0.04412227
      vertex -0.09237025 -0.3645673 0.03832781
    endloop
  endfacet
  facet normal 0.4380868 -0.1197935 -0.8909149
    outer loop
      vertex -0.08383087 -0.3252185 0.03789035
      vertex -0.1040052 -0.3578499 0.03235776
      vertex -0.09404017 -0.3193241 0.0320776
    endloop
  endfacet
  facet normal 0.4085683 -0.09875389 -0.9073696
    outer loop
      vertex -0.08383087 -0.3252185 0.03789035
      vertex -0.09237025 -0.3645673 0.03832781
      vertex -0.1040052 -0.3578499 0.03235776
    endloop
  endfacet
  facet normal 0.431286 -0.1331634 -0.8923339
    outer loop
      vertex -0.09404017 -0.3193241 0.0320776
      vertex -0.1156096 -0.3511501 0.02640199
      vertex -0.1042227 -0.3134453 0.02627887
    endloop
  endfacet
  facet normal 0.4024652 -0.1107091 -0.9087163
    outer loop
      vertex -0.09404017 -0.3193241 0.0320776
      vertex -0.1040052 -0.3578499 0.03235776
      vertex -0.1156096 -0.3511501 0.02640199
    endloop
  endfacet
  facet normal 0.4251763 -0.1462049 -0.8932241
    outer loop
      vertex -0.1042227 -0.3134453 0.02627887
      vertex -0.1267716 -0.3447056 0.02066228
      vertex -0.1140166 -0.3077907 0.02069137
    endloop
  endfacet
  facet normal 0.3968408 -0.1228174 -0.9096336
    outer loop
      vertex -0.1042227 -0.3134453 0.02627887
      vertex -0.1156096 -0.3511501 0.02640199
      vertex -0.1267716 -0.3447056 0.02066228
    endloop
  endfacet
  facet normal 0.4252419 -0.1606184 -0.8907138
    outer loop
      vertex -0.1140166 -0.3077907 0.02069137
      vertex -0.1372898 -0.338633 0.01514203
      vertex -0.1232421 -0.3024643 0.01532647
    endloop
  endfacet
  facet normal 0.3973863 -0.1365916 -0.9074287
    outer loop
      vertex -0.1140166 -0.3077907 0.02069137
      vertex -0.1267716 -0.3447056 0.02066228
      vertex -0.1372898 -0.338633 0.01514203
    endloop
  endfacet
  facet normal 0.4175901 -0.1712494 -0.892352
    outer loop
      vertex -0.1232421 -0.3024643 0.01532647
      vertex -0.1470382 -0.3330048 0.0100517
      vertex -0.1317933 -0.2975273 0.01037734
    endloop
  endfacet
  facet normal 0.3899282 -0.1468093 -0.9090671
    outer loop
      vertex -0.1232421 -0.3024643 0.01532647
      vertex -0.1372898 -0.338633 0.01514203
      vertex -0.1470382 -0.3330048 0.0100517
    endloop
  endfacet
  facet normal 0.39967 -0.1759608 -0.899612
    outer loop
      vertex -0.1317933 -0.2975273 0.01037734
      vertex -0.1558568 -0.3279133 0.005630093
      vertex -0.1395346 -0.2930579 0.006063933
    endloop
  endfacet
  facet normal 0.3718244 -0.1513678 -0.915879
    outer loop
      vertex -0.1317933 -0.2975273 0.01037734
      vertex -0.1470382 -0.3330048 0.0100517
      vertex -0.1558568 -0.3279133 0.005630093
    endloop
  endfacet
  facet normal 0.3678807 -0.1718947 -0.9138468
    outer loop
      vertex -0.1395346 -0.2930579 0.006063933
      vertex -0.1635933 -0.3234466 0.002094919
      vertex -0.1463366 -0.2891307 0.002586998
    endloop
  endfacet
  facet normal 0.3394195 -0.1473806 -0.9290174
    outer loop
      vertex -0.1395346 -0.2930579 0.006063933
      vertex -0.1558568 -0.3279133 0.005630093
      vertex -0.1635933 -0.3234466 0.002094919
    endloop
  endfacet
  facet normal 0.3141536 -0.1537432 -0.9368407
    outer loop
      vertex -0.1463366 -0.2891307 0.002586998
      vertex -0.1701007 -0.3196896 -0.000366935
      vertex -0.1520738 -0.2858184 0.0001195502
    endloop
  endfacet
  facet normal 0.2845864 -0.1294914 -0.9498645
    outer loop
      vertex -0.1463366 -0.2891307 0.002586998
      vertex -0.1635933 -0.3234466 0.002094919
      vertex -0.1701007 -0.3196896 -0.000366935
    endloop
  endfacet
  facet normal 0.2177072 -0.1090826 -0.9698993
    outer loop
      vertex -0.1520738 -0.2858184 0.0001195502
      vertex -0.1752404 -0.3167222 -0.001604833
      vertex -0.156627 -0.2831896 -0.001198131
    endloop
  endfacet
  facet normal 0.1865304 -0.08521768 -0.9787463
    outer loop
      vertex -0.1520738 -0.2858184 0.0001195502
      vertex -0.1701007 -0.3196896 -0.000366935
      vertex -0.1752404 -0.3167222 -0.001604833
    endloop
  endfacet
  facet normal 0.01767435 -0.002703142 -0.9998401
    outer loop
      vertex -0.156627 -0.2831896 -0.001198131
      vertex -0.1788904 -0.3146149 -0.001506724
      vertex -0.1598906 -0.2813053 -0.001260917
    endloop
  endfacet
  facet normal -0.01504815 0.02047765 -0.9996771
    outer loop
      vertex -0.156627 -0.2831896 -0.001198131
      vertex -0.1752404 -0.3167222 -0.001604833
      vertex -0.1788904 -0.3146149 -0.001506724
    endloop
  endfacet
  facet normal -0.4331077 0.2500548 -0.8659621
    outer loop
      vertex -0.1598906 -0.2813053 -0.001260917
      vertex -0.1809548 -0.313423 0
      vertex -0.1617814 -0.2802137 0
    endloop
  endfacet
  facet normal -0.4613882 0.2694136 -0.8453031
    outer loop
      vertex -0.1598906 -0.2813053 -0.001260917
      vertex -0.1788904 -0.3146149 -0.001506724
      vertex -0.1809548 -0.313423 0
    endloop
  endfacet
  facet normal -0.8592596 0.4929691 -0.1365811
    outer loop
      vertex -0.1809548 -0.313423 0
      vertex -0.2004083 -0.3464705 0.003105633
      vertex -0.1812888 -0.3132302 0.002796826
    endloop
  endfacet
  facet normal -0.8613667 0.4973103 -0.1035848
    outer loop
      vertex -0.1809548 -0.313423 0
      vertex -0.2001282 -0.3466322 0
      vertex -0.2004083 -0.3464705 0.003105633
    endloop
  endfacet
  facet normal -0.7914274 0.4542989 0.4089685
    outer loop
      vertex -0.1812888 -0.3132302 0.002796826
      vertex -0.1986124 -0.3475074 0.007349158
      vertex -0.1797762 -0.3141034 0.006693994
    endloop
  endfacet
  facet normal -0.7770417 0.451026 0.4390692
    outer loop
      vertex -0.1812888 -0.3132302 0.002796826
      vertex -0.2004083 -0.3464705 0.003105633
      vertex -0.1986124 -0.3475074 0.007349158
    endloop
  endfacet
  facet normal -0.6779814 0.387706 0.62452
    outer loop
      vertex -0.1797762 -0.3141034 0.006693994
      vertex -0.1947359 -0.3497455 0.01258045
      vertex -0.1764092 -0.3160474 0.01155599
    endloop
  endfacet
  facet normal -0.6563238 0.3828454 0.6501296
    outer loop
      vertex -0.1797762 -0.3141034 0.006693994
      vertex -0.1986124 -0.3475074 0.007349158
      vertex -0.1947359 -0.3497455 0.01258045
    endloop
  endfacet
  facet normal -0.5944128 0.3365167 0.7303629
    outer loop
      vertex -0.1764092 -0.3160474 0.01155599
      vertex -0.1888148 -0.353164 0.01856121
      vertex -0.171214 -0.3190468 0.01716622
    endloop
  endfacet
  facet normal -0.568524 0.3320734 0.752667
    outer loop
      vertex -0.1764092 -0.3160474 0.01155599
      vertex -0.1947359 -0.3497455 0.01258045
      vertex -0.1888148 -0.353164 0.01856121
    endloop
  endfacet
  facet normal -0.5278325 0.2940355 0.7968287
    outer loop
      vertex -0.171214 -0.3190468 0.01716622
      vertex -0.1809377 -0.3577119 0.02499274
      vertex -0.1642628 -0.3230601 0.02325168
    endloop
  endfacet
  facet normal -0.4988116 0.2907186 0.8164984
    outer loop
      vertex -0.171214 -0.3190468 0.01716622
      vertex -0.1888148 -0.353164 0.01856121
      vertex -0.1809377 -0.3577119 0.02499274
    endloop
  endfacet
  facet normal -0.4692367 0.2558409 0.8451996
    outer loop
      vertex -0.1642628 -0.3230601 0.02325168
      vertex -0.1712568 -0.3633012 0.03154973
      vertex -0.1556849 -0.3280126 0.0295131
    endloop
  endfacet
  facet normal -0.4376175 0.2539257 0.8625617
    outer loop
      vertex -0.1642628 -0.3230601 0.02325168
      vertex -0.1809377 -0.3577119 0.02499274
      vertex -0.1712568 -0.3633012 0.03154973
    endloop
  endfacet
  facet normal -0.4144872 0.2202276 0.8830063
    outer loop
      vertex -0.1556849 -0.3280126 0.0295131
      vertex -0.159992 -0.3698049 0.03791463
      vertex -0.1456705 -0.3337944 0.03565589
    endloop
  endfacet
  facet normal -0.3806211 0.2197978 0.8982297
    outer loop
      vertex -0.1556849 -0.3280126 0.0295131
      vertex -0.1712568 -0.3633012 0.03154973
      vertex -0.159992 -0.3698049 0.03791463
    endloop
  endfacet
  facet normal -0.3619299 0.1867769 0.9133023
    outer loop
      vertex -0.1456705 -0.3337944 0.03565589
      vertex -0.1474273 -0.3770592 0.04380768
      vertex -0.1344693 -0.3402614 0.04141737
    endloop
  endfacet
  facet normal -0.3261089 0.187807 0.9264888
    outer loop
      vertex -0.1456705 -0.3337944 0.03565589
      vertex -0.159992 -0.3698049 0.03791463
      vertex -0.1474273 -0.3770592 0.04380768
    endloop
  endfacet
  facet normal -0.3117653 0.1558703 0.937287
    outer loop
      vertex -0.1344693 -0.3402614 0.04141737
      vertex -0.133963 -0.3848328 0.04899797
      vertex -0.1224367 -0.3472084 0.04657499
    endloop
  endfacet
  facet normal -0.2743053 0.1582095 0.9485391
    outer loop
      vertex -0.1344693 -0.3402614 0.04141737
      vertex -0.1474273 -0.3770592 0.04380768
      vertex -0.133963 -0.3848328 0.04899797
    endloop
  endfacet
  facet normal -0.277054 0.1314984 0.9518137
    outer loop
      vertex -0.1224367 -0.3472084 0.04657499
      vertex -0.1201223 -0.3928237 0.05355068
      vertex -0.1100474 -0.3543614 0.05116948
    endloop
  endfacet
  facet normal -0.2384218 0.1349759 0.9617362
    outer loop
      vertex -0.1224367 -0.3472084 0.04657499
      vertex -0.133963 -0.3848328 0.04899797
      vertex -0.1201223 -0.3928237 0.05355068
    endloop
  endfacet
  facet normal -0.2509 0.1108989 0.9616395
    outer loop
      vertex -0.1100474 -0.3543614 0.05116948
      vertex -0.1061493 -0.400891 0.05755247
      vertex -0.09752422 -0.3615916 0.05527071
    endloop
  endfacet
  facet normal -0.2113176 0.1154409 0.9705763
    outer loop
      vertex -0.1100474 -0.3543614 0.05116948
      vertex -0.1201223 -0.3928237 0.05355068
      vertex -0.1061493 -0.400891 0.05755247
    endloop
  endfacet
  facet normal -0.2273199 0.09246678 0.9694202
    outer loop
      vertex -0.09752422 -0.3615916 0.05527071
      vertex -0.09241792 -0.4088188 0.06097278
      vertex -0.08520427 -0.3687046 0.05883808
    endloop
  endfacet
  facet normal -0.1870146 0.09779742 0.977477
    outer loop
      vertex -0.09752422 -0.3615916 0.05527071
      vertex -0.1061493 -0.400891 0.05755247
      vertex -0.09241792 -0.4088188 0.06097278
    endloop
  endfacet
  facet normal -0.2057932 0.07616171 0.9756273
    outer loop
      vertex -0.08520427 -0.3687046 0.05883808
      vertex -0.0792933 -0.4163963 0.06380793
      vertex -0.0734174 -0.3755097 0.06185557
    endloop
  endfacet
  facet normal -0.1649913 0.08197479 0.9828825
    outer loop
      vertex -0.08520427 -0.3687046 0.05883808
      vertex -0.09241792 -0.4088188 0.06097278
      vertex -0.0792933 -0.4163963 0.06380793
    endloop
  endfacet
  facet normal -0.1859398 0.06198396 0.9806041
    outer loop
      vertex -0.0734174 -0.3755097 0.06185557
      vertex -0.06712222 -0.4234233 0.06607786
      vertex -0.06247752 -0.3818259 0.06432921
    endloop
  endfacet
  facet normal -0.1448659 0.06795425 0.987115
    outer loop
      vertex -0.0734174 -0.3755097 0.06185557
      vertex -0.0792933 -0.4163963 0.06380793
      vertex -0.06712222 -0.4234233 0.06607786
    endloop
  endfacet
  facet normal -0.1676114 0.04996417 0.9845862
    outer loop
      vertex -0.06247752 -0.3818259 0.06432921
      vertex -0.05622505 -0.4297148 0.06782379
      vertex -0.05267524 -0.3874852 0.06628509
    endloop
  endfacet
  facet normal -0.1264884 0.05575751 0.9903998
    outer loop
      vertex -0.06247752 -0.3818259 0.06432921
      vertex -0.06712222 -0.4234233 0.06607786
      vertex -0.05622505 -0.4297148 0.06782379
    endloop
  endfacet
  facet normal -0.1509446 0.04014073 0.9877269
    outer loop
      vertex -0.05267524 -0.3874852 0.06628509
      vertex -0.04688832 -0.4351053 0.06910471
      vertex -0.04427101 -0.3923374 0.06776662
    endloop
  endfacet
  facet normal -0.1099918 0.04542337 0.992894
    outer loop
      vertex -0.05267524 -0.3874852 0.06628509
      vertex -0.05622505 -0.4297148 0.06782379
      vertex -0.04688832 -0.4351053 0.06910471
    endloop
  endfacet
  facet normal -0.1363467 0.03253597 0.9901267
    outer loop
      vertex -0.04427101 -0.3923374 0.06776662
      vertex -0.03935774 -0.4394531 0.06999145
      vertex -0.03748874 -0.3962531 0.06882925
    endloop
  endfacet
  facet normal -0.09577737 0.03698327 0.9947155
    outer loop
      vertex -0.04427101 -0.3923374 0.06776662
      vertex -0.04688832 -0.4351053 0.06910471
      vertex -0.03935774 -0.4394531 0.06999145
    endloop
  endfacet
  facet normal -0.1244139 0.02714221 0.9918591
    outer loop
      vertex -0.03748874 -0.3962531 0.06882925
      vertex -0.03383189 -0.4426435 0.07055742
      vertex -0.03250979 -0.3991277 0.06953245
    endloop
  endfacet
  facet normal -0.08443067 0.03044692 0.9959641
    outer loop
      vertex -0.03748874 -0.3962531 0.06882925
      vertex -0.03935774 -0.4394531 0.06999145
      vertex -0.03383189 -0.4426435 0.07055742
    endloop
  endfacet
  facet normal -0.1157961 0.02392327 0.9929849
    outer loop
      vertex -0.03250979 -0.3991277 0.06953245
      vertex -0.03045678 -0.4445921 0.0708672
      vertex -0.02946778 -0.400884 0.06992951
    endloop
  endfacet
  facet normal -0.07658568 0.02580379 0.996729
    outer loop
      vertex -0.03250979 -0.3991277 0.06953245
      vertex -0.03383189 -0.4426435 0.07055742
      vertex -0.03045678 -0.4445921 0.0708672
    endloop
  endfacet
  facet normal -0.1110443 0.02282927 0.9935532
    outer loop
      vertex -0.02946778 -0.400884 0.06992951
      vertex -0.02932173 -0.4452474 0.07096519
      vertex -0.02844459 -0.4014748 0.07005744
    endloop
  endfacet
  facet normal -0.07277228 0.02303766 0.9970825
    outer loop
      vertex -0.02946778 -0.400884 0.06992951
      vertex -0.03045678 -0.4445921 0.0708672
      vertex -0.02932173 -0.4452474 0.07096519
    endloop
  endfacet
  facet normal 0.7198751 -0.02986637 -0.6934608
    outer loop
      vertex -0.02844459 -0.4014748 0.07005744
      vertex -0.03029413 -0.444686 0.06999849
      vertex -0.02929818 -0.400982 0.0691501
    endloop
  endfacet
  facet normal 0.6963105 -0.02882543 -0.7171616
    outer loop
      vertex -0.02844459 -0.4014748 0.07005744
      vertex -0.02932173 -0.4452474 0.07096519
      vertex -0.03029413 -0.444686 0.06999849
    endloop
  endfacet
  facet normal 0.4083519 -0.02993707 -0.9123335
    outer loop
      vertex -0.02929818 -0.400982 0.0691501
      vertex -0.03346918 -0.4428529 0.06865715
      vertex -0.03213256 -0.3993455 0.06782777
    endloop
  endfacet
  facet normal 0.3759793 -0.02654844 -0.9262477
    outer loop
      vertex -0.02929818 -0.400982 0.0691501
      vertex -0.03029413 -0.444686 0.06999849
      vertex -0.03346918 -0.4428529 0.06865715
    endloop
  endfacet
  facet normal 0.4076267 -0.03472265 -0.9124882
    outer loop
      vertex -0.03213256 -0.3993455 0.06782777
      vertex -0.03866116 -0.4398553 0.06645281
      vertex -0.03676716 -0.3966697 0.06565558
    endloop
  endfacet
  facet normal 0.3762966 -0.02921353 -0.9260386
    outer loop
      vertex -0.03213256 -0.3993455 0.06782777
      vertex -0.03346918 -0.4428529 0.06865715
      vertex -0.03866116 -0.4398553 0.06645281
    endloop
  endfacet
  facet normal 0.4070634 -0.04129644 -0.9124659
    outer loop
      vertex -0.03676716 -0.3966697 0.06565558
      vertex -0.0457246 -0.4357772 0.06342947
      vertex -0.04307168 -0.3930298 0.06267831
    endloop
  endfacet
  facet normal 0.3768094 -0.03361463 -0.9256807
    outer loop
      vertex -0.03676716 -0.3966697 0.06565558
      vertex -0.03866116 -0.4398553 0.06645281
      vertex -0.0457246 -0.4357772 0.06342947
    endloop
  endfacet
  facet normal 0.4068524 -0.04954795 -0.9121492
    outer loop
      vertex -0.04307168 -0.3930298 0.06267831
      vertex -0.05446398 -0.4307315 0.05964488
      vertex -0.05087093 -0.3885269 0.05895496
    endloop
  endfacet
  facet normal 0.3776888 -0.03969512 -0.9250813
    outer loop
      vertex -0.04307168 -0.3930298 0.06267831
      vertex -0.0457246 -0.4357772 0.06342947
      vertex -0.05446398 -0.4307315 0.05964488
    endloop
  endfacet
  facet normal 0.407042 -0.0593396 -0.9114799
    outer loop
      vertex -0.05087093 -0.3885269 0.05895496
      vertex -0.06464143 -0.4248556 0.05517051
      vertex -0.05995179 -0.3832841 0.05455837
    endloop
  endfacet
  facet normal 0.3789611 -0.04737044 -0.9241994
    outer loop
      vertex -0.05087093 -0.3885269 0.05895496
      vertex -0.05446398 -0.4307315 0.05964488
      vertex -0.06464143 -0.4248556 0.05517051
    endloop
  endfacet
  facet normal 0.4074365 -0.07048562 -0.9105094
    outer loop
      vertex -0.05995179 -0.3832841 0.05455837
      vertex -0.07598601 -0.4183058 0.05009449
      vertex -0.07007175 -0.3774413 0.04957756
    endloop
  endfacet
  facet normal 0.3804048 -0.05650569 -0.9230923
    outer loop
      vertex -0.05995179 -0.3832841 0.05455837
      vertex -0.06464143 -0.4248556 0.05517051
      vertex -0.07598601 -0.4183058 0.05009449
    endloop
  endfacet
  facet normal 0.4075393 -0.08271348 -0.909434
    outer loop
      vertex -0.07007175 -0.3774413 0.04957756
      vertex -0.08820435 -0.4112515 0.04452696
      vertex -0.08096852 -0.3711501 0.04412227
    endloop
  endfacet
  facet normal 0.381494 -0.0668757 -0.921949
    outer loop
      vertex -0.07007175 -0.3774413 0.04957756
      vertex -0.07598601 -0.4183058 0.05009449
      vertex -0.08820435 -0.4112515 0.04452696
    endloop
  endfacet
  facet normal 0.4065587 -0.09561577 -0.9086075
    outer loop
      vertex -0.08096852 -0.3711501 0.04412227
      vertex -0.1009916 -0.4038688 0.03860596
      vertex -0.09237025 -0.3645673 0.03832781
    endloop
  endfacet
  facet normal 0.3814047 -0.07811553 -0.9211018
    outer loop
      vertex -0.08096852 -0.3711501 0.04412227
      vertex -0.08820435 -0.4112515 0.04452696
      vertex -0.1009916 -0.4038688 0.03860596
    endloop
  endfacet
  facet normal 0.4034719 -0.1086067 -0.9085235
    outer loop
      vertex -0.09237025 -0.3645673 0.03832781
      vertex -0.1140423 -0.396334 0.03250079
      vertex -0.1040052 -0.3578499 0.03235776
    endloop
  endfacet
  facet normal 0.3790796 -0.08967556 -0.9210087
    outer loop
      vertex -0.09237025 -0.3645673 0.03832781
      vertex -0.1009916 -0.4038688 0.03860596
      vertex -0.1140423 -0.396334 0.03250079
    endloop
  endfacet
  facet normal 0.3971224 -0.1208979 -0.9097678
    outer loop
      vertex -0.1040052 -0.3578499 0.03235776
      vertex -0.1270588 -0.3888189 0.02641009
      vertex -0.1156096 -0.3511501 0.02640199
    endloop
  endfacet
  facet normal 0.3733273 -0.1007955 -0.9222077
    outer loop
      vertex -0.1040052 -0.3578499 0.03235776
      vertex -0.1140423 -0.396334 0.03250079
      vertex -0.1270588 -0.3888189 0.02641009
    endloop
  endfacet
  facet normal 0.3914814 -0.1329051 -0.9105375
    outer loop
      vertex -0.1156096 -0.3511501 0.02640199
      vertex -0.1395794 -0.3815901 0.02053944
      vertex -0.1267716 -0.3447056 0.02066228
    endloop
  endfacet
  facet normal 0.3680778 -0.1120729 -0.9230159
    outer loop
      vertex -0.1156096 -0.3511501 0.02640199
      vertex -0.1270588 -0.3888189 0.02641009
      vertex -0.1395794 -0.3815901 0.02053944
    endloop
  endfacet
  facet normal 0.3921236 -0.1463977 -0.9081887
    outer loop
      vertex -0.1267716 -0.3447056 0.02066228
      vertex -0.1513812 -0.3747763 0.01488404
      vertex -0.1372898 -0.338633 0.01514203
    endloop
  endfacet
  facet normal 0.3690857 -0.1250938 -0.9209383
    outer loop
      vertex -0.1267716 -0.3447056 0.02066228
      vertex -0.1395794 -0.3815901 0.02053944
      vertex -0.1513812 -0.3747763 0.01488404
    endloop
  endfacet
  facet normal 0.3848772 -0.156104 -0.9096709
    outer loop
      vertex -0.1372898 -0.338633 0.01514203
      vertex -0.1623186 -0.3684616 0.009671187
      vertex -0.1470382 -0.3330048 0.0100517
    endloop
  endfacet
  facet normal 0.3619645 -0.1345377 -0.9224323
    outer loop
      vertex -0.1372898 -0.338633 0.01514203
      vertex -0.1513812 -0.3747763 0.01488404
      vertex -0.1623186 -0.3684616 0.009671187
    endloop
  endfacet
  facet normal 0.3671328 -0.1598813 -0.916325
    outer loop
      vertex -0.1470382 -0.3330048 0.0100517
      vertex -0.172207 -0.3627526 0.005158042
      vertex -0.1558568 -0.3279133 0.005630093
    endloop
  endfacet
  facet normal 0.3440304 -0.1382963 -0.9287181
    outer loop
      vertex -0.1470382 -0.3330048 0.0100517
      vertex -0.1623186 -0.3684616 0.009671187
      vertex -0.172207 -0.3627526 0.005158042
    endloop
  endfacet
  facet normal 0.3352357 -0.1548656 -0.9293189
    outer loop
      vertex -0.1558568 -0.3279133 0.005630093
      vertex -0.1808711 -0.3577504 0.00157879
      vertex -0.1635933 -0.3234466 0.002094919
    endloop
  endfacet
  facet normal 0.3115889 -0.1334828 -0.9407947
    outer loop
      vertex -0.1558568 -0.3279133 0.005630093
      vertex -0.172207 -0.3627526 0.005158042
      vertex -0.1808711 -0.3577504 0.00157879
    endloop
  endfacet
  facet normal 0.2810516 -0.1357325 -0.9500456
    outer loop
      vertex -0.1635933 -0.3234466 0.002094919
      vertex -0.1881424 -0.3535523 -0.0008662367
      vertex -0.1701007 -0.3196896 -0.000366935
    endloop
  endfacet
  facet normal 0.2564692 -0.1147359 -0.9597183
    outer loop
      vertex -0.1635933 -0.3234466 0.002094919
      vertex -0.1808711 -0.3577504 0.00157879
      vertex -0.1881424 -0.3535523 -0.0008662367
    endloop
  endfacet
  facet normal 0.183761 -0.09005233 -0.9788373
    outer loop
      vertex -0.1701007 -0.3196896 -0.000366935
      vertex -0.1938629 -0.3502495 -0.002016413
      vertex -0.1752404 -0.3167222 -0.001604833
    endloop
  endfacet
  facet normal 0.1578692 -0.06958701 -0.9850051
    outer loop
      vertex -0.1701007 -0.3196896 -0.000366935
      vertex -0.1881424 -0.3535523 -0.0008662367
      vertex -0.1938629 -0.3502495 -0.002016413
    endloop
  endfacet
  facet normal -0.01700213 0.01709475 -0.9997093
    outer loop
      vertex -0.1752404 -0.3167222 -0.001604833
      vertex -0.1978942 -0.347922 -0.001753067
      vertex -0.1788904 -0.3146149 -0.001506724
    endloop
  endfacet
  facet normal -0.04402414 0.03670862 -0.9983558
    outer loop
      vertex -0.1752404 -0.3167222 -0.001604833
      vertex -0.1938629 -0.3502495 -0.002016413
      vertex -0.1978942 -0.347922 -0.001753067
    endloop
  endfacet
  facet normal -0.4627022 0.2671413 -0.845306
    outer loop
      vertex -0.1788904 -0.3146149 -0.001506724
      vertex -0.2001282 -0.3466322 0
      vertex -0.1809548 -0.313423 0
    endloop
  endfacet
  facet normal -0.4855515 0.2831554 -0.8270809
    outer loop
      vertex -0.1788904 -0.3146149 -0.001506724
      vertex -0.1978942 -0.347922 -0.001753067
      vertex -0.2001282 -0.3466322 0
    endloop
  endfacet
  facet normal -0.8626148 0.4951423 -0.1035845
    outer loop
      vertex -0.2001282 -0.3466322 0
      vertex -0.2195258 -0.3797121 0.003411769
      vertex -0.2004083 -0.3464705 0.003105633
    endloop
  endfacet
  facet normal -0.8635432 0.4985669 -0.07565899
    outer loop
      vertex -0.2001282 -0.3466322 0
      vertex -0.2193016 -0.3798415 0
      vertex -0.2195258 -0.3797121 0.003411769
    endloop
  endfacet
  facet normal -0.7789774 0.4476742 0.4390694
    outer loop
      vertex -0.2004083 -0.3464705 0.003105633
      vertex -0.2174457 -0.3809131 0.007996308
      vertex -0.1986124 -0.3475074 0.007349158
    endloop
  endfacet
  facet normal -0.7660079 0.4448109 0.4640853
    outer loop
      vertex -0.2004083 -0.3464705 0.003105633
      vertex -0.2195258 -0.3797121 0.003411769
      vertex -0.2174457 -0.3809131 0.007996308
    endloop
  endfacet
  facet normal -0.6591846 0.377895 0.6501315
    outer loop
      vertex -0.1986124 -0.3475074 0.007349158
      vertex -0.2130603 -0.3834449 0.01358902
      vertex -0.1947359 -0.3497455 0.01258045
    endloop
  endfacet
  facet normal -0.6401077 0.3738794 0.6711753
    outer loop
      vertex -0.1986124 -0.3475074 0.007349158
      vertex -0.2174457 -0.3809131 0.007996308
      vertex -0.2130603 -0.3834449 0.01358902
    endloop
  endfacet
  facet normal -0.5723396 0.3254597 0.7526642
    outer loop
      vertex -0.1947359 -0.3497455 0.01258045
      vertex -0.2064154 -0.3872814 0.01993014
      vertex -0.1888148 -0.353164 0.01856121
    endloop
  endfacet
  facet normal -0.549691 0.3219691 0.7708279
    outer loop
      vertex -0.1947359 -0.3497455 0.01258045
      vertex -0.2130603 -0.3834449 0.01358902
      vertex -0.2064154 -0.3872814 0.01993014
    endloop
  endfacet
  facet normal -0.5035426 0.2824982 0.81648
    outer loop
      vertex -0.1888148 -0.353164 0.01856121
      vertex -0.1976159 -0.3923618 0.02669564
      vertex -0.1809377 -0.3577119 0.02499274
    endloop
  endfacet
  facet normal -0.4782384 0.2801124 0.8323611
    outer loop
      vertex -0.1888148 -0.353164 0.01856121
      vertex -0.2064154 -0.3872814 0.01993014
      vertex -0.1976159 -0.3923618 0.02669564
    endloop
  endfacet
  facet normal -0.4431908 0.2442215 0.8625183
    outer loop
      vertex -0.1809377 -0.3577119 0.02499274
      vertex -0.1868371 -0.3985849 0.03353458
      vertex -0.1712568 -0.3633012 0.03154973
    endloop
  endfacet
  facet normal -0.4156819 0.2431531 0.8764047
    outer loop
      vertex -0.1809377 -0.3577119 0.02499274
      vertex -0.1976159 -0.3923618 0.02669564
      vertex -0.1868371 -0.3985849 0.03353458
    endloop
  endfacet
  facet normal -0.3869414 0.2087802 0.8981577
    outer loop
      vertex -0.1712568 -0.3633012 0.03154973
      vertex -0.1743286 -0.4058067 0.04010691
      vertex -0.159992 -0.3698049 0.03791463
    endloop
  endfacet
  facet normal -0.3575307 0.2090784 0.9101967
    outer loop
      vertex -0.1712568 -0.3633012 0.03154973
      vertex -0.1868371 -0.3985849 0.03353458
      vertex -0.1743286 -0.4058067 0.04010691
    endloop
  endfacet
  facet normal -0.3330639 0.1756827 0.926393
    outer loop
      vertex -0.159992 -0.3698049 0.03791463
      vertex -0.1604088 -0.4138433 0.04611629
      vertex -0.1474273 -0.3770592 0.04380768
    endloop
  endfacet
  facet normal -0.3020079 0.1773032 0.9366722
    outer loop
      vertex -0.159992 -0.3698049 0.03791463
      vertex -0.1743286 -0.4058067 0.04010691
      vertex -0.1604088 -0.4138433 0.04611629
    endloop
  endfacet
  facet normal -0.2817376 0.1452645 0.9484314
    outer loop
      vertex -0.1474273 -0.3770592 0.04380768
      vertex -0.1455222 -0.4224381 0.05132395
      vertex -0.133963 -0.3848328 0.04899797
    endloop
  endfacet
  facet normal -0.2493173 0.148051 0.957038
    outer loop
      vertex -0.1474273 -0.3770592 0.04380768
      vertex -0.1604088 -0.4138433 0.04611629
      vertex -0.1455222 -0.4224381 0.05132395
    endloop
  endfacet
  facet normal -0.2461204 0.1215563 0.9615866
    outer loop
      vertex -0.133963 -0.3848328 0.04899797
      vertex -0.1302404 -0.4312611 0.05581988
      vertex -0.1201223 -0.3928237 0.05355068
    endloop
  endfacet
  facet normal -0.2127332 0.1253283 0.9690394
    outer loop
      vertex -0.133963 -0.3848328 0.04899797
      vertex -0.1455222 -0.4224381 0.05132395
      vertex -0.1302404 -0.4312611 0.05581988
    endloop
  endfacet
  facet normal -0.2191899 0.101702 0.9703672
    outer loop
      vertex -0.1201223 -0.3928237 0.05355068
      vertex -0.1148282 -0.4401593 0.05970765
      vertex -0.1061493 -0.400891 0.05755247
    endloop
  endfacet
  facet normal -0.1850227 0.1063807 0.9769594
    outer loop
      vertex -0.1201223 -0.3928237 0.05355068
      vertex -0.1302404 -0.4312611 0.05581988
      vertex -0.1148282 -0.4401593 0.05970765
    endloop
  endfacet
  facet normal -0.1949021 0.08402367 0.9772171
    outer loop
      vertex -0.1061493 -0.400891 0.05755247
      vertex -0.09969622 -0.4488957 0.06296707
      vertex -0.09241792 -0.4088188 0.06097278
    endloop
  endfacet
  facet normal -0.1601592 0.08935067 0.9830389
    outer loop
      vertex -0.1061493 -0.400891 0.05755247
      vertex -0.1148282 -0.4401593 0.05970765
      vertex -0.09969622 -0.4488957 0.06296707
    endloop
  endfacet
  facet normal -0.1727356 0.06845062 0.9825868
    outer loop
      vertex -0.09241792 -0.4088188 0.06097278
      vertex -0.08524442 -0.4572395 0.06560702
      vertex -0.0792933 -0.4163963 0.06380793
    endloop
  endfacet
  facet normal -0.1376208 0.07414283 0.9877061
    outer loop
      vertex -0.09241792 -0.4088188 0.06097278
      vertex -0.09969622 -0.4488957 0.06296707
      vertex -0.08524442 -0.4572395 0.06560702
    endloop
  endfacet
  facet normal -0.152312 0.0549566 0.9868033
    outer loop
      vertex -0.0792933 -0.4163963 0.06380793
      vertex -0.07185213 -0.4649715 0.06766169
      vertex -0.06712222 -0.4234233 0.06607786
    endloop
  endfacet
  facet normal -0.1170279 0.06071617 0.9912709
    outer loop
      vertex -0.0792933 -0.4163963 0.06380793
      vertex -0.08524442 -0.4572395 0.06560702
      vertex -0.07185213 -0.4649715 0.06766169
    endloop
  endfacet
  facet normal -0.1334875 0.04354964 0.9900932
    outer loop
      vertex -0.06712222 -0.4234233 0.06607786
      vertex -0.05986919 -0.4718899 0.06918756
      vertex -0.05622505 -0.4297148 0.06782379
    endloop
  endfacet
  facet normal -0.09823452 0.04907288 0.9939526
    outer loop
      vertex -0.06712222 -0.4234233 0.06607786
      vertex -0.07185213 -0.4649715 0.06766169
      vertex -0.05986919 -0.4718899 0.06918756
    endloop
  endfacet
  facet normal -0.1164042 0.03424959 0.9926112
    outer loop
      vertex -0.05622505 -0.4297148 0.06782379
      vertex -0.04960789 -0.4778142 0.07025944
      vertex -0.04688832 -0.4351053 0.06910471
    endloop
  endfacet
  facet normal -0.08137832 0.03923526 0.9959107
    outer loop
      vertex -0.05622505 -0.4297148 0.06782379
      vertex -0.05986919 -0.4718899 0.06918756
      vertex -0.04960789 -0.4778142 0.07025944
    endloop
  endfacet
  facet normal -0.1014753 0.02706412 0.9944699
    outer loop
      vertex -0.04688832 -0.4351053 0.06910471
      vertex -0.04133549 -0.4825903 0.0709636
      vertex -0.03935774 -0.4394531 0.06999145
    endloop
  endfacet
  facet normal -0.06686505 0.03122114 0.9972734
    outer loop
      vertex -0.04688832 -0.4351053 0.06910471
      vertex -0.04960789 -0.4778142 0.07025944
      vertex -0.04133549 -0.4825903 0.0709636
    endloop
  endfacet
  facet normal -0.08930156 0.02197449 0.9957622
    outer loop
      vertex -0.03935774 -0.4394531 0.06999145
      vertex -0.03526756 -0.4860936 0.07138753
      vertex -0.03383189 -0.4426435 0.07055742
    endloop
  endfacet
  facet normal -0.05528348 0.02502941 0.9981569
    outer loop
      vertex -0.03935774 -0.4394531 0.06999145
      vertex -0.04133549 -0.4825903 0.0709636
      vertex -0.03526756 -0.4860936 0.07138753
    endloop
  endfacet
  facet normal -0.08053589 0.01893683 0.9965718
    outer loop
      vertex -0.03383189 -0.4426435 0.07055742
      vertex -0.03156231 -0.4882329 0.07160712
      vertex -0.03045678 -0.4445921 0.0708672
    endloop
  endfacet
  facet normal -0.0472697 0.02064121 0.9986689
    outer loop
      vertex -0.03383189 -0.4426435 0.07055742
      vertex -0.03526756 -0.4860936 0.07138753
      vertex -0.03156231 -0.4882329 0.07160712
    endloop
  endfacet
  facet normal -0.07573045 0.01789681 0.9969677
    outer loop
      vertex -0.03045678 -0.4445921 0.0708672
      vertex -0.03031639 -0.4889522 0.07167419
      vertex -0.02932173 -0.4452474 0.07096519
    endloop
  endfacet
  facet normal -0.04335476 0.01803437 0.998897
    outer loop
      vertex -0.03045678 -0.4445921 0.0708672
      vertex -0.03156231 -0.4882329 0.07160712
      vertex -0.03031639 -0.4889522 0.07167419
    endloop
  endfacet
  facet normal 0.6964229 -0.02846772 -0.7170668
    outer loop
      vertex -0.02932173 -0.4452474 0.07096519
      vertex -0.03140725 -0.4883224 0.07064979
      vertex -0.03029413 -0.444686 0.06999849
    endloop
  endfacet
  facet normal 0.6758643 -0.02732993 -0.7365192
    outer loop
      vertex -0.02932173 -0.4452474 0.07096519
      vertex -0.03031639 -0.4889522 0.07167419
      vertex -0.03140725 -0.4883224 0.07064979
    endloop
  endfacet
  facet normal 0.3761896 -0.02613054 -0.9261742
    outer loop
      vertex -0.03029413 -0.444686 0.06999849
      vertex -0.03492081 -0.4862938 0.06929315
      vertex -0.03346918 -0.4428529 0.06865715
    endloop
  endfacet
  facet normal 0.3485829 -0.02287725 -0.9369987
    outer loop
      vertex -0.03029413 -0.444686 0.06999849
      vertex -0.03140725 -0.4883224 0.07064979
      vertex -0.03492081 -0.4862938 0.06929315
    endloop
  endfacet
  facet normal 0.3756123 -0.03057089 -0.9262725
    outer loop
      vertex -0.03346918 -0.4428529 0.06865715
      vertex -0.04066663 -0.4829765 0.06706276
      vertex -0.03866116 -0.4398553 0.06645281
    endloop
  endfacet
  facet normal 0.3489856 -0.02537683 -0.9367844
    outer loop
      vertex -0.03346918 -0.4428529 0.06865715
      vertex -0.03492081 -0.4862938 0.06929315
      vertex -0.04066663 -0.4829765 0.06706276
    endloop
  endfacet
  facet normal 0.3752618 -0.03667499 -0.926193
    outer loop
      vertex -0.03866116 -0.4398553 0.06645281
      vertex -0.04848418 -0.478463 0.06400163
      vertex -0.0457246 -0.4357772 0.06342947
    endloop
  endfacet
  facet normal 0.349639 -0.02950647 -0.9364197
    outer loop
      vertex -0.03866116 -0.4398553 0.06645281
      vertex -0.04066663 -0.4829765 0.06706276
      vertex -0.04848418 -0.478463 0.06400163
    endloop
  endfacet
  facet normal 0.3753289 -0.04434451 -0.9258303
    outer loop
      vertex -0.0457246 -0.4357772 0.06342947
      vertex -0.05815777 -0.472878 0.06016611
      vertex -0.05446398 -0.4307315 0.05964488
    endloop
  endfacet
  facet normal 0.3507145 -0.03521708 -0.93582
    outer loop
      vertex -0.0457246 -0.4357772 0.06342947
      vertex -0.04848418 -0.478463 0.06400163
      vertex -0.05815777 -0.472878 0.06016611
    endloop
  endfacet
  facet normal 0.3758584 -0.05345613 -0.925134
    outer loop
      vertex -0.05446398 -0.4307315 0.05964488
      vertex -0.06942493 -0.4663729 0.05562605
      vertex -0.06464143 -0.4248556 0.05517051
    endloop
  endfacet
  facet normal 0.3522355 -0.04243334 -0.934949
    outer loop
      vertex -0.05446398 -0.4307315 0.05964488
      vertex -0.05815777 -0.472878 0.06016611
      vertex -0.06942493 -0.4663729 0.05562605
    endloop
  endfacet
  facet normal 0.3766461 -0.06383945 -0.9241549
    outer loop
      vertex -0.06464143 -0.4248556 0.05517051
      vertex -0.08198656 -0.4591204 0.05046835
      vertex -0.07598601 -0.4183058 0.05009449
    endloop
  endfacet
  facet normal 0.3539738 -0.0510304 -0.9338621
    outer loop
      vertex -0.06464143 -0.4248556 0.05517051
      vertex -0.06942493 -0.4663729 0.05562605
      vertex -0.08198656 -0.4591204 0.05046835
    endloop
  endfacet
  facet normal 0.3771809 -0.07523763 -0.9230785
    outer loop
      vertex -0.07598601 -0.4183058 0.05009449
      vertex -0.09551835 -0.4513078 0.04480326
      vertex -0.08820435 -0.4112515 0.04452696
    endloop
  endfacet
  facet normal 0.3553925 -0.06079338 -0.9327381
    outer loop
      vertex -0.07598601 -0.4183058 0.05009449
      vertex -0.08198656 -0.4591204 0.05046835
      vertex -0.09551835 -0.4513078 0.04480326
    endloop
  endfacet
  facet normal 0.3766513 -0.08725855 -0.9222363
    outer loop
      vertex -0.08820435 -0.4112515 0.04452696
      vertex -0.1096828 -0.44313 0.03877117
      vertex -0.1009916 -0.4038688 0.03860596
    endloop
  endfacet
  facet normal 0.3556524 -0.07136746 -0.9318895
    outer loop
      vertex -0.08820435 -0.4112515 0.04452696
      vertex -0.09551835 -0.4513078 0.04480326
      vertex -0.1096828 -0.44313 0.03877117
    endloop
  endfacet
  facet normal 0.3740106 -0.09933126 -0.9220897
    outer loop
      vertex -0.1009916 -0.4038688 0.03860596
      vertex -0.1241405 -0.4347828 0.03254668
      vertex -0.1140423 -0.396334 0.03250079
    endloop
  endfacet
  facet normal 0.3536782 -0.08221309 -0.9317472
    outer loop
      vertex -0.1009916 -0.4038688 0.03860596
      vertex -0.1096828 -0.44313 0.03877117
      vertex -0.1241405 -0.4347828 0.03254668
    endloop
  endfacet
  facet normal 0.3680765 -0.1106817 -0.9231843
    outer loop
      vertex -0.1140423 -0.396334 0.03250079
      vertex -0.1385605 -0.4264574 0.02633684
      vertex -0.1270588 -0.3888189 0.02641009
    endloop
  endfacet
  facet normal 0.3482583 -0.09258044 -0.9328156
    outer loop
      vertex -0.1140423 -0.396334 0.03250079
      vertex -0.1241405 -0.4347828 0.03254668
      vertex -0.1385605 -0.4264574 0.02633684
    endloop
  endfacet
  facet normal 0.3628611 -0.1217864 -0.9238506
    outer loop
      vertex -0.1270588 -0.3888189 0.02641009
      vertex -0.1524314 -0.418449 0.02035044
      vertex -0.1395794 -0.3815901 0.02053944
    endloop
  endfacet
  facet normal 0.3433602 -0.1031087 -0.9335268
    outer loop
      vertex -0.1270588 -0.3888189 0.02641009
      vertex -0.1385605 -0.4264574 0.02633684
      vertex -0.1524314 -0.418449 0.02035044
    endloop
  endfacet
  facet normal 0.364008 -0.1344691 -0.9216378
    outer loop
      vertex -0.1395794 -0.3815901 0.02053944
      vertex -0.1655094 -0.4108985 0.01457433
      vertex -0.1513812 -0.3747763 0.01488404
    endloop
  endfacet
  facet normal 0.3447862 -0.1154445 -0.9315552
    outer loop
      vertex -0.1395794 -0.3815901 0.02053944
      vertex -0.1524314 -0.418449 0.02035044
      vertex -0.1655094 -0.4108985 0.01457433
    endloop
  endfacet
  facet normal 0.3571292 -0.1433702 -0.9229863
    outer loop
      vertex -0.1513812 -0.3747763 0.01488404
      vertex -0.1776286 -0.4039014 0.009252294
      vertex -0.1623186 -0.3684616 0.009671187
    endloop
  endfacet
  facet normal 0.337981 -0.1241926 -0.9329228
    outer loop
      vertex -0.1513812 -0.3747763 0.01488404
      vertex -0.1655094 -0.4108985 0.01457433
      vertex -0.1776286 -0.4039014 0.009252294
    endloop
  endfacet
  facet normal 0.3395696 -0.1463453 -0.9291262
    outer loop
      vertex -0.1623186 -0.3684616 0.009671187
      vertex -0.1885802 -0.3975786 0.004659495
      vertex -0.172207 -0.3627526 0.005158042
    endloop
  endfacet
  facet normal 0.3202273 -0.1272422 -0.9387566
    outer loop
      vertex -0.1623186 -0.3684616 0.009671187
      vertex -0.1776286 -0.4039014 0.009252294
      vertex -0.1885802 -0.3975786 0.004659495
    endloop
  endfacet
  facet normal 0.3076347 -0.1405287 -0.9410699
    outer loop
      vertex -0.172207 -0.3627526 0.005158042
      vertex -0.1981658 -0.3920443 0.001046227
      vertex -0.1808711 -0.3577504 0.00157879
    endloop
  endfacet
  facet normal 0.2878013 -0.121709 -0.9499249
    outer loop
      vertex -0.172207 -0.3627526 0.005158042
      vertex -0.1885802 -0.3975786 0.004659495
      vertex -0.1981658 -0.3920443 0.001046227
    endloop
  endfacet
  facet normal 0.2531452 -0.1205892 -0.9598832
    outer loop
      vertex -0.1808711 -0.3577504 0.00157879
      vertex -0.2061957 -0.3874083 -0.001374047
      vertex -0.1881424 -0.3535523 -0.0008662367
    endloop
  endfacet
  facet normal 0.2325017 -0.1022326 -0.9672081
    outer loop
      vertex -0.1808711 -0.3577504 0.00157879
      vertex -0.1981658 -0.3920443 0.001046227
      vertex -0.2061957 -0.3874083 -0.001374047
    endloop
  endfacet
  facet normal 0.155276 -0.07410728 -0.9850875
    outer loop
      vertex -0.1881424 -0.3535523 -0.0008662367
      vertex -0.2124924 -0.3837728 -0.002430987
      vertex -0.1938629 -0.3502495 -0.002016413
    endloop
  endfacet
  facet normal 0.1335385 -0.05636704 -0.9894394
    outer loop
      vertex -0.1881424 -0.3535523 -0.0008662367
      vertex -0.2061957 -0.3874083 -0.001374047
      vertex -0.2124924 -0.3837728 -0.002430987
    endloop
  endfacet
  facet normal -0.04584812 0.03355266 -0.9983848
    outer loop
      vertex -0.1938629 -0.3502495 -0.002016413
      vertex -0.2169012 -0.3812274 -0.001999515
      vertex -0.1978942 -0.347922 -0.001753067
    endloop
  endfacet
  facet normal -0.06843984 0.05035522 -0.9963836
    outer loop
      vertex -0.1938629 -0.3502495 -0.002016413
      vertex -0.2124924 -0.3837728 -0.002430987
      vertex -0.2169012 -0.3812274 -0.001999515
    endloop
  endfacet
  facet normal -0.4867749 0.2810396 -0.8270834
    outer loop
      vertex -0.1978942 -0.347922 -0.001753067
      vertex -0.2193016 -0.3798415 0
      vertex -0.2001282 -0.3466322 0
    endloop
  endfacet
  facet normal -0.5055236 0.2944972 -0.8109977
    outer loop
      vertex -0.1978942 -0.347922 -0.001753067
      vertex -0.2169012 -0.3812274 -0.001999515
      vertex -0.2193016 -0.3798415 0
    endloop
  endfacet
  facet normal -0.864702 0.4965544 -0.07565879
    outer loop
      vertex -0.2193016 -0.3798415 0
      vertex -0.2386418 -0.4129545 0.003715732
      vertex -0.2195258 -0.3797121 0.003411769
    endloop
  endfacet
  facet normal -0.864864 0.4993295 -0.05177189
    outer loop
      vertex -0.2193016 -0.3798415 0
      vertex -0.238475 -0.4130508 0
      vertex -0.2386418 -0.4129545 0.003715732
    endloop
  endfacet
  facet normal -0.767798 0.441713 0.464086
    outer loop
      vertex -0.2195258 -0.3797121 0.003411769
      vertex -0.2362771 -0.4143198 0.008637152
      vertex -0.2174457 -0.3809131 0.007996308
    endloop
  endfacet
  facet normal -0.7561079 0.4392354 0.4851527
    outer loop
      vertex -0.2195258 -0.3797121 0.003411769
      vertex -0.2386418 -0.4129545 0.003715732
      vertex -0.2362771 -0.4143198 0.008637152
    endloop
  endfacet
  facet normal -0.6427472 0.3693163 0.6711792
    outer loop
      vertex -0.2174457 -0.3809131 0.007996308
      vertex -0.2313837 -0.417145 0.0145853
      vertex -0.2130603 -0.3834449 0.01358902
    endloop
  endfacet
  facet normal -0.6258563 0.3660092 0.6887243
    outer loop
      vertex -0.2174457 -0.3809131 0.007996308
      vertex -0.2362771 -0.4143198 0.008637152
      vertex -0.2313837 -0.417145 0.0145853
    endloop
  endfacet
  facet normal -0.5532041 0.3158885 0.7708305
    outer loop
      vertex -0.2130603 -0.3834449 0.01358902
      vertex -0.2240169 -0.4213982 0.02127914
      vertex -0.2064154 -0.3872814 0.01993014
    endloop
  endfacet
  facet normal -0.5332539 0.3131728 0.7858518
    outer loop
      vertex -0.2130603 -0.3834449 0.01358902
      vertex -0.2313837 -0.417145 0.0145853
      vertex -0.2240169 -0.4213982 0.02127914
    endloop
  endfacet
  facet normal -0.4825851 0.2725751 0.8323547
    outer loop
      vertex -0.2064154 -0.3872814 0.01993014
      vertex -0.2142983 -0.4270092 0.02836959
      vertex -0.1976159 -0.3923618 0.02669564
    endloop
  endfacet
  facet normal -0.4603499 0.270931 0.8453842
    outer loop
      vertex -0.2064154 -0.3872814 0.01993014
      vertex -0.2240169 -0.4213982 0.02127914
      vertex -0.2142983 -0.4270092 0.02836959
    endloop
  endfacet
  facet normal -0.4207905 0.2342812 0.8763833
    outer loop
      vertex -0.1976159 -0.3923618 0.02669564
      vertex -0.2024264 -0.4338635 0.03548039
      vertex -0.1868371 -0.3985849 0.03353458
    endloop
  endfacet
  facet normal -0.3966564 0.2338738 0.8876749
    outer loop
      vertex -0.1976159 -0.3923618 0.02669564
      vertex -0.2142983 -0.4270092 0.02836959
      vertex -0.2024264 -0.4338635 0.03548039
    endloop
  endfacet
  facet normal -0.3633088 0.1990369 0.9101599
    outer loop
      vertex -0.1868371 -0.3985849 0.03353458
      vertex -0.18868 -0.4417999 0.04224937
      vertex -0.1743286 -0.4058067 0.04010691
    endloop
  endfacet
  facet normal -0.3375404 0.1998907 0.9198425
    outer loop
      vertex -0.1868371 -0.3985849 0.03353458
      vertex -0.2024264 -0.4338635 0.03548039
      vertex -0.18868 -0.4417999 0.04224937
    endloop
  endfacet
  facet normal -0.3083468 0.16629 0.9366269
    outer loop
      vertex -0.1743286 -0.4058067 0.04010691
      vertex -0.1734121 -0.4506149 0.04836394
      vertex -0.1604088 -0.4138433 0.04611629
    endloop
  endfacet
  facet normal -0.2811723 0.1683474 0.9447758
    outer loop
      vertex -0.1743286 -0.4058067 0.04010691
      vertex -0.18868 -0.4417999 0.04224937
      vertex -0.1734121 -0.4506149 0.04836394
    endloop
  endfacet
  facet normal -0.2560668 0.1363356 0.9569966
    outer loop
      vertex -0.1604088 -0.4138433 0.04611629
      vertex -0.1571113 -0.4600262 0.0535779
      vertex -0.1455222 -0.4224381 0.05132395
    endloop
  endfacet
  facet normal -0.2277389 0.1394391 0.9636865
    outer loop
      vertex -0.1604088 -0.4138433 0.04611629
      vertex -0.1734121 -0.4506149 0.04836394
      vertex -0.1571113 -0.4600262 0.0535779
    endloop
  endfacet
  facet normal -0.2196975 0.1132327 0.9689744
    outer loop
      vertex -0.1455222 -0.4224381 0.05132395
      vertex -0.1403968 -0.4696763 0.05800624
      vertex -0.1302404 -0.4312611 0.05581988
    endloop
  endfacet
  facet normal -0.1905604 0.1171977 0.9746545
    outer loop
      vertex -0.1455222 -0.4224381 0.05132395
      vertex -0.1571113 -0.4600262 0.0535779
      vertex -0.1403968 -0.4696763 0.05800624
    endloop
  endfacet
  facet normal -0.1921162 0.09404892 0.9768553
    outer loop
      vertex -0.1302404 -0.4312611 0.05581988
      vertex -0.1235543 -0.4794003 0.06176953
      vertex -0.1148282 -0.4401593 0.05970765
    endloop
  endfacet
  facet normal -0.1623301 0.09879435 0.9817783
    outer loop
      vertex -0.1302404 -0.4312611 0.05581988
      vertex -0.1403968 -0.4696763 0.05800624
      vertex -0.1235543 -0.4794003 0.06176953
    endloop
  endfacet
  facet normal -0.1672336 0.07704636 0.9829022
    outer loop
      vertex -0.1148282 -0.4401593 0.05970765
      vertex -0.1070306 -0.4889403 0.06485814
      vertex -0.09969622 -0.4488957 0.06296707
    endloop
  endfacet
  facet normal -0.1369841 0.0823298 0.987146
    outer loop
      vertex -0.1148282 -0.4401593 0.05970765
      vertex -0.1235543 -0.4794003 0.06176953
      vertex -0.1070306 -0.4889403 0.06485814
    endloop
  endfacet
  facet normal -0.1445285 0.0621283 0.9875483
    outer loop
      vertex -0.09969622 -0.4488957 0.06296707
      vertex -0.09126028 -0.4980453 0.06729376
      vertex -0.08524442 -0.4572395 0.06560702
    endloop
  endfacet
  facet normal -0.1140009 0.06768704 0.9911722
    outer loop
      vertex -0.09969622 -0.4488957 0.06296707
      vertex -0.1070306 -0.4889403 0.06485814
      vertex -0.09126028 -0.4980453 0.06729376
    endloop
  endfacet
  facet normal -0.1236252 0.04924558 0.9911063
    outer loop
      vertex -0.08524442 -0.4572395 0.06560702
      vertex -0.07665497 -0.5064777 0.06912495
      vertex -0.07185213 -0.4649715 0.06766169
    endloop
  endfacet
  facet normal -0.0930037 0.05480532 0.9941563
    outer loop
      vertex -0.08524442 -0.4572395 0.06560702
      vertex -0.09126028 -0.4980453 0.06729376
      vertex -0.07665497 -0.5064777 0.06912495
    endloop
  endfacet
  facet normal -0.1043843 0.03838658 0.9937959
    outer loop
      vertex -0.07185213 -0.4649715 0.06766169
      vertex -0.06359371 -0.5140186 0.07042362
      vertex -0.05986919 -0.4718899 0.06918756
    endloop
  endfacet
  facet normal -0.07385052 0.0436695 0.9963127
    outer loop
      vertex -0.07185213 -0.4649715 0.06766169
      vertex -0.07665497 -0.5064777 0.06912495
      vertex -0.06359371 -0.5140186 0.07042362
    endloop
  endfacet
  facet normal -0.08695303 0.02955483 0.9957739
    outer loop
      vertex -0.05986919 -0.4718899 0.06918756
      vertex -0.05241431 -0.520473 0.0712805
      vertex -0.04960789 -0.4778142 0.07025944
    endloop
  endfacet
  facet normal -0.05668342 0.03428701 0.9978033
    outer loop
      vertex -0.05986919 -0.4718899 0.06918756
      vertex -0.06359371 -0.5140186 0.07042362
      vertex -0.05241431 -0.520473 0.0712805
    endloop
  endfacet
  facet normal -0.0717494 0.02274496 0.9971633
    outer loop
      vertex -0.04960789 -0.4778142 0.07025944
      vertex -0.04340536 -0.5256743 0.0717974
      vertex -0.04133549 -0.4825903 0.0709636
    endloop
  endfacet
  facet normal -0.04191196 0.02666329 0.9987655
    outer loop
      vertex -0.04960789 -0.4778142 0.07025944
      vertex -0.05241431 -0.520473 0.0712805
      vertex -0.04340536 -0.5256743 0.0717974
    endloop
  endfacet
  facet normal -0.05937757 0.01792827 0.9980746
    outer loop
      vertex -0.04133549 -0.4825903 0.0709636
      vertex -0.03679925 -0.5294884 0.0720759
      vertex -0.03526756 -0.4860936 0.07138753
    endloop
  endfacet
  facet normal -0.03012757 0.02078726 0.9993299
    outer loop
      vertex -0.04133549 -0.4825903 0.0709636
      vertex -0.04340536 -0.5256743 0.0717974
      vertex -0.03679925 -0.5294884 0.0720759
    endloop
  endfacet
  facet normal -0.05049211 0.01505391 0.998611
    outer loop
      vertex -0.03526756 -0.4860936 0.07138753
      vertex -0.03276626 -0.5318168 0.07220327
      vertex -0.03156231 -0.4882329 0.07160712
    endloop
  endfacet
  facet normal -0.02196776 0.01663234 0.9996203
    outer loop
      vertex -0.03526756 -0.4860936 0.07138753
      vertex -0.03679925 -0.5294884 0.0720759
      vertex -0.03276626 -0.5318168 0.07220327
    endloop
  endfacet
  facet normal -0.04564533 0.01406341 0.9988587
    outer loop
      vertex -0.03156231 -0.4882329 0.07160712
      vertex -0.03141029 -0.5325997 0.07223873
      vertex -0.03031639 -0.4889522 0.07167419
    endloop
  endfacet
  facet normal -0.01796418 0.01417078 0.9997382
    outer loop
      vertex -0.03156231 -0.4882329 0.07160712
      vertex -0.03276626 -0.5318168 0.07220327
      vertex -0.03141029 -0.5325997 0.07223873
    endloop
  endfacet
  facet normal 0.6758466 -0.02738372 -0.7365334
    outer loop
      vertex -0.03031639 -0.4889522 0.07167419
      vertex -0.03261927 -0.5319017 0.07115788
      vertex -0.03140725 -0.4883224 0.07064979
    endloop
  endfacet
  facet normal 0.6578118 -0.02622207 -0.7527258
    outer loop
      vertex -0.03031639 -0.4889522 0.07167419
      vertex -0.03141029 -0.5325997 0.07223873
      vertex -0.03261927 -0.5319017 0.07115788
    endloop
  endfacet
  facet normal 0.348448 -0.02314019 -0.9370424
    outer loop
      vertex -0.03140725 -0.4883224 0.07064979
      vertex -0.0364695 -0.5296787 0.06978864
      vertex -0.03492081 -0.4862938 0.06929315
    endloop
  endfacet
  facet normal 0.3247019 -0.02005526 -0.9456038
    outer loop
      vertex -0.03140725 -0.4883224 0.07064979
      vertex -0.03261927 -0.5319017 0.07115788
      vertex -0.0364695 -0.5296787 0.06978864
    endloop
  endfacet
  facet normal 0.3480091 -0.02727639 -0.9370943
    outer loop
      vertex -0.03492081 -0.4862938 0.06929315
      vertex -0.04276616 -0.5260434 0.06753662
      vertex -0.04066663 -0.4829765 0.06706276
    endloop
  endfacet
  facet normal 0.325184 -0.02240503 -0.9453853
    outer loop
      vertex -0.03492081 -0.4862938 0.06929315
      vertex -0.0364695 -0.5296787 0.06978864
      vertex -0.04276616 -0.5260434 0.06753662
    endloop
  endfacet
  facet normal 0.347856 -0.03296671 -0.9369682
    outer loop
      vertex -0.04066663 -0.4829765 0.06706276
      vertex -0.05133375 -0.5210969 0.06444376
      vertex -0.04848418 -0.478463 0.06400163
    endloop
  endfacet
  facet normal 0.3259681 -0.02628904 -0.9450152
    outer loop
      vertex -0.04066663 -0.4829765 0.06706276
      vertex -0.04276616 -0.5260434 0.06753662
      vertex -0.05133375 -0.5210969 0.06444376
    endloop
  endfacet
  facet normal 0.3481787 -0.04012359 -0.9365691
    outer loop
      vertex -0.04848418 -0.478463 0.06400163
      vertex -0.06193654 -0.5149753 0.06056482
      vertex -0.05815777 -0.472878 0.06016611
    endloop
  endfacet
  facet normal 0.3272252 -0.03166502 -0.9444157
    outer loop
      vertex -0.04848418 -0.478463 0.06400163
      vertex -0.05133375 -0.5210969 0.06444376
      vertex -0.06193654 -0.5149753 0.06056482
    endloop
  endfacet
  facet normal 0.3490184 -0.04863638 -0.9358529
    outer loop
      vertex -0.05815777 -0.472878 0.06016611
      vertex -0.0742876 -0.5078445 0.05596785
      vertex -0.06942493 -0.4663729 0.05562605
    endloop
  endfacet
  facet normal 0.3289755 -0.03846602 -0.9435547
    outer loop
      vertex -0.05815777 -0.472878 0.06016611
      vertex -0.06193654 -0.5149753 0.06056482
      vertex -0.0742876 -0.5078445 0.05596785
    endloop
  endfacet
  facet normal 0.3501624 -0.05834849 -0.9348699
    outer loop
      vertex -0.06942493 -0.4663729 0.05562605
      vertex -0.08805982 -0.4998931 0.05073833
      vertex -0.08198656 -0.4591204 0.05046835
    endloop
  endfacet
  facet normal 0.3309848 -0.04657656 -0.9424859
    outer loop
      vertex -0.06942493 -0.4663729 0.05562605
      vertex -0.0742876 -0.5078445 0.05596785
      vertex -0.08805982 -0.4998931 0.05073833
    endloop
  endfacet
  facet normal 0.3510872 -0.06901718 -0.9337957
    outer loop
      vertex -0.08198656 -0.4591204 0.05046835
      vertex -0.1028982 -0.4913261 0.04498637
      vertex -0.09551835 -0.4513078 0.04480326
    endloop
  endfacet
  facet normal 0.3327063 -0.05579142 -0.9413787
    outer loop
      vertex -0.08198656 -0.4591204 0.05046835
      vertex -0.08805982 -0.4998931 0.05073833
      vertex -0.1028982 -0.4913261 0.04498637
    endloop
  endfacet
  facet normal 0.3509643 -0.0802643 -0.9329425
    outer loop
      vertex -0.09551835 -0.4513078 0.04480326
      vertex -0.1184325 -0.4823574 0.03885447
      vertex -0.1096828 -0.44313 0.03877117
    endloop
  endfacet
  facet normal 0.3332873 -0.0657655 -0.9405288
    outer loop
      vertex -0.09551835 -0.4513078 0.04480326
      vertex -0.1028982 -0.4913261 0.04498637
      vertex -0.1184325 -0.4823574 0.03885447
    endloop
  endfacet
  facet normal 0.3487268 -0.0915325 -0.932744
    outer loop
      vertex -0.1096828 -0.44313 0.03877117
      vertex -0.1342901 -0.473202 0.03252221
      vertex -0.1241405 -0.4347828 0.03254668
    endloop
  endfacet
  facet normal 0.3316369 -0.07596901 -0.9403434
    outer loop
      vertex -0.1096828 -0.44313 0.03877117
      vertex -0.1184325 -0.4823574 0.03885447
      vertex -0.1342901 -0.473202 0.03252221
    endloop
  endfacet
  facet normal 0.3431706 -0.102061 -0.9337117
    outer loop
      vertex -0.1241405 -0.4347828 0.03254668
      vertex -0.1501063 -0.4640705 0.02620474
      vertex -0.1385605 -0.4264574 0.02633684
    endloop
  endfacet
  facet normal 0.3265267 -0.08566223 -0.9412982
    outer loop
      vertex -0.1241405 -0.4347828 0.03254668
      vertex -0.1342901 -0.473202 0.03252221
      vertex -0.1501063 -0.4640705 0.02620474
    endloop
  endfacet
  facet normal 0.3383387 -0.1123769 -0.9342903
    outer loop
      vertex -0.1385605 -0.4264574 0.02633684
      vertex -0.1653206 -0.4552866 0.02011368
      vertex -0.1524314 -0.418449 0.02035044
    endloop
  endfacet
  facet normal 0.3219529 -0.0955192 -0.9419248
    outer loop
      vertex -0.1385605 -0.4264574 0.02633684
      vertex -0.1501063 -0.4640705 0.02620474
      vertex -0.1653206 -0.4552866 0.02011368
    endloop
  endfacet
  facet normal 0.3399284 -0.1243476 -0.9321944
    outer loop
      vertex -0.1524314 -0.418449 0.02035044
      vertex -0.179668 -0.447003 0.0142274
      vertex -0.1655094 -0.4108985 0.01457433
    endloop
  endfacet
  facet normal 0.3237551 -0.1072373 -0.940044
    outer loop
      vertex -0.1524314 -0.418449 0.02035044
      vertex -0.1653206 -0.4552866 0.02011368
      vertex -0.179668 -0.447003 0.0142274
    endloop
  endfacet
  facet normal 0.3333803 -0.1325461 -0.9334287
    outer loop
      vertex -0.1655094 -0.4108985 0.01457433
      vertex -0.192963 -0.4393272 0.008805939
      vertex -0.1776286 -0.4039014 0.009252294
    endloop
  endfacet
  facet normal 0.3172415 -0.1153633 -0.9413019
    outer loop
      vertex -0.1655094 -0.4108985 0.01457433
      vertex -0.179668 -0.447003 0.0142274
      vertex -0.192963 -0.4393272 0.008805939
    endloop
  endfacet
  facet normal 0.3160035 -0.1348285 -0.9391289
    outer loop
      vertex -0.1776286 -0.4039014 0.009252294
      vertex -0.2049721 -0.4323937 0.004142151
      vertex -0.1885802 -0.3975786 0.004659495
    endloop
  endfacet
  facet normal 0.2996679 -0.1177856 -0.9467448
    outer loop
      vertex -0.1776286 -0.4039014 0.009252294
      vertex -0.192963 -0.4393272 0.008805939
      vertex -0.2049721 -0.4323937 0.004142151
    endloop
  endfacet
  facet normal 0.2840729 -0.1283305 -0.9501757
    outer loop
      vertex -0.1885802 -0.3975786 0.004659495
      vertex -0.2154743 -0.4263303 0.0005021796
      vertex -0.1981658 -0.3920443 0.001046227
    endloop
  endfacet
  facet normal 0.2672876 -0.1116241 -0.9571298
    outer loop
      vertex -0.1885802 -0.3975786 0.004659495
      vertex -0.2049721 -0.4323937 0.004142151
      vertex -0.2154743 -0.4263303 0.0005021796
    endloop
  endfacet
  facet normal 0.229379 -0.1077195 -0.9673581
    outer loop
      vertex -0.1981658 -0.3920443 0.001046227
      vertex -0.2242583 -0.4212589 -0.001887623
      vertex -0.2061957 -0.3874083 -0.001374047
    endloop
  endfacet
  facet normal 0.2118786 -0.09152264 -0.9730011
    outer loop
      vertex -0.1981658 -0.3920443 0.001046227
      vertex -0.2154743 -0.4263303 0.0005021796
      vertex -0.2242583 -0.4212589 -0.001887623
    endloop
  endfacet
  facet normal 0.1311097 -0.06059564 -0.9895142
    outer loop
      vertex -0.2061957 -0.3874083 -0.001374047
      vertex -0.2311274 -0.417293 -0.002847406
      vertex -0.2124924 -0.3837728 -0.002430987
    endloop
  endfacet
  facet normal 0.1126741 -0.04506292 -0.9926096
    outer loop
      vertex -0.2061957 -0.3874083 -0.001374047
      vertex -0.2242583 -0.4212589 -0.001887623
      vertex -0.2311274 -0.417293 -0.002847406
    endloop
  endfacet
  facet normal -0.07014445 0.04740716 -0.9964097
    outer loop
      vertex -0.2124924 -0.3837728 -0.002430987
      vertex -0.2359105 -0.4145314 -0.002245848
      vertex -0.2169012 -0.3812274 -0.001999515
    endloop
  endfacet
  facet normal -0.08924639 0.06196449 -0.9940802
    outer loop
      vertex -0.2124924 -0.3837728 -0.002430987
      vertex -0.2311274 -0.417293 -0.002847406
      vertex -0.2359105 -0.4145314 -0.002245848
    endloop
  endfacet
  facet normal -0.506665 0.2925232 -0.8109999
    outer loop
      vertex -0.2169012 -0.3812274 -0.001999515
      vertex -0.238475 -0.4130508 0
      vertex -0.2193016 -0.3798415 0
    endloop
  endfacet
  facet normal -0.5222621 0.3039913 -0.7967632
    outer loop
      vertex -0.2169012 -0.3812274 -0.001999515
      vertex -0.2359105 -0.4145314 -0.002245848
      vertex -0.238475 -0.4130508 0
    endloop
  endfacet
  facet normal -0.5 0.8660254 8.143052E-15
    outer loop
      vertex 0.1992103 -0.2143251 0.03623361
      vertex 0.1426081 -0.2470044 0
      vertex 0.1421769 -0.2472533 0.002168588
    endloop
  endfacet
  facet normal -0.5 0.8660254 -1.134288E-14
    outer loop
      vertex 0.1992103 -0.2143251 0.03623361
      vertex 0.1421769 -0.2472533 0.002168588
      vertex 0.1431288 -0.2467037 0.005349677
    endloop
  endfacet
  facet normal -0.5 0.8660254 8.388995E-15
    outer loop
      vertex 0.1992103 -0.2143251 0.03623361
      vertex 0.1431288 -0.2467037 0.005349677
      vertex 0.1454782 -0.2453473 0.009437527
    endloop
  endfacet
  facet normal -0.5 0.8660254 -5.908179E-15
    outer loop
      vertex 0.1992103 -0.2143251 0.03623361
      vertex 0.1454782 -0.2453473 0.009437527
      vertex 0.1492175 -0.2431884 0.01426
    endloop
  endfacet
  facet normal -0.5 0.8660254 3.634919E-15
    outer loop
      vertex 0.1992103 -0.2143251 0.03623361
      vertex 0.1492175 -0.2431884 0.01426
      vertex 0.1543064 -0.2402503 0.01959697
    endloop
  endfacet
  facet normal -0.5 0.8660254 5.144712E-15
    outer loop
      vertex 0.1992103 -0.2143251 0.03623361
      vertex 0.1543064 -0.2402503 0.01959697
      vertex 0.1606618 -0.2365811 0.02520312
    endloop
  endfacet
  facet normal -0.5 0.8660254 -6.988319E-16
    outer loop
      vertex 0.1992103 -0.2143251 0.03623361
      vertex 0.1606618 -0.2365811 0.02520312
      vertex 0.1681519 -0.2322567 0.03083183
    endloop
  endfacet
  facet normal -0.5 0.8660254 5.349029E-15
    outer loop
      vertex 0.1992103 -0.2143251 0.03623361
      vertex 0.1681519 -0.2322567 0.03083183
      vertex 0.1765967 -0.227381 0.03625684
    endloop
  endfacet
  facet normal -0.5 0.8660254 8.259145E-16
    outer loop
      vertex 0.1992103 -0.2143251 0.03623361
      vertex 0.1765967 -0.227381 0.03625684
      vertex 0.1857306 -0.2221076 0.04127478
    endloop
  endfacet
  facet normal -0.5 0.8660254 4.119215E-15
    outer loop
      vertex 0.1992103 -0.2143251 0.03623361
      vertex 0.1857306 -0.2221076 0.04127478
      vertex 0.1951785 -0.2166528 0.0458794
    endloop
  endfacet
  facet normal -0.5 0.8660254 3.591332E-15
    outer loop
      vertex 0.1992103 -0.2143251 0.03623361
      vertex 0.1951785 -0.2166528 0.0458794
      vertex 0.2047614 -0.2111202 0.0501076
    endloop
  endfacet
  facet normal -0.5 0.8660254 3.14382E-15
    outer loop
      vertex 0.1992103 -0.2143251 0.03623361
      vertex 0.2047614 -0.2111202 0.0501076
      vertex 0.2142169 -0.205661 0.05390036
    endloop
  endfacet
  facet normal -0.5 0.8660254 3.61302E-15
    outer loop
      vertex 0.1992103 -0.2143251 0.03623361
      vertex 0.2142169 -0.205661 0.05390036
      vertex 0.2232872 -0.2004242 0.05721852
    endloop
  endfacet
  facet normal -0.5 0.8660254 -2.581721E-15
    outer loop
      vertex 0.1992103 -0.2143251 0.03623361
      vertex 0.2232872 -0.2004242 0.05721852
      vertex 0.2317255 -0.1955524 0.06004154
    endloop
  endfacet
  facet normal -0.5 0.8660254 1.075274E-14
    outer loop
      vertex 0.1992103 -0.2143251 0.03623361
      vertex 0.2317255 -0.1955524 0.06004154
      vertex 0.2393021 -0.1911781 0.06236649
    endloop
  endfacet
  facet normal -0.5 0.8660254 1.950066E-15
    outer loop
      vertex 0.1992103 -0.2143251 0.03623361
      vertex 0.2393021 -0.1911781 0.06236649
      vertex 0.2458098 -0.1874208 0.06420645
    endloop
  endfacet
  facet normal -0.5 0.8660254 -4.535832E-15
    outer loop
      vertex 0.1992103 -0.2143251 0.03623361
      vertex 0.2458098 -0.1874208 0.06420645
      vertex 0.2510697 -0.184384 0.06558693
    endloop
  endfacet
  facet normal -0.5 0.8660254 1.759064E-14
    outer loop
      vertex 0.1992103 -0.2143251 0.03623361
      vertex 0.2510697 -0.184384 0.06558693
      vertex 0.2549356 -0.182152 0.06654
    endloop
  endfacet
  facet normal -0.5 0.8660254 2.77387E-14
    outer loop
      vertex 0.1992103 -0.2143251 0.03623361
      vertex 0.2549356 -0.182152 0.06654
      vertex 0.2572996 -0.1807872 0.06709673
    endloop
  endfacet
  facet normal -0.5 0.8660254 -1.617782E-13
    outer loop
      vertex 0.1992103 -0.2143251 0.03623361
      vertex 0.2572996 -0.1807872 0.06709673
      vertex 0.2580951 -0.1803279 0.06727957
    endloop
  endfacet
  facet normal -0.5 0.8660254 -1.3968E-14
    outer loop
      vertex 0.1992103 -0.2143251 0.03623361
      vertex 0.2580951 -0.1803279 0.06727957
      vertex 0.2574798 -0.1806831 0.06649856
    endloop
  endfacet
  facet normal -0.5 0.8660254 1.694024E-13
    outer loop
      vertex 0.1992103 -0.2143251 0.03623361
      vertex 0.2574798 -0.1806831 0.06649856
      vertex 0.2553347 -0.1819216 0.06523222
    endloop
  endfacet
  facet normal -0.5 0.8660254 1.255419E-14
    outer loop
      vertex 0.1992103 -0.2143251 0.03623361
      vertex 0.2553347 -0.1819216 0.06523222
      vertex 0.2518278 -0.1839463 0.06315374
    endloop
  endfacet
  facet normal -0.5 0.8660254 -6.168645E-14
    outer loop
      vertex 0.1992103 -0.2143251 0.03623361
      vertex 0.2518278 -0.1839463 0.06315374
      vertex 0.2470587 -0.1866998 0.06030877
    endloop
  endfacet
  facet normal -0.5 0.8660254 -2.01701E-14
    outer loop
      vertex 0.1992103 -0.2143251 0.03623361
      vertex 0.2470587 -0.1866998 0.06030877
      vertex 0.2411613 -0.1901047 0.05675772
    endloop
  endfacet
  facet normal -0.5 0.8660254 -2.712267E-15
    outer loop
      vertex 0.1992103 -0.2143251 0.03623361
      vertex 0.2411613 -0.1901047 0.05675772
      vertex 0.2342985 -0.1940669 0.05257495
    endloop
  endfacet
  facet normal -0.5 0.8660254 9.184073E-15
    outer loop
      vertex 0.1992103 -0.2143251 0.03623361
      vertex 0.2342985 -0.1940669 0.05257495
      vertex 0.2266553 -0.1984797 0.04784987
    endloop
  endfacet
  facet normal -0.5 0.8660254 -9.168624E-15
    outer loop
      vertex 0.1992103 -0.2143251 0.03623361
      vertex 0.2266553 -0.1984797 0.04784987
      vertex 0.218431 -0.203228 0.04268975
    endloop
  endfacet
  facet normal -0.5 0.8660254 -1.539453E-14
    outer loop
      vertex 0.1992103 -0.2143251 0.03623361
      vertex 0.218431 -0.203228 0.04268975
      vertex 0.2098308 -0.2081933 0.03722271
    endloop
  endfacet
  facet normal -0.5 0.8660254 -4.713222E-15
    outer loop
      vertex 0.1992103 -0.2143251 0.03623361
      vertex 0.2098308 -0.2081933 0.03722271
      vertex 0.2010581 -0.2132582 0.03159905
    endloop
  endfacet
  facet normal -0.5 0.8660254 -6.425481E-15
    outer loop
      vertex 0.1992103 -0.2143251 0.03623361
      vertex 0.2010581 -0.2132582 0.03159905
      vertex 0.1923085 -0.2183098 0.02598906
    endloop
  endfacet
  facet normal -0.5 0.8660254 -1.175859E-14
    outer loop
      vertex 0.1992103 -0.2143251 0.03623361
      vertex 0.1923085 -0.2183098 0.02598906
      vertex 0.1838932 -0.2231684 0.0205843
    endloop
  endfacet
  facet normal -0.5 0.8660254 1.051689E-15
    outer loop
      vertex 0.1992103 -0.2143251 0.03623361
      vertex 0.1838932 -0.2231684 0.0205843
      vertex 0.17597 -0.2277428 0.01540369
    endloop
  endfacet
  facet normal -0.5 0.8660254 -3.026765E-14
    outer loop
      vertex 0.1992103 -0.2143251 0.03623361
      vertex 0.17597 -0.2277428 0.01540369
      vertex 0.1686251 -0.2319834 0.01062256
    endloop
  endfacet
  facet normal -0.5 0.8660254 6.617403E-15
    outer loop
      vertex 0.1992103 -0.2143251 0.03623361
      vertex 0.1686251 -0.2319834 0.01062256
      vertex 0.1619697 -0.2358259 0.006441278
    endloop
  endfacet
  facet normal -0.5 0.8660254 -1.173292E-14
    outer loop
      vertex 0.1992103 -0.2143251 0.03623361
      vertex 0.1619697 -0.2358259 0.006441278
      vertex 0.1561102 -0.2392089 0.003042999
    endloop
  endfacet
  facet normal -0.5 0.8660254 3.197766E-15
    outer loop
      vertex 0.1992103 -0.2143251 0.03623361
      vertex 0.1561102 -0.2392089 0.003042999
      vertex 0.1511506 -0.2420723 0.0005862766
    endloop
  endfacet
  facet normal -0.5 0.8660254 -7.555987E-15
    outer loop
      vertex 0.1992103 -0.2143251 0.03623361
      vertex 0.1511506 -0.2420723 0.0005862766
      vertex 0.1471908 -0.2443586 -0.0007994776
    endloop
  endfacet
  facet normal -0.5 0.8660254 -1.975949E-15
    outer loop
      vertex 0.1992103 -0.2143251 0.03623361
      vertex 0.1471908 -0.2443586 -0.0007994776
      vertex 0.1443197 -0.2460162 -0.001016471
    endloop
  endfacet
  facet normal -0.5 0.8660254 1.570767E-15
    outer loop
      vertex 0.1992103 -0.2143251 0.03623361
      vertex 0.1443197 -0.2460162 -0.001016471
      vertex 0.1426081 -0.2470044 0
    endloop
  endfacet
  facet normal 0.5 -0.8660254 5.823976E-15
    outer loop
      vertex 0.3407774 -0.3539865 0.04077267
      vertex 0.2383082 -0.4131471 0.003715732
      vertex 0.238475 -0.4130508 0
    endloop
  endfacet
  facet normal 0.5 -0.8660254 -9.01391E-15
    outer loop
      vertex 0.3407774 -0.3539865 0.04077267
      vertex 0.2406729 -0.4117819 0.008637152
      vertex 0.2383082 -0.4131471 0.003715732
    endloop
  endfacet
  facet normal 0.5 -0.8660254 3.428501E-15
    outer loop
      vertex 0.3407774 -0.3539865 0.04077267
      vertex 0.2455663 -0.4089567 0.0145853
      vertex 0.2406729 -0.4117819 0.008637152
    endloop
  endfacet
  facet normal 0.5 -0.8660254 -8.451153E-15
    outer loop
      vertex 0.3407774 -0.3539865 0.04077267
      vertex 0.2529331 -0.4047034 0.02127914
      vertex 0.2455663 -0.4089567 0.0145853
    endloop
  endfacet
  facet normal 0.5 -0.8660254 -1.733149E-15
    outer loop
      vertex 0.3407774 -0.3539865 0.04077267
      vertex 0.2626517 -0.3990924 0.02836959
      vertex 0.2529331 -0.4047034 0.02127914
    endloop
  endfacet
  facet normal 0.5 -0.8660254 2.759654E-15
    outer loop
      vertex 0.3407774 -0.3539865 0.04077267
      vertex 0.2745236 -0.3922382 0.03548039
      vertex 0.2626517 -0.3990924 0.02836959
    endloop
  endfacet
  facet normal 0.5 -0.8660254 -4.998102E-15
    outer loop
      vertex 0.3407774 -0.3539865 0.04077267
      vertex 0.28827 -0.3843017 0.04224937
      vertex 0.2745236 -0.3922382 0.03548039
    endloop
  endfacet
  facet normal 0.5 -0.8660254 -3.825668E-15
    outer loop
      vertex 0.3407774 -0.3539865 0.04077267
      vertex 0.3035379 -0.3754867 0.04836394
      vertex 0.28827 -0.3843017 0.04224937
    endloop
  endfacet
  facet normal 0.5 -0.8660254 1.033726E-15
    outer loop
      vertex 0.3407774 -0.3539865 0.04077267
      vertex 0.3198387 -0.3660755 0.0535779
      vertex 0.3035379 -0.3754867 0.04836394
    endloop
  endfacet
  facet normal 0.5 -0.8660254 -5.547842E-16
    outer loop
      vertex 0.3407774 -0.3539865 0.04077267
      vertex 0.3365532 -0.3564253 0.05800624
      vertex 0.3198387 -0.3660755 0.0535779
    endloop
  endfacet
  facet normal 0.5 -0.8660254 -1.054255E-15
    outer loop
      vertex 0.3407774 -0.3539865 0.04077267
      vertex 0.3533957 -0.3467013 0.06176953
      vertex 0.3365532 -0.3564253 0.05800624
    endloop
  endfacet
  facet normal 0.5 -0.8660254 -1.219518E-15
    outer loop
      vertex 0.3407774 -0.3539865 0.04077267
      vertex 0.3699194 -0.3371614 0.06485814
      vertex 0.3533957 -0.3467013 0.06176953
    endloop
  endfacet
  facet normal 0.5 -0.8660254 -3.344079E-15
    outer loop
      vertex 0.3407774 -0.3539865 0.04077267
      vertex 0.3856897 -0.3280564 0.06729376
      vertex 0.3699194 -0.3371614 0.06485814
    endloop
  endfacet
  facet normal 0.5 -0.8660254 -2.461956E-15
    outer loop
      vertex 0.3407774 -0.3539865 0.04077267
      vertex 0.400295 -0.319624 0.06912495
      vertex 0.3856897 -0.3280564 0.06729376
    endloop
  endfacet
  facet normal 0.5 -0.8660254 1.281741E-15
    outer loop
      vertex 0.3407774 -0.3539865 0.04077267
      vertex 0.4133563 -0.3120831 0.07042362
      vertex 0.400295 -0.319624 0.06912495
    endloop
  endfacet
  facet normal 0.5 -0.8660254 -1.115763E-14
    outer loop
      vertex 0.3407774 -0.3539865 0.04077267
      vertex 0.4245357 -0.3056286 0.0712805
      vertex 0.4133563 -0.3120831 0.07042362
    endloop
  endfacet
  facet normal 0.5 -0.8660254 6.488127E-15
    outer loop
      vertex 0.3407774 -0.3539865 0.04077267
      vertex 0.4335446 -0.3004273 0.0717974
      vertex 0.4245357 -0.3056286 0.0712805
    endloop
  endfacet
  facet normal 0.5 -0.8660254 -4.193656E-15
    outer loop
      vertex 0.3407774 -0.3539865 0.04077267
      vertex 0.4401507 -0.2966133 0.0720759
      vertex 0.4335446 -0.3004273 0.0717974
    endloop
  endfacet
  facet normal 0.5 -0.8660254 -2.645192E-14
    outer loop
      vertex 0.3407774 -0.3539865 0.04077267
      vertex 0.4441837 -0.2942848 0.07220327
      vertex 0.4401507 -0.2966133 0.0720759
    endloop
  endfacet
  facet normal 0.5 -0.8660254 9.642089E-14
    outer loop
      vertex 0.3407774 -0.3539865 0.04077267
      vertex 0.4455397 -0.2935019 0.07223873
      vertex 0.4441837 -0.2942848 0.07220327
    endloop
  endfacet
  facet normal 0.5 -0.8660254 3.99601E-14
    outer loop
      vertex 0.3407774 -0.3539865 0.04077267
      vertex 0.4443307 -0.2942 0.07115788
      vertex 0.4455397 -0.2935019 0.07223873
    endloop
  endfacet
  facet normal 0.5 -0.8660254 -2.42316E-13
    outer loop
      vertex 0.3407774 -0.3539865 0.04077267
      vertex 0.4404805 -0.2964229 0.06978864
      vertex 0.4443307 -0.2942 0.07115788
    endloop
  endfacet
  facet normal 0.5 -0.8660254 1.077463E-13
    outer loop
      vertex 0.3407774 -0.3539865 0.04077267
      vertex 0.4341838 -0.3000583 0.06753662
      vertex 0.4404805 -0.2964229 0.06978864
    endloop
  endfacet
  facet normal 0.5 -0.8660254 -7.563196E-14
    outer loop
      vertex 0.3407774 -0.3539865 0.04077267
      vertex 0.4256162 -0.3050048 0.06444376
      vertex 0.4341838 -0.3000583 0.06753662
    endloop
  endfacet
  facet normal 0.5 -0.8660254 9.617211E-15
    outer loop
      vertex 0.3407774 -0.3539865 0.04077267
      vertex 0.4150135 -0.3111263 0.06056482
      vertex 0.4256162 -0.3050048 0.06444376
    endloop
  endfacet
  facet normal 0.5 -0.8660254 7.75934E-15
    outer loop
      vertex 0.3407774 -0.3539865 0.04077267
      vertex 0.4026624 -0.3182572 0.05596785
      vertex 0.4150135 -0.3111263 0.06056482
    endloop
  endfacet
  facet normal 0.5 -0.8660254 -3.284261E-15
    outer loop
      vertex 0.3407774 -0.3539865 0.04077267
      vertex 0.3888902 -0.3262086 0.05073833
      vertex 0.4026624 -0.3182572 0.05596785
    endloop
  endfacet
  facet normal 0.5 -0.8660254 1.457216E-14
    outer loop
      vertex 0.3407774 -0.3539865 0.04077267
      vertex 0.3740518 -0.3347755 0.04498637
      vertex 0.3888902 -0.3262086 0.05073833
    endloop
  endfacet
  facet normal 0.5 -0.8660254 -5.42045E-15
    outer loop
      vertex 0.3407774 -0.3539865 0.04077267
      vertex 0.3585175 -0.3437442 0.03885447
      vertex 0.3740518 -0.3347755 0.04498637
    endloop
  endfacet
  facet normal 0.5 -0.8660254 4.789193E-15
    outer loop
      vertex 0.3407774 -0.3539865 0.04077267
      vertex 0.3426599 -0.3528996 0.03252221
      vertex 0.3585175 -0.3437442 0.03885447
    endloop
  endfacet
  facet normal 0.5 -0.8660254 3.58577E-15
    outer loop
      vertex 0.3407774 -0.3539865 0.04077267
      vertex 0.3268437 -0.3620311 0.02620474
      vertex 0.3426599 -0.3528996 0.03252221
    endloop
  endfacet
  facet normal 0.5 -0.8660254 -9.439617E-15
    outer loop
      vertex 0.3407774 -0.3539865 0.04077267
      vertex 0.3116294 -0.3708151 0.02011368
      vertex 0.3268437 -0.3620311 0.02620474
    endloop
  endfacet
  facet normal 0.5 -0.8660254 1.880441E-14
    outer loop
      vertex 0.3407774 -0.3539865 0.04077267
      vertex 0.297282 -0.3790986 0.0142274
      vertex 0.3116294 -0.3708151 0.02011368
    endloop
  endfacet
  facet normal 0.5 -0.8660254 -9.621185E-15
    outer loop
      vertex 0.3407774 -0.3539865 0.04077267
      vertex 0.283987 -0.3867744 0.008805939
      vertex 0.297282 -0.3790986 0.0142274
    endloop
  endfacet
  facet normal 0.5 -0.8660254 -6.310426E-15
    outer loop
      vertex 0.3407774 -0.3539865 0.04077267
      vertex 0.2719779 -0.3937079 0.004142151
      vertex 0.283987 -0.3867744 0.008805939
    endloop
  endfacet
  facet normal 0.5 -0.8660254 -1.39858E-14
    outer loop
      vertex 0.3407774 -0.3539865 0.04077267
      vertex 0.2614757 -0.3997714 0.0005021796
      vertex 0.2719779 -0.3937079 0.004142151
    endloop
  endfacet
  facet normal 0.5 -0.8660254 1.829654E-14
    outer loop
      vertex 0.3407774 -0.3539865 0.04077267
      vertex 0.2526917 -0.4048428 -0.001887623
      vertex 0.2614757 -0.3997714 0.0005021796
    endloop
  endfacet
  facet normal 0.5 -0.8660254 0
    outer loop
      vertex 0.3407774 -0.3539865 0.04077267
      vertex 0.2458226 -0.4088087 -0.002847406
      vertex 0.2526917 -0.4048428 -0.001887623
    endloop
  endfacet
  facet normal 0.5 -0.8660254 2.82643E-14
    outer loop
      vertex 0.3407774 -0.3539865 0.04077267
      vertex 0.2410395 -0.4115702 -0.002245848
      vertex 0.2458226 -0.4088087 -0.002847406
    endloop
  endfacet
  facet normal 0.5 -0.8660254 -1.123425E-14
    outer loop
      vertex 0.3407774 -0.3539865 0.04077267
      vertex 0.238475 -0.4130508 0
      vertex 0.2410395 -0.4115702 -0.002245848
    endloop
  endfacet
  facet normal -0.8424653 -0.4900977 -0.2237329
    outer loop
      vertex 0.1426081 -0.2470044 0
      vertex 0.1613967 -0.2804358 0.002484727
      vertex 0.1421769 -0.2472533 0.002168588
    endloop
  endfacet
  facet normal -0.8525036 -0.4921932 -0.1760213
    outer loop
      vertex 0.1426081 -0.2470044 0
      vertex 0.1617814 -0.2802137 0
      vertex 0.1613967 -0.2804358 0.002484727
    endloop
  endfacet
  facet normal -0.8167971 -0.4755888 0.3265851
    outer loop
      vertex 0.1421769 -0.2472533 0.002168588
      vertex 0.1626274 -0.2797252 0.006028525
      vertex 0.1431288 -0.2467037 0.005349677
    endloop
  endfacet
  facet normal -0.804685 -0.4625372 0.3722115
    outer loop
      vertex 0.1421769 -0.2472533 0.002168588
      vertex 0.1613967 -0.2804358 0.002484727
      vertex 0.1626274 -0.2797252 0.006028525
    endloop
  endfacet
  facet normal -0.7188629 -0.4213125 0.5529303
    outer loop
      vertex 0.1431288 -0.2467037 0.005349677
      vertex 0.165485 -0.2780754 0.01051066
      vertex 0.1454782 -0.2453473 0.009437527
    endloop
  endfacet
  facet normal -0.6987267 -0.4003969 0.5928435
    outer loop
      vertex 0.1431288 -0.2467037 0.005349677
      vertex 0.1626274 -0.2797252 0.006028525
      vertex 0.165485 -0.2780754 0.01051066
    endloop
  endfacet
  facet normal -0.6404995 -0.3805902 0.6670169
    outer loop
      vertex 0.1454782 -0.2453473 0.009437527
      vertex 0.1699526 -0.275496 0.01573657
      vertex 0.1492175 -0.2431884 0.01426
    endloop
  endfacet
  facet normal -0.6172153 -0.35427 0.7025226
    outer loop
      vertex 0.1454782 -0.2453473 0.009437527
      vertex 0.165485 -0.2780754 0.01051066
      vertex 0.1699526 -0.275496 0.01573657
    endloop
  endfacet
  facet normal -0.5749169 -0.3487232 0.7401775
    outer loop
      vertex 0.1492175 -0.2431884 0.01426
      vertex 0.1759742 -0.2720195 0.02145938
      vertex 0.1543064 -0.2402503 0.01959697
    endloop
  endfacet
  facet normal -0.5502741 -0.3178801 0.772108
    outer loop
      vertex 0.1492175 -0.2431884 0.01426
      vertex 0.1699526 -0.275496 0.01573657
      vertex 0.1759742 -0.2720195 0.02145938
    endloop
  endfacet
  facet normal -0.5154731 -0.3210467 0.7944913
    outer loop
      vertex 0.1543064 -0.2402503 0.01959697
      vertex 0.1834436 -0.267707 0.02740644
      vertex 0.1606618 -0.2365811 0.02520312
    endloop
  endfacet
  facet normal -0.4902767 -0.2861248 0.8232626
    outer loop
      vertex 0.1543064 -0.2402503 0.01959697
      vertex 0.1759742 -0.2720195 0.02145938
      vertex 0.1834436 -0.267707 0.02740644
    endloop
  endfacet
  facet normal -0.4592457 -0.2951263 0.8378507
    outer loop
      vertex 0.1606618 -0.2365811 0.02520312
      vertex 0.1921998 -0.2626516 0.03330671
      vertex 0.1681519 -0.2322567 0.03083183
    endloop
  endfacet
  facet normal -0.4339164 -0.2564557 0.8636823
    outer loop
      vertex 0.1606618 -0.2365811 0.02520312
      vertex 0.1834436 -0.267707 0.02740644
      vertex 0.1921998 -0.2626516 0.03330671
    endloop
  endfacet
  facet normal -0.40532 -0.2698283 0.8734463
    outer loop
      vertex 0.1681519 -0.2322567 0.03083183
      vertex 0.2020282 -0.2569772 0.03891527
      vertex 0.1765967 -0.227381 0.03625684
    endloop
  endfacet
  facet normal -0.3800946 -0.2277299 0.8964749
    outer loop
      vertex 0.1681519 -0.2322567 0.03083183
      vertex 0.1921998 -0.2626516 0.03330671
      vertex 0.2020282 -0.2569772 0.03891527
    endloop
  endfacet
  facet normal -0.3542587 -0.2451282 0.9024483
    outer loop
      vertex 0.1765967 -0.227381 0.03625684
      vertex 0.2126178 -0.2508633 0.04401864
      vertex 0.1857306 -0.2221076 0.04127478
    endloop
  endfacet
  facet normal -0.3292426 -0.2000217 0.9228167
    outer loop
      vertex 0.1765967 -0.227381 0.03625684
      vertex 0.2020282 -0.2569772 0.03891527
      vertex 0.2126178 -0.2508633 0.04401864
    endloop
  endfacet
  facet normal -0.3157607 -0.230131 0.9205079
    outer loop
      vertex 0.1857306 -0.2221076 0.04127478
      vertex 0.2235435 -0.2445553 0.04863366
      vertex 0.1951785 -0.2166528 0.0458794
    endloop
  endfacet
  facet normal -0.2911957 -0.1826692 0.9390618
    outer loop
      vertex 0.1857306 -0.2221076 0.04127478
      vertex 0.2126178 -0.2508633 0.04401864
      vertex 0.2235435 -0.2445553 0.04863366
    endloop
  endfacet
  facet normal -0.2844026 -0.2204362 0.9330182
    outer loop
      vertex 0.1951785 -0.2166528 0.0458794
      vertex 0.2346041 -0.2381695 0.05281354
      vertex 0.2047614 -0.2111202 0.0501076
    endloop
  endfacet
  facet normal -0.2604163 -0.1709341 0.9502446
    outer loop
      vertex 0.1951785 -0.2166528 0.0458794
      vertex 0.2235435 -0.2445553 0.04863366
      vertex 0.2346041 -0.2381695 0.05281354
    endloop
  endfacet
  facet normal -0.256079 -0.2117334 0.9431821
    outer loop
      vertex 0.2047614 -0.2111202 0.0501076
      vertex 0.2454996 -0.231879 0.05650814
      vertex 0.2142169 -0.205661 0.05390036
    endloop
  endfacet
  facet normal -0.2325461 -0.160602 0.9592337
    outer loop
      vertex 0.2047614 -0.2111202 0.0501076
      vertex 0.2346041 -0.2381695 0.05281354
      vertex 0.2454996 -0.231879 0.05650814
    endloop
  endfacet
  facet normal -0.230567 -0.2035627 0.9515257
    outer loop
      vertex 0.2142169 -0.205661 0.05390036
      vertex 0.2559359 -0.2258536 0.05968955
      vertex 0.2232872 -0.2004242 0.05721852
    endloop
  endfacet
  facet normal -0.2073183 -0.1512327 0.9665132
    outer loop
      vertex 0.2142169 -0.205661 0.05390036
      vertex 0.2454996 -0.231879 0.05650814
      vertex 0.2559359 -0.2258536 0.05968955
    endloop
  endfacet
  facet normal -0.2077357 -0.1955621 0.9584369
    outer loop
      vertex 0.2232872 -0.2004242 0.05721852
      vertex 0.2656324 -0.2202553 0.0623502
      vertex 0.2317255 -0.1955524 0.06004154
    endloop
  endfacet
  facet normal -0.1845717 -0.1424774 0.9724369
    outer loop
      vertex 0.2232872 -0.2004242 0.05721852
      vertex 0.2559359 -0.2258536 0.05968955
      vertex 0.2656324 -0.2202553 0.0623502
    endloop
  endfacet
  facet normal -0.1875832 -0.1875546 0.9641762
    outer loop
      vertex 0.2317255 -0.1955524 0.06004154
      vertex 0.2743286 -0.2152345 0.06450145
      vertex 0.2393021 -0.1911781 0.06236649
    endloop
  endfacet
  facet normal -0.164287 -0.1341672 0.9772456
    outer loop
      vertex 0.2317255 -0.1955524 0.06004154
      vertex 0.2656324 -0.2202553 0.0623502
      vertex 0.2743286 -0.2152345 0.06450145
    endloop
  endfacet
  facet normal -0.170244 -0.1796063 0.9688955
    outer loop
      vertex 0.2393021 -0.1911781 0.06236649
      vertex 0.2817905 -0.2109264 0.06617132
      vertex 0.2458098 -0.1874208 0.06420645
    endloop
  endfacet
  facet normal -0.1465926 -0.1263705 0.9810918
    outer loop
      vertex 0.2393021 -0.1911781 0.06236649
      vertex 0.2743286 -0.2152345 0.06450145
      vertex 0.2817905 -0.2109264 0.06617132
    endloop
  endfacet
  facet normal -0.1559635 -0.1720284 0.9726673
    outer loop
      vertex 0.2458098 -0.1874208 0.06420645
      vertex 0.2878165 -0.2074473 0.06740013
      vertex 0.2510697 -0.184384 0.06558693
    endloop
  endfacet
  facet normal -0.1317377 -0.1193952 0.9840681
    outer loop
      vertex 0.2458098 -0.1874208 0.06420645
      vertex 0.2817905 -0.2109264 0.06617132
      vertex 0.2878165 -0.2074473 0.06740013
    endloop
  endfacet
  facet normal -0.1450478 -0.1653154 0.9755162
    outer loop
      vertex 0.2510697 -0.184384 0.06558693
      vertex 0.2922426 -0.2048919 0.06823352
      vertex 0.2549356 -0.182152 0.06654
    endloop
  endfacet
  facet normal -0.1200395 -0.1137238 0.986234
    outer loop
      vertex 0.2510697 -0.184384 0.06558693
      vertex 0.2878165 -0.2074473 0.06740013
      vertex 0.2922426 -0.2048919 0.06823352
    endloop
  endfacet
  facet normal -0.1377997 -0.1600297 0.9774465
    outer loop
      vertex 0.2549356 -0.182152 0.06654
      vertex 0.2949479 -0.20333 0.0687136
      vertex 0.2572996 -0.1807872 0.06709673
    endloop
  endfacet
  facet normal -0.1118179 -0.1098959 0.9876334
    outer loop
      vertex 0.2549356 -0.182152 0.06654
      vertex 0.2922426 -0.2048919 0.06823352
      vertex 0.2949479 -0.20333 0.0687136
    endloop
  endfacet
  facet normal -0.1344564 -0.1566627 0.9784571
    outer loop
      vertex 0.2572996 -0.1807872 0.06709673
      vertex 0.295858 -0.2028046 0.06887005
      vertex 0.2580951 -0.1803279 0.06727957
    endloop
  endfacet
  facet normal -0.1073323 -0.1083683 0.9882996
    outer loop
      vertex 0.2572996 -0.1807872 0.06709673
      vertex 0.2949479 -0.20333 0.0687136
      vertex 0.295858 -0.2028046 0.06887005
    endloop
  endfacet
  facet normal 0.4184205 0.6561251 -0.6280319
    outer loop
      vertex 0.2580951 -0.1803279 0.06727957
      vertex 0.2951235 -0.2032286 0.06802432
      vertex 0.2574798 -0.1806831 0.06649856
    endloop
  endfacet
  facet normal 0.4024691 0.6291312 -0.6649907
    outer loop
      vertex 0.2580951 -0.1803279 0.06727957
      vertex 0.295858 -0.2028046 0.06887005
      vertex 0.2951235 -0.2032286 0.06802432
    endloop
  endfacet
  facet normal 0.2810054 0.4035991 -0.8707145
    outer loop
      vertex 0.2574798 -0.1806831 0.06649856
      vertex 0.2926323 -0.2046669 0.06672622
      vertex 0.2553347 -0.1819216 0.06523222
    endloop
  endfacet
  facet normal 0.255281 0.3656642 -0.8950538
    outer loop
      vertex 0.2574798 -0.1806831 0.06649856
      vertex 0.2951235 -0.2032286 0.06802432
      vertex 0.2926323 -0.2046669 0.06672622
    endloop
  endfacet
  facet normal 0.2853551 0.3998921 -0.8710102
    outer loop
      vertex 0.2553347 -0.1819216 0.06523222
      vertex 0.2885592 -0.2070185 0.06459472
      vertex 0.2518278 -0.1839463 0.06315374
    endloop
  endfacet
  facet normal 0.2579817 0.3642594 -0.8948522
    outer loop
      vertex 0.2553347 -0.1819216 0.06523222
      vertex 0.2926323 -0.2046669 0.06672622
      vertex 0.2885592 -0.2070185 0.06459472
    endloop
  endfacet
  facet normal 0.2915213 0.3951536 -0.8711308
    outer loop
      vertex 0.2518278 -0.1839463 0.06315374
      vertex 0.2830192 -0.210217 0.0616752
      vertex 0.2470587 -0.1866998 0.06030877
    endloop
  endfacet
  facet normal 0.2624326 0.3619317 -0.8945024
    outer loop
      vertex 0.2518278 -0.1839463 0.06315374
      vertex 0.2885592 -0.2070185 0.06459472
      vertex 0.2830192 -0.210217 0.0616752
    endloop
  endfacet
  facet normal 0.2994751 0.3896127 -0.8709286
    outer loop
      vertex 0.2470587 -0.1866998 0.06030877
      vertex 0.276167 -0.2141731 0.05802758
      vertex 0.2411613 -0.1901047 0.05675772
    endloop
  endfacet
  facet normal 0.2686534 0.3588635 -0.8938917
    outer loop
      vertex 0.2470587 -0.1866998 0.06030877
      vertex 0.2830192 -0.210217 0.0616752
      vertex 0.276167 -0.2141731 0.05802758
    endloop
  endfacet
  facet normal 0.3090937 0.3833998 -0.870325
    outer loop
      vertex 0.2411613 -0.1901047 0.05675772
      vertex 0.2681907 -0.2187783 0.05372571
      vertex 0.2342985 -0.1940669 0.05257495
    endloop
  endfacet
  facet normal 0.276568 0.3551334 -0.8929672
    outer loop
      vertex 0.2411613 -0.1901047 0.05675772
      vertex 0.276167 -0.2141731 0.05802758
      vertex 0.2681907 -0.2187783 0.05372571
    endloop
  endfacet
  facet normal 0.3200964 0.376472 -0.8693717
    outer loop
      vertex 0.2342985 -0.1940669 0.05257495
      vertex 0.2593042 -0.2239089 0.04885912
      vertex 0.2266553 -0.1984797 0.04784987
    endloop
  endfacet
  facet normal 0.285937 0.3506402 -0.8917912
    outer loop
      vertex 0.2342985 -0.1940669 0.05257495
      vertex 0.2681907 -0.2187783 0.05372571
      vertex 0.2593042 -0.2239089 0.04885912
    endloop
  endfacet
  facet normal 0.3319853 0.3685836 -0.8682925
    outer loop
      vertex 0.2266553 -0.1984797 0.04784987
      vertex 0.2497384 -0.2294317 0.04353663
      vertex 0.218431 -0.203228 0.04268975
    endloop
  endfacet
  facet normal 0.2962973 0.3450743 -0.8905794
    outer loop
      vertex 0.2266553 -0.1984797 0.04784987
      vertex 0.2593042 -0.2239089 0.04885912
      vertex 0.2497384 -0.2294317 0.04353663
    endloop
  endfacet
  facet normal 0.3440073 0.3593136 -0.867498
    outer loop
      vertex 0.218431 -0.203228 0.04268975
      vertex 0.239732 -0.2352089 0.03789035
      vertex 0.2098308 -0.2081933 0.03722271
    endloop
  endfacet
  facet normal 0.3069224 0.337947 -0.8897137
    outer loop
      vertex 0.218431 -0.203228 0.04268975
      vertex 0.2497384 -0.2294317 0.04353663
      vertex 0.239732 -0.2352089 0.03789035
    endloop
  endfacet
  facet normal 0.3551478 0.34814 -0.8675647
    outer loop
      vertex 0.2098308 -0.2081933 0.03722271
      vertex 0.2295227 -0.2411032 0.0320776
      vertex 0.2010581 -0.2132582 0.03159905
    endloop
  endfacet
  facet normal 0.3168147 0.3286672 -0.8897226
    outer loop
      vertex 0.2098308 -0.2081933 0.03722271
      vertex 0.239732 -0.2352089 0.03789035
      vertex 0.2295227 -0.2411032 0.0320776
    endloop
  endfacet
  facet normal 0.3641547 0.3345325 -0.8691832
    outer loop
      vertex 0.2010581 -0.2132582 0.03159905
      vertex 0.2193402 -0.2469821 0.02627887
      vertex 0.1923085 -0.2183098 0.02598906
    endloop
  endfacet
  facet normal 0.3247289 0.3166374 -0.8912305
    outer loop
      vertex 0.2010581 -0.2132582 0.03159905
      vertex 0.2295227 -0.2411032 0.0320776
      vertex 0.2193402 -0.2469821 0.02627887
    endloop
  endfacet
  facet normal 0.3731637 0.3216895 -0.8702096
    outer loop
      vertex 0.1923085 -0.2183098 0.02598906
      vertex 0.2095463 -0.2526366 0.02069137
      vertex 0.1838932 -0.2231684 0.0205843
    endloop
  endfacet
  facet normal 0.3329942 0.3049217 -0.8922654
    outer loop
      vertex 0.1923085 -0.2183098 0.02598906
      vertex 0.2193402 -0.2469821 0.02627887
      vertex 0.2095463 -0.2526366 0.02069137
    endloop
  endfacet
  facet normal 0.3862518 0.3134494 -0.8675016
    outer loop
      vertex 0.1838932 -0.2231684 0.0205843
      vertex 0.2003207 -0.257963 0.01532647
      vertex 0.17597 -0.2277428 0.01540369
    endloop
  endfacet
  facet normal 0.3456467 0.2976634 -0.8899016
    outer loop
      vertex 0.1838932 -0.2231684 0.0205843
      vertex 0.2095463 -0.2526366 0.02069137
      vertex 0.2003207 -0.257963 0.01532647
    endloop
  endfacet
  facet normal 0.3923306 0.3005966 -0.8693206
    outer loop
      vertex 0.17597 -0.2277428 0.01540369
      vertex 0.1917695 -0.2629 0.01037734
      vertex 0.1686251 -0.2319834 0.01062256
    endloop
  endfacet
  facet normal 0.351327 0.2853697 -0.8917026
    outer loop
      vertex 0.17597 -0.2277428 0.01540369
      vertex 0.2003207 -0.257963 0.01532647
      vertex 0.1917695 -0.2629 0.01037734
    endloop
  endfacet
  facet normal 0.3883226 0.2820509 -0.8772986
    outer loop
      vertex 0.1686251 -0.2319834 0.01062256
      vertex 0.1840283 -0.2673695 0.006063933
      vertex 0.1619697 -0.2358259 0.006441278
    endloop
  endfacet
  facet normal 0.3469291 0.2668451 -0.8991295
    outer loop
      vertex 0.1686251 -0.2319834 0.01062256
      vertex 0.1917695 -0.2629 0.01037734
      vertex 0.1840283 -0.2673695 0.006063933
    endloop
  endfacet
  facet normal 0.3700014 0.2561795 -0.8930123
    outer loop
      vertex 0.1619697 -0.2358259 0.006441278
      vertex 0.1772263 -0.2712966 0.002586998
      vertex 0.1561102 -0.2392089 0.003042999
    endloop
  endfacet
  facet normal 0.3281561 0.2404094 -0.913519
    outer loop
      vertex 0.1619697 -0.2358259 0.006441278
      vertex 0.1840283 -0.2673695 0.006063933
      vertex 0.1772263 -0.2712966 0.002586998
    endloop
  endfacet
  facet normal 0.3288129 0.2187179 -0.918719
    outer loop
      vertex 0.1561102 -0.2392089 0.003042999
      vertex 0.1714891 -0.274609 0.0001195502
      vertex 0.1511506 -0.2420723 0.0005862766
    endloop
  endfacet
  facet normal 0.2863509 0.2017512 -0.9366427
    outer loop
      vertex 0.1561102 -0.2392089 0.003042999
      vertex 0.1772263 -0.2712966 0.002586998
      vertex 0.1714891 -0.274609 0.0001195502
    endloop
  endfacet
  facet normal 0.2436829 0.1579426 -0.9569079
    outer loop
      vertex 0.1511506 -0.2420723 0.0005862766
      vertex 0.1669359 -0.2772378 -0.001198131
      vertex 0.1471908 -0.2443586 -0.0007994776
    endloop
  endfacet
  facet normal 0.2003274 0.139135 -0.9697991
    outer loop
      vertex 0.1511506 -0.2420723 0.0005862766
      vertex 0.1714891 -0.274609 0.0001195502
      vertex 0.1669359 -0.2772378 -0.001198131
    endloop
  endfacet
  facet normal 0.05320515 0.03846986 -0.9978423
    outer loop
      vertex 0.1471908 -0.2443586 -0.0007994776
      vertex 0.1636723 -0.279122 -0.001260917
      vertex 0.1443197 -0.2460162 -0.001016471
    endloop
  endfacet
  facet normal 0.009085359 0.01757851 -0.9998042
    outer loop
      vertex 0.1471908 -0.2443586 -0.0007994776
      vertex 0.1669359 -0.2772378 -0.001198131
      vertex 0.1636723 -0.279122 -0.001260917
    endloop
  endfacet
  facet normal -0.3960857 -0.2286802 -0.8892815
    outer loop
      vertex 0.1443197 -0.2460162 -0.001016471
      vertex 0.1617814 -0.2802137 0
      vertex 0.1426081 -0.2470044 0
    endloop
  endfacet
  facet normal -0.4345167 -0.2476104 -0.8659586
    outer loop
      vertex 0.1443197 -0.2460162 -0.001016471
      vertex 0.1636723 -0.279122 -0.001260917
      vertex 0.1617814 -0.2802137 0
    endloop
  endfacet
  facet normal -0.8510303 -0.4947366 -0.1760205
    outer loop
      vertex 0.1617814 -0.2802137 0
      vertex 0.1806209 -0.3136158 0.002796826
      vertex 0.1613967 -0.2804358 0.002484727
    endloop
  endfacet
  facet normal -0.8579097 -0.4953144 -0.1365816
    outer loop
      vertex 0.1617814 -0.2802137 0
      vertex 0.1809548 -0.313423 0
      vertex 0.1806209 -0.3136158 0.002796826
    endloop
  endfacet
  facet normal -0.8023776 -0.4665292 0.3722106
    outer loop
      vertex 0.1613967 -0.2804358 0.002484727
      vertex 0.1821335 -0.3127425 0.006693994
      vertex 0.1626274 -0.2797252 0.006028525
    endloop
  endfacet
  facet normal -0.7912542 -0.4546002 0.4089688
    outer loop
      vertex 0.1613967 -0.2804358 0.002484727
      vertex 0.1806209 -0.3136158 0.002796826
      vertex 0.1821335 -0.3127425 0.006693994
    endloop
  endfacet
  facet normal -0.6952883 -0.4063431 0.5928401
    outer loop
      vertex 0.1626274 -0.2797252 0.006028525
      vertex 0.1855004 -0.3107986 0.01155599
      vertex 0.165485 -0.2780754 0.01051066
    endloop
  endfacet
  facet normal -0.6778757 -0.3878902 0.6245204
    outer loop
      vertex 0.1626274 -0.2797252 0.006028525
      vertex 0.1821335 -0.3127425 0.006693994
      vertex 0.1855004 -0.3107986 0.01155599
    endloop
  endfacet
  facet normal -0.612576 -0.3622684 0.7025043
    outer loop
      vertex 0.165485 -0.2780754 0.01051066
      vertex 0.1906957 -0.3077991 0.01716622
      vertex 0.1699526 -0.275496 0.01573657
    endloop
  endfacet
  facet normal -0.5928285 -0.3392789 0.7303726
    outer loop
      vertex 0.165485 -0.2780754 0.01051066
      vertex 0.1855004 -0.3107986 0.01155599
      vertex 0.1906957 -0.3077991 0.01716622
    endloop
  endfacet
  facet normal -0.5444452 -0.3278884 0.7720548
    outer loop
      vertex 0.1699526 -0.275496 0.01573657
      vertex 0.1976468 -0.3037858 0.02325168
      vertex 0.1759742 -0.2720195 0.02145938
    endloop
  endfacet
  facet normal -0.5237939 -0.3010818 0.7968624
    outer loop
      vertex 0.1699526 -0.275496 0.01573657
      vertex 0.1906957 -0.3077991 0.01716622
      vertex 0.1976468 -0.3037858 0.02325168
    endloop
  endfacet
  facet normal -0.4833189 -0.2980267 0.8231543
    outer loop
      vertex 0.1759742 -0.2720195 0.02145938
      vertex 0.2062248 -0.2988333 0.0295131
      vertex 0.1834436 -0.267707 0.02740644
    endloop
  endfacet
  facet normal -0.4623964 -0.2677795 0.8452714
    outer loop
      vertex 0.1759742 -0.2720195 0.02145938
      vertex 0.1976468 -0.3037858 0.02325168
      vertex 0.2062248 -0.2988333 0.0295131
    endloop
  endfacet
  facet normal -0.4259289 -0.2700828 0.8635044
    outer loop
      vertex 0.1834436 -0.267707 0.02740644
      vertex 0.2162391 -0.2930516 0.03565589
      vertex 0.1921998 -0.2626516 0.03330671
    endloop
  endfacet
  facet normal -0.4050562 -0.2366878 0.8831242
    outer loop
      vertex 0.1834436 -0.267707 0.02740644
      vertex 0.2062248 -0.2988333 0.0295131
      vertex 0.2162391 -0.2930516 0.03565589
    endloop
  endfacet
  facet normal -0.3712087 -0.2428725 0.8962238
    outer loop
      vertex 0.1921998 -0.2626516 0.03330671
      vertex 0.2274404 -0.2865845 0.04141737
      vertex 0.2020282 -0.2569772 0.03891527
    endloop
  endfacet
  facet normal -0.3505568 -0.2066203 0.9134648
    outer loop
      vertex 0.1921998 -0.2626516 0.03330671
      vertex 0.2162391 -0.2930516 0.03565589
      vertex 0.2274404 -0.2865845 0.04141737
    endloop
  endfacet
  facet normal -0.319649 -0.2163741 0.9225003
    outer loop
      vertex 0.2020282 -0.2569772 0.03891527
      vertex 0.239473 -0.2796375 0.04657499
      vertex 0.2126178 -0.2508633 0.04401864
    endloop
  endfacet
  facet normal -0.2992772 -0.1776461 0.9374833
    outer loop
      vertex 0.2020282 -0.2569772 0.03891527
      vertex 0.2274404 -0.2865845 0.04141737
      vertex 0.239473 -0.2796375 0.04657499
    endloop
  endfacet
  facet normal -0.2811184 -0.1998155 0.9386406
    outer loop
      vertex 0.2126178 -0.2508633 0.04401864
      vertex 0.2518622 -0.2724845 0.05116948
      vertex 0.2235435 -0.2445553 0.04863366
    endloop
  endfacet
  facet normal -0.2611747 -0.1591719 0.9520778
    outer loop
      vertex 0.2126178 -0.2508633 0.04401864
      vertex 0.239473 -0.2796375 0.04657499
      vertex 0.2518622 -0.2724845 0.05116948
    endloop
  endfacet
  facet normal -0.2499584 -0.188687 0.9496936
    outer loop
      vertex 0.2235435 -0.2445553 0.04863366
      vertex 0.2643854 -0.2652543 0.05527071
      vertex 0.2346041 -0.2381695 0.05281354
    endloop
  endfacet
  facet normal -0.2305224 -0.1463937 0.9619918
    outer loop
      vertex 0.2235435 -0.2445553 0.04863366
      vertex 0.2518622 -0.2724845 0.05116948
      vertex 0.2643854 -0.2652543 0.05527071
    endloop
  endfacet
  facet normal -0.2219074 -0.1786358 0.9585647
    outer loop
      vertex 0.2346041 -0.2381695 0.05281354
      vertex 0.2767054 -0.2581413 0.05883808
      vertex 0.2454996 -0.231879 0.05650814
    endloop
  endfacet
  facet normal -0.202852 -0.135062 0.9698502
    outer loop
      vertex 0.2346041 -0.2381695 0.05281354
      vertex 0.2643854 -0.2652543 0.05527071
      vertex 0.2767054 -0.2581413 0.05883808
    endloop
  endfacet
  facet normal -0.1967027 -0.1692167 0.9657504
    outer loop
      vertex 0.2454996 -0.231879 0.05650814
      vertex 0.2884923 -0.2513362 0.06185557
      vertex 0.2559359 -0.2258536 0.05968955
    endloop
  endfacet
  facet normal -0.1778667 -0.1247482 0.9761154
    outer loop
      vertex 0.2454996 -0.231879 0.05650814
      vertex 0.2767054 -0.2581413 0.05883808
      vertex 0.2884923 -0.2513362 0.06185557
    endloop
  endfacet
  facet normal -0.1741808 -0.1600841 0.9716142
    outer loop
      vertex 0.2559359 -0.2258536 0.05968955
      vertex 0.2994321 -0.2450201 0.06432921
      vertex 0.2656324 -0.2202553 0.0623502
    endloop
  endfacet
  facet normal -0.1553808 -0.1151174 0.9811242
    outer loop
      vertex 0.2559359 -0.2258536 0.05968955
      vertex 0.2884923 -0.2513362 0.06185557
      vertex 0.2994321 -0.2450201 0.06432921
    endloop
  endfacet
  facet normal -0.1543149 -0.1510782 0.9764027
    outer loop
      vertex 0.2656324 -0.2202553 0.0623502
      vertex 0.3092344 -0.2393607 0.06628509
      vertex 0.2743286 -0.2152345 0.06450145
    endloop
  endfacet
  facet normal -0.1353549 -0.1060148 0.9851091
    outer loop
      vertex 0.2656324 -0.2202553 0.0623502
      vertex 0.2994321 -0.2450201 0.06432921
      vertex 0.3092344 -0.2393607 0.06628509
    endloop
  endfacet
  facet normal -0.1372218 -0.1422821 0.9802683
    outer loop
      vertex 0.2743286 -0.2152345 0.06450145
      vertex 0.3176387 -0.2345085 0.06776662
      vertex 0.2817905 -0.2109264 0.06617132
    endloop
  endfacet
  facet normal -0.1179027 -0.0975229 0.9882248
    outer loop
      vertex 0.2743286 -0.2152345 0.06450145
      vertex 0.3092344 -0.2393607 0.06628509
      vertex 0.3176387 -0.2345085 0.06776662
    endloop
  endfacet
  facet normal -0.1231352 -0.1340233 0.9832983
    outer loop
      vertex 0.2817905 -0.2109264 0.06617132
      vertex 0.3244209 -0.2305928 0.06882925
      vertex 0.2878165 -0.2074473 0.06740013
    endloop
  endfacet
  facet normal -0.1032625 -0.08996189 0.9905775
    outer loop
      vertex 0.2817905 -0.2109264 0.06617132
      vertex 0.3176387 -0.2345085 0.06776662
      vertex 0.3244209 -0.2305928 0.06882925
    endloop
  endfacet
  facet normal -0.112354 -0.1268103 0.9855434
    outer loop
      vertex 0.2878165 -0.2074473 0.06740013
      vertex 0.3293999 -0.2277182 0.06953245
      vertex 0.2922426 -0.2048919 0.06823352
    endloop
  endfacet
  facet normal -0.09174328 -0.08382459 0.9922483
    outer loop
      vertex 0.2878165 -0.2074473 0.06740013
      vertex 0.3244209 -0.2305928 0.06882925
      vertex 0.3293999 -0.2277182 0.06953245
    endloop
  endfacet
  facet normal -0.1051766 -0.1212159 0.9870383
    outer loop
      vertex 0.2922426 -0.2048919 0.06823352
      vertex 0.3324419 -0.2259619 0.06992951
      vertex 0.2949479 -0.20333 0.0687136
    endloop
  endfacet
  facet normal -0.08365917 -0.07965848 0.9933054
    outer loop
      vertex 0.2922426 -0.2048919 0.06823352
      vertex 0.3293999 -0.2277182 0.06953245
      vertex 0.3324419 -0.2259619 0.06992951
    endloop
  endfacet
  facet normal -0.1018385 -0.1177378 0.9878091
    outer loop
      vertex 0.2949479 -0.20333 0.0687136
      vertex 0.3334651 -0.2253711 0.07005744
      vertex 0.295858 -0.2028046 0.06887005
    endloop
  endfacet
  facet normal -0.07926555 -0.07792582 0.9938031
    outer loop
      vertex 0.2949479 -0.20333 0.0687136
      vertex 0.3324419 -0.2259619 0.06992951
      vertex 0.3334651 -0.2253711 0.07005744
    endloop
  endfacet
  facet normal 0.4008292 0.6307978 -0.6644021
    outer loop
      vertex 0.295858 -0.2028046 0.06887005
      vertex 0.3326115 -0.225864 0.0691501
      vertex 0.2951235 -0.2032286 0.06802432
    endloop
  endfacet
  facet normal 0.3865599 0.6076982 -0.6937394
    outer loop
      vertex 0.295858 -0.2028046 0.06887005
      vertex 0.3334651 -0.2253711 0.07005744
      vertex 0.3326115 -0.225864 0.0691501
    endloop
  endfacet
  facet normal 0.2531786 0.3687148 -0.8943992
    outer loop
      vertex 0.2951235 -0.2032286 0.06802432
      vertex 0.3297771 -0.2275004 0.06782777
      vertex 0.2926323 -0.2046669 0.06672622
    endloop
  endfacet
  facet normal 0.2310478 0.3372654 -0.9126165
    outer loop
      vertex 0.2951235 -0.2032286 0.06802432
      vertex 0.3326115 -0.225864 0.0691501
      vertex 0.3297771 -0.2275004 0.06782777
    endloop
  endfacet
  facet normal 0.2572226 0.3653641 -0.8946204
    outer loop
      vertex 0.2926323 -0.2046669 0.06672622
      vertex 0.3251425 -0.2301762 0.06565558
      vertex 0.2885592 -0.2070185 0.06459472
    endloop
  endfacet
  facet normal 0.2336263 0.3360388 -0.9124126
    outer loop
      vertex 0.2926323 -0.2046669 0.06672622
      vertex 0.3297771 -0.2275004 0.06782777
      vertex 0.3251425 -0.2301762 0.06565558
    endloop
  endfacet
  facet normal 0.262983 0.3611275 -0.8946658
    outer loop
      vertex 0.2885592 -0.2070185 0.06459472
      vertex 0.318838 -0.2338161 0.06267831
      vertex 0.2830192 -0.210217 0.0616752
    endloop
  endfacet
  facet normal 0.2378772 0.3340044 -0.9120611
    outer loop
      vertex 0.2885592 -0.2070185 0.06459472
      vertex 0.3251425 -0.2301762 0.06565558
      vertex 0.318838 -0.2338161 0.06267831
    endloop
  endfacet
  facet normal 0.2704465 0.3562303 -0.8944041
    outer loop
      vertex 0.2830192 -0.210217 0.0616752
      vertex 0.3110387 -0.238319 0.05895496
      vertex 0.276167 -0.2141731 0.05802758
    endloop
  endfacet
  facet normal 0.2438294 0.3313423 -0.9114601
    outer loop
      vertex 0.2830192 -0.210217 0.0616752
      vertex 0.318838 -0.2338161 0.06267831
      vertex 0.3110387 -0.238319 0.05895496
    endloop
  endfacet
  facet normal 0.2795055 0.3507933 -0.8937677
    outer loop
      vertex 0.276167 -0.2141731 0.05802758
      vertex 0.3019579 -0.2435618 0.05455837
      vertex 0.2681907 -0.2187783 0.05372571
    endloop
  endfacet
  facet normal 0.2514151 0.3281243 -0.9105629
    outer loop
      vertex 0.276167 -0.2141731 0.05802758
      vertex 0.3110387 -0.238319 0.05895496
      vertex 0.3019579 -0.2435618 0.05455837
    endloop
  endfacet
  facet normal 0.289891 0.3447562 -0.8928081
    outer loop
      vertex 0.2681907 -0.2187783 0.05372571
      vertex 0.2918379 -0.2494046 0.04957756
      vertex 0.2593042 -0.2239089 0.04885912
    endloop
  endfacet
  facet normal 0.2604011 0.3242376 -0.9094291
    outer loop
      vertex 0.2681907 -0.2187783 0.05372571
      vertex 0.3019579 -0.2435618 0.05455837
      vertex 0.2918379 -0.2494046 0.04957756
    endloop
  endfacet
  facet normal 0.301112 0.3378481 -0.8917344
    outer loop
      vertex 0.2593042 -0.2239089 0.04885912
      vertex 0.2809411 -0.2556958 0.04412227
      vertex 0.2497384 -0.2294317 0.04353663
    endloop
  endfacet
  facet normal 0.2703263 0.3193552 -0.9082598
    outer loop
      vertex 0.2593042 -0.2239089 0.04885912
      vertex 0.2918379 -0.2494046 0.04957756
      vertex 0.2809411 -0.2556958 0.04412227
    endloop
  endfacet
  facet normal 0.3124169 0.3296153 -0.8909262
    outer loop
      vertex 0.2497384 -0.2294317 0.04353663
      vertex 0.2695394 -0.2622786 0.03832781
      vertex 0.239732 -0.2352089 0.03789035
    endloop
  endfacet
  facet normal 0.2804627 0.3129664 -0.9074099
    outer loop
      vertex 0.2497384 -0.2294317 0.04353663
      vertex 0.2809411 -0.2556958 0.04412227
      vertex 0.2695394 -0.2622786 0.03832781
    endloop
  endfacet
  facet normal 0.3227877 0.3194976 -0.8909149
    outer loop
      vertex 0.239732 -0.2352089 0.03789035
      vertex 0.2579045 -0.2689961 0.03235776
      vertex 0.2295227 -0.2411032 0.0320776
    endloop
  endfacet
  facet normal 0.2898075 0.3044536 -0.9073696
    outer loop
      vertex 0.239732 -0.2352089 0.03789035
      vertex 0.2695394 -0.2622786 0.03832781
      vertex 0.2579045 -0.2689961 0.03235776
    endloop
  endfacet
  facet normal 0.3309659 0.3069229 -0.8923339
    outer loop
      vertex 0.2295227 -0.2411032 0.0320776
      vertex 0.2463001 -0.2756959 0.02640199
      vertex 0.2193402 -0.2469821 0.02627887
    endloop
  endfacet
  facet normal 0.2971095 0.2931905 -0.9087163
    outer loop
      vertex 0.2295227 -0.2411032 0.0320776
      vertex 0.2579045 -0.2689961 0.03235776
      vertex 0.2463001 -0.2756959 0.02640199
    endloop
  endfacet
  facet normal 0.3392053 0.2951111 -0.8932241
    outer loop
      vertex 0.2193402 -0.2469821 0.02627887
      vertex 0.235138 -0.2821403 0.02066228
      vertex 0.2095463 -0.2526366 0.02069137
    endloop
  endfacet
  facet normal 0.3047834 0.2822655 -0.9096336
    outer loop
      vertex 0.2193402 -0.2469821 0.02627887
      vertex 0.2463001 -0.2756959 0.02640199
      vertex 0.235138 -0.2821403 0.02066228
    endloop
  endfacet
  facet normal 0.3517206 0.2879611 -0.8907138
    outer loop
      vertex 0.2095463 -0.2526366 0.02069137
      vertex 0.2246199 -0.2882129 0.01514203
      vertex 0.2003207 -0.257963 0.01532647
    endloop
  endfacet
  facet normal 0.3169849 0.2758509 -0.9074287
    outer loop
      vertex 0.2095463 -0.2526366 0.02069137
      vertex 0.235138 -0.2821403 0.02066228
      vertex 0.2246199 -0.2882129 0.01514203
    endloop
  endfacet
  facet normal 0.3571014 0.276019 -0.892352
    outer loop
      vertex 0.2003207 -0.257963 0.01532647
      vertex 0.2148715 -0.2938412 0.0100517
      vertex 0.1917695 -0.2629 0.01037734
    endloop
  endfacet
  facet normal 0.3221047 0.2642831 -0.9090671
    outer loop
      vertex 0.2003207 -0.257963 0.01532647
      vertex 0.2246199 -0.2882129 0.01514203
      vertex 0.2148715 -0.2938412 0.0100517
    endloop
  endfacet
  facet normal 0.3522215 0.258144 -0.899612
    outer loop
      vertex 0.1917695 -0.2629 0.01037734
      vertex 0.2060529 -0.2989326 0.005630093
      vertex 0.1840283 -0.2673695 0.006063933
    endloop
  endfacet
  facet normal 0.3170005 0.2463255 -0.915879
    outer loop
      vertex 0.1917695 -0.2629 0.01037734
      vertex 0.2148715 -0.2938412 0.0100517
      vertex 0.2060529 -0.2989326 0.005630093
    endloop
  endfacet
  facet normal 0.3328055 0.2326467 -0.9138468
    outer loop
      vertex 0.1840283 -0.2673695 0.006063933
      vertex 0.1983163 -0.3033993 0.002094919
      vertex 0.1772263 -0.2712966 0.002586998
    endloop
  endfacet
  facet normal 0.297345 0.2202556 -0.9290174
    outer loop
      vertex 0.1840283 -0.2673695 0.006063933
      vertex 0.2060529 -0.2989326 0.005630093
      vertex 0.1983163 -0.3033993 0.002094919
    endloop
  endfacet
  facet normal 0.2902223 0.1951934 -0.9368407
    outer loop
      vertex 0.1772263 -0.2712966 0.002586998
      vertex 0.1918089 -0.3071563 -0.000366935
      vertex 0.1714891 -0.274609 0.0001195502
    endloop
  endfacet
  facet normal 0.254436 0.1817134 -0.9498645
    outer loop
      vertex 0.1772263 -0.2712966 0.002586998
      vertex 0.1983163 -0.3033993 0.002094919
      vertex 0.1918089 -0.3071563 -0.000366935
    endloop
  endfacet
  facet normal 0.2033219 0.1339986 -0.9698993
    outer loop
      vertex 0.1714891 -0.274609 0.0001195502
      vertex 0.1866692 -0.3101238 -0.001604833
      vertex 0.1669359 -0.2772378 -0.001198131
    endloop
  endfacet
  facet normal 0.1670659 0.1189312 -0.9787463
    outer loop
      vertex 0.1714891 -0.274609 0.0001195502
      vertex 0.1918089 -0.3071563 -0.000366935
      vertex 0.1866692 -0.3101238 -0.001604833
    endloop
  endfacet
  facet normal 0.01117816 0.01395486 -0.9998401
    outer loop
      vertex 0.1669359 -0.2772378 -0.001198131
      vertex 0.1830193 -0.312231 -0.001506724
      vertex 0.1636723 -0.279122 -0.001260917
    endloop
  endfacet
  facet normal -0.02525824 -0.002793258 -0.9996771
    outer loop
      vertex 0.1669359 -0.2772378 -0.001198131
      vertex 0.1866692 -0.3101238 -0.001604833
      vertex 0.1830193 -0.312231 -0.001506724
    endloop
  endfacet
  facet normal -0.4331077 -0.2500548 -0.8659621
    outer loop
      vertex 0.1636723 -0.279122 -0.001260917
      vertex 0.1809548 -0.313423 0
      vertex 0.1617814 -0.2802137 0
    endloop
  endfacet
  facet normal -0.4640131 -0.2648671 -0.8453031
    outer loop
      vertex 0.1636723 -0.279122 -0.001260917
      vertex 0.1830193 -0.312231 -0.001506724
      vertex 0.1809548 -0.313423 0
    endloop
  endfacet
  facet normal -0.8565536 -0.4976561 -0.1365811
    outer loop
      vertex 0.1809548 -0.313423 0
      vertex 0.1998481 -0.346794 0.003105633
      vertex 0.1806209 -0.3136158 0.002796826
    endloop
  endfacet
  facet normal -0.8613667 -0.4973103 -0.1035848
    outer loop
      vertex 0.1809548 -0.313423 0
      vertex 0.2001282 -0.3466322 0
      vertex 0.1998481 -0.346794 0.003105633
    endloop
  endfacet
  facet normal -0.7891481 -0.4582468 0.4089685
    outer loop
      vertex 0.1806209 -0.3136158 0.002796826
      vertex 0.2016441 -0.3457571 0.007349158
      vertex 0.1821335 -0.3127425 0.006693994
    endloop
  endfacet
  facet normal -0.7791208 -0.4474248 0.4390692
    outer loop
      vertex 0.1806209 -0.3136158 0.002796826
      vertex 0.1998481 -0.346794 0.003105633
      vertex 0.2016441 -0.3457571 0.007349158
    endloop
  endfacet
  facet normal -0.6747539 -0.3932962 0.62452
    outer loop
      vertex 0.1821335 -0.3127425 0.006693994
      vertex 0.2055205 -0.343519 0.01258045
      vertex 0.1855004 -0.3107986 0.01155599
    endloop
  endfacet
  facet normal -0.6597157 -0.3769704 0.6501296
    outer loop
      vertex 0.1821335 -0.3127425 0.006693994
      vertex 0.2016441 -0.3457571 0.007349158
      vertex 0.2055205 -0.343519 0.01258045
    endloop
  endfacet
  facet normal -0.5886384 -0.3465182 0.7303629
    outer loop
      vertex 0.1855004 -0.3107986 0.01155599
      vertex 0.2114416 -0.3401004 0.01856121
      vertex 0.1906957 -0.3077991 0.01716622
    endloop
  endfacet
  facet normal -0.5718461 -0.3263195 0.752667
    outer loop
      vertex 0.1855004 -0.3107986 0.01155599
      vertex 0.2055205 -0.343519 0.01258045
      vertex 0.2114416 -0.3401004 0.01856121
    endloop
  endfacet
  facet normal -0.5185585 -0.3100986 0.7968287
    outer loop
      vertex 0.1906957 -0.3077991 0.01716622
      vertex 0.2193187 -0.3355526 0.02499274
      vertex 0.1976468 -0.3037858 0.02325168
    endloop
  endfacet
  facet normal -0.5011755 -0.2866242 0.8164984
    outer loop
      vertex 0.1906957 -0.3077991 0.01716622
      vertex 0.2114416 -0.3401004 0.01856121
      vertex 0.2193187 -0.3355526 0.02499274
    endloop
  endfacet
  facet normal -0.4561831 -0.2784505 0.8451996
    outer loop
      vertex 0.1976468 -0.3037858 0.02325168
      vertex 0.2289997 -0.3299633 0.03154973
      vertex 0.2062248 -0.2988333 0.0295131
    endloop
  endfacet
  facet normal -0.4387148 -0.252025 0.8625617
    outer loop
      vertex 0.1976468 -0.3037858 0.02325168
      vertex 0.2193187 -0.3355526 0.02499274
      vertex 0.2289997 -0.3299633 0.03154973
    endloop
  endfacet
  facet normal -0.3979663 -0.2488426 0.8830063
    outer loop
      vertex 0.2062248 -0.2988333 0.0295131
      vertex 0.2402645 -0.3234596 0.03791463
      vertex 0.2162391 -0.2930516 0.03565589
    endloop
  endfacet
  facet normal -0.380661 -0.2197286 0.8982297
    outer loop
      vertex 0.2062248 -0.2988333 0.0295131
      vertex 0.2289997 -0.3299633 0.03154973
      vertex 0.2402645 -0.3234596 0.03791463
    endloop
  endfacet
  facet normal -0.3427185 -0.220052 0.9133023
    outer loop
      vertex 0.2162391 -0.2930516 0.03565589
      vertex 0.2528292 -0.3162053 0.04380768
      vertex 0.2274404 -0.2865845 0.04141737
    endloop
  endfacet
  facet normal -0.3257001 -0.1885151 0.9264888
    outer loop
      vertex 0.2162391 -0.2930516 0.03565589
      vertex 0.2402645 -0.3234596 0.03791463
      vertex 0.2528292 -0.3162053 0.04380768
    endloop
  endfacet
  facet normal -0.2908703 -0.1920615 0.937287
    outer loop
      vertex 0.2274404 -0.2865845 0.04141737
      vertex 0.2662935 -0.3084317 0.04899797
      vertex 0.239473 -0.2796375 0.04657499
    endloop
  endfacet
  facet normal -0.2741661 -0.1584506 0.9485391
    outer loop
      vertex 0.2274404 -0.2865845 0.04141737
      vertex 0.2528292 -0.3162053 0.04380768
      vertex 0.2662935 -0.3084317 0.04899797
    endloop
  endfacet
  facet normal -0.252408 -0.1741866 0.9518137
    outer loop
      vertex 0.239473 -0.2796375 0.04657499
      vertex 0.2801342 -0.3004408 0.05355068
      vertex 0.2518622 -0.2724845 0.05116948
    endloop
  endfacet
  facet normal -0.2361035 -0.1389913 0.9617362
    outer loop
      vertex 0.239473 -0.2796375 0.04657499
      vertex 0.2662935 -0.3084317 0.04899797
      vertex 0.2801342 -0.3004408 0.05355068
    endloop
  endfacet
  facet normal -0.2214912 -0.1618364 0.9616395
    outer loop
      vertex 0.2518622 -0.2724845 0.05116948
      vertex 0.2941072 -0.2923735 0.05755247
      vertex 0.2643854 -0.2652543 0.05527071
    endloop
  endfacet
  facet normal -0.2056336 -0.1252859 0.9705763
    outer loop
      vertex 0.2518622 -0.2724845 0.05116948
      vertex 0.2801342 -0.3004408 0.05355068
      vertex 0.2941072 -0.2923735 0.05755247
    endloop
  endfacet
  facet normal -0.1937385 -0.1506314 0.9694202
    outer loop
      vertex 0.2643854 -0.2652543 0.05527071
      vertex 0.3078385 -0.2844457 0.06097278
      vertex 0.2767054 -0.2581413 0.05883808
    endloop
  endfacet
  facet normal -0.1782024 -0.1130607 0.977477
    outer loop
      vertex 0.2643854 -0.2652543 0.05527071
      vertex 0.2941072 -0.2923735 0.05755247
      vertex 0.3078385 -0.2844457 0.06097278
    endloop
  endfacet
  facet normal -0.1688546 -0.1401413 0.9756273
    outer loop
      vertex 0.2767054 -0.2581413 0.05883808
      vertex 0.3209631 -0.2768682 0.06380793
      vertex 0.2884923 -0.2513362 0.06185557
    endloop
  endfacet
  facet normal -0.1534879 -0.1018993 0.9828825
    outer loop
      vertex 0.2767054 -0.2581413 0.05883808
      vertex 0.3078385 -0.2844457 0.06097278
      vertex 0.3209631 -0.2768682 0.06380793
    endloop
  endfacet
  facet normal -0.1466496 -0.1300366 0.9806041
    outer loop
      vertex 0.2884923 -0.2513362 0.06185557
      vertex 0.3331342 -0.2698412 0.06607786
      vertex 0.2994321 -0.2450201 0.06432921
    endloop
  endfacet
  facet normal -0.1312831 -0.09148046 0.987115
    outer loop
      vertex 0.2884923 -0.2513362 0.06185557
      vertex 0.3209631 -0.2768682 0.06380793
      vertex 0.3331342 -0.2698412 0.06607786
    endloop
  endfacet
  facet normal -0.127076 -0.1201737 0.9845862
    outer loop
      vertex 0.2994321 -0.2450201 0.06432921
      vertex 0.3440314 -0.2635497 0.06782379
      vertex 0.3092344 -0.2393607 0.06628509
    endloop
  endfacet
  facet normal -0.1115316 -0.08166343 0.9903998
    outer loop
      vertex 0.2994321 -0.2450201 0.06432921
      vertex 0.3331342 -0.2698412 0.06607786
      vertex 0.3440314 -0.2635497 0.06782379
    endloop
  endfacet
  facet normal -0.1102352 -0.1106515 0.9877269
    outer loop
      vertex 0.3092344 -0.2393607 0.06628509
      vertex 0.3533681 -0.2581591 0.06910471
      vertex 0.3176387 -0.2345085 0.06776662
    endloop
  endfacet
  facet normal -0.09433368 -0.07254398 0.992894
    outer loop
      vertex 0.3092344 -0.2393607 0.06628509
      vertex 0.3440314 -0.2635497 0.06782379
      vertex 0.3533681 -0.2581591 0.06910471
    endloop
  endfacet
  facet normal -0.09635034 -0.1018117 0.9901267
    outer loop
      vertex 0.3176387 -0.2345085 0.06776662
      vertex 0.3608987 -0.2538114 0.06999145
      vertex 0.3244209 -0.2305928 0.06882925
    endloop
  endfacet
  facet normal -0.07991714 -0.064454 0.9947155
    outer loop
      vertex 0.3176387 -0.2345085 0.06776662
      vertex 0.3533681 -0.2581591 0.06910471
      vertex 0.3608987 -0.2538114 0.06999145
    endloop
  endfacet
  facet normal -0.0857128 -0.09417449 0.9918591
    outer loop
      vertex 0.3244209 -0.2305928 0.06882925
      vertex 0.3664245 -0.250621 0.07055742
      vertex 0.3293999 -0.2277182 0.06953245
    endloop
  endfacet
  facet normal -0.06858314 -0.05789564 0.9959641
    outer loop
      vertex 0.3244209 -0.2305928 0.06882925
      vertex 0.3608987 -0.2538114 0.06999145
      vertex 0.3664245 -0.250621 0.07055742
    endloop
  endfacet
  facet normal -0.07861619 -0.08832069 0.9929849
    outer loop
      vertex 0.3293999 -0.2277182 0.06953245
      vertex 0.3697997 -0.2486724 0.0708672
      vertex 0.3324419 -0.2259619 0.06992951
    endloop
  endfacet
  facet normal -0.06063958 -0.05342325 0.996729
    outer loop
      vertex 0.3293999 -0.2277182 0.06953245
      vertex 0.3664245 -0.250621 0.07055742
      vertex 0.3697997 -0.2486724 0.0708672
    endloop
  endfacet
  facet normal -0.07529289 -0.08475256 0.9935532
    outer loop
      vertex 0.3324419 -0.2259619 0.06992951
      vertex 0.3709347 -0.2480171 0.07096519
      vertex 0.3334651 -0.2253711 0.07005744
    endloop
  endfacet
  facet normal -0.05633734 -0.05150381 0.9970825
    outer loop
      vertex 0.3324419 -0.2259619 0.06992951
      vertex 0.3697997 -0.2486724 0.0708672
      vertex 0.3709347 -0.2480171 0.07096519
    endloop
  endfacet
  facet normal 0.3858026 0.6084969 -0.6934608
    outer loop
      vertex 0.3334651 -0.2253711 0.07005744
      vertex 0.3699623 -0.2485785 0.06999849
      vertex 0.3326115 -0.225864 0.0691501
    endloop
  endfacet
  facet normal 0.3731188 0.5886099 -0.7171616
    outer loop
      vertex 0.3334651 -0.2253711 0.07005744
      vertex 0.3709347 -0.2480171 0.07096519
      vertex 0.3699623 -0.2485785 0.06999849
    endloop
  endfacet
  facet normal 0.2301022 0.3386746 -0.9123335
    outer loop
      vertex 0.3326115 -0.225864 0.0691501
      vertex 0.3667873 -0.2504116 0.06865715
      vertex 0.3297771 -0.2275004 0.06782777
    endloop
  endfacet
  facet normal 0.2109813 0.3123334 -0.9262477
    outer loop
      vertex 0.3326115 -0.225864 0.0691501
      vertex 0.3699623 -0.2485785 0.06999849
      vertex 0.3667873 -0.2504116 0.06865715
    endloop
  endfacet
  facet normal 0.2338841 0.3356538 -0.9124882
    outer loop
      vertex 0.3297771 -0.2275004 0.06782777
      vertex 0.3615953 -0.2534092 0.06645281
      vertex 0.3251425 -0.2301762 0.06565558
    endloop
  endfacet
  facet normal 0.213448 0.3112757 -0.9260386
    outer loop
      vertex 0.3297771 -0.2275004 0.06782777
      vertex 0.3667873 -0.2504116 0.06865715
      vertex 0.3615953 -0.2534092 0.06645281
    endloop
  endfacet
  facet normal 0.2392955 0.331879 -0.9124659
    outer loop
      vertex 0.3251425 -0.2301762 0.06565558
      vertex 0.3545318 -0.2574873 0.06342947
      vertex 0.318838 -0.2338161 0.06267831
    endloop
  endfacet
  facet normal 0.2175158 0.3095192 -0.9256807
    outer loop
      vertex 0.3251425 -0.2301762 0.06565558
      vertex 0.3615953 -0.2534092 0.06645281
      vertex 0.3545318 -0.2574873 0.06342947
    endloop
  endfacet
  facet normal 0.246336 0.3275705 -0.9121492
    outer loop
      vertex 0.318838 -0.2338161 0.06267831
      vertex 0.3457925 -0.262533 0.05964488
      vertex 0.3110387 -0.238319 0.05895496
    endloop
  endfacet
  facet normal 0.2232214 0.3072406 -0.9250813
    outer loop
      vertex 0.318838 -0.2338161 0.06267831
      vertex 0.3545318 -0.2574873 0.06342947
      vertex 0.3457925 -0.262533 0.05964488
    endloop
  endfacet
  facet normal 0.2549106 0.3228389 -0.9114799
    outer loop
      vertex 0.3110387 -0.238319 0.05895496
      vertex 0.335615 -0.2684089 0.05517051
      vertex 0.3019579 -0.2435618 0.05455837
    endloop
  endfacet
  facet normal 0.2305046 0.3045047 -0.9241994
    outer loop
      vertex 0.3110387 -0.238319 0.05895496
      vertex 0.3457925 -0.262533 0.05964488
      vertex 0.335615 -0.2684089 0.05517051
    endloop
  endfacet
  facet normal 0.2647606 0.3176075 -0.9105094
    outer loop
      vertex 0.3019579 -0.2435618 0.05455837
      vertex 0.3242704 -0.2749587 0.05009449
      vertex 0.2918379 -0.2494046 0.04957756
    endloop
  endfacet
  facet normal 0.2391378 0.3011874 -0.9230923
    outer loop
      vertex 0.3019579 -0.2435618 0.05455837
      vertex 0.335615 -0.2684089 0.05517051
      vertex 0.3242704 -0.2749587 0.05009449
    endloop
  endfacet
  facet normal 0.2754016 0.3115827 -0.909434
    outer loop
      vertex 0.2918379 -0.2494046 0.04957756
      vertex 0.3120521 -0.282013 0.04452696
      vertex 0.2809411 -0.2556958 0.04412227
    endloop
  endfacet
  facet normal 0.248663 0.2969456 -0.921949
    outer loop
      vertex 0.2918379 -0.2494046 0.04957756
      vertex 0.3242704 -0.2749587 0.05009449
      vertex 0.3120521 -0.282013 0.04452696
    endloop
  endfacet
  facet normal 0.286085 0.3042823 -0.9086075
    outer loop
      vertex 0.2809411 -0.2556958 0.04412227
      vertex 0.2992648 -0.2893957 0.03860596
      vertex 0.2695394 -0.2622786 0.03832781
    endloop
  endfacet
  facet normal 0.2583524 0.2912484 -0.9211018
    outer loop
      vertex 0.2809411 -0.2556958 0.04412227
      vertex 0.3120521 -0.282013 0.04452696
      vertex 0.2992648 -0.2893957 0.03860596
    endloop
  endfacet
  facet normal 0.2957921 0.2951135 -0.9085235
    outer loop
      vertex 0.2695394 -0.2622786 0.03832781
      vertex 0.2862141 -0.2969305 0.03250079
      vertex 0.2579045 -0.2689961 0.03235776
    endloop
  endfacet
  facet normal 0.2672011 0.2834548 -0.9210087
    outer loop
      vertex 0.2695394 -0.2622786 0.03832781
      vertex 0.2992648 -0.2893957 0.03860596
      vertex 0.2862141 -0.2969305 0.03250079
    endloop
  endfacet
  facet normal 0.3032619 0.2834691 -0.9097678
    outer loop
      vertex 0.2579045 -0.2689961 0.03235776
      vertex 0.2731977 -0.3044456 0.02641009
      vertex 0.2463001 -0.2756959 0.02640199
    endloop
  endfacet
  facet normal 0.2739551 0.2729131 -0.9222077
    outer loop
      vertex 0.2579045 -0.2689961 0.03235776
      vertex 0.2862141 -0.2969305 0.03250079
      vertex 0.2731977 -0.3044456 0.02641009
    endloop
  endfacet
  facet normal 0.3108399 0.2725803 -0.9105375
    outer loop
      vertex 0.2463001 -0.2756959 0.02640199
      vertex 0.2606771 -0.3116743 0.02053944
      vertex 0.235138 -0.2821403 0.02066228
    endloop
  endfacet
  facet normal 0.2810969 0.2627283 -0.9230159
    outer loop
      vertex 0.2463001 -0.2756959 0.02640199
      vertex 0.2731977 -0.3044456 0.02641009
      vertex 0.2606771 -0.3116743 0.02053944
    endloop
  endfacet
  facet normal 0.322846 0.2663901 -0.9081887
    outer loop
      vertex 0.235138 -0.2821403 0.02066228
      vertex 0.2488752 -0.3184882 0.01488404
      vertex 0.2246199 -0.2882129 0.01514203
    endloop
  endfacet
  facet normal 0.2928772 0.2570907 -0.9209383
    outer loop
      vertex 0.235138 -0.2821403 0.02066228
      vertex 0.2606771 -0.3116743 0.02053944
      vertex 0.2488752 -0.3184882 0.01488404
    endloop
  endfacet
  facet normal 0.3276286 0.2552614 -0.9096709
    outer loop
      vertex 0.2246199 -0.2882129 0.01514203
      vertex 0.2379378 -0.3248029 0.009671187
      vertex 0.2148715 -0.2938412 0.0100517
    endloop
  endfacet
  facet normal 0.2974953 0.2462016 -0.9224323
    outer loop
      vertex 0.2246199 -0.2882129 0.01514203
      vertex 0.2488752 -0.3184882 0.01488404
      vertex 0.2379378 -0.3248029 0.009671187
    endloop
  endfacet
  facet normal 0.3220276 0.2380056 -0.916325
    outer loop
      vertex 0.2148715 -0.2938412 0.0100517
      vertex 0.2280495 -0.3305119 0.005158042
      vertex 0.2060529 -0.2989326 0.005630093
    endloop
  endfacet
  facet normal 0.2917833 0.2287909 -0.9287181
    outer loop
      vertex 0.2148715 -0.2938412 0.0100517
      vertex 0.2379378 -0.3248029 0.009671187
      vertex 0.2280495 -0.3305119 0.005158042
    endloop
  endfacet
  facet normal 0.3017354 0.2128899 -0.9293189
    outer loop
      vertex 0.2060529 -0.2989326 0.005630093
      vertex 0.2193854 -0.3355141 0.00157879
      vertex 0.1983163 -0.3033993 0.002094919
    endloop
  endfacet
  facet normal 0.271394 0.2031025 -0.9407947
    outer loop
      vertex 0.2060529 -0.2989326 0.005630093
      vertex 0.2280495 -0.3305119 0.005158042
      vertex 0.2193854 -0.3355141 0.00157879
    endloop
  endfacet
  facet normal 0.2580736 0.1755316 -0.9500456
    outer loop
      vertex 0.1983163 -0.3033993 0.002094919
      vertex 0.2121141 -0.3397122 -0.0008662367
      vertex 0.1918089 -0.3071563 -0.000366935
    endloop
  endfacet
  facet normal 0.2275988 0.1647409 -0.9597183
    outer loop
      vertex 0.1983163 -0.3033993 0.002094919
      vertex 0.2193854 -0.3355141 0.00157879
      vertex 0.2121141 -0.3397122 -0.0008662367
    endloop
  endfacet
  facet normal 0.1698681 0.1141155 -0.9788373
    outer loop
      vertex 0.1918089 -0.3071563 -0.000366935
      vertex 0.2063935 -0.343015 -0.002016413
      vertex 0.1866692 -0.3101238 -0.001604833
    endloop
  endfacet
  facet normal 0.1391987 0.1019253 -0.9850051
    outer loop
      vertex 0.1918089 -0.3071563 -0.000366935
      vertex 0.2121141 -0.3397122 -0.0008662367
      vertex 0.2063935 -0.343015 -0.002016413
    endloop
  endfacet
  facet normal -0.02330555 -0.006176907 -0.9997093
    outer loop
      vertex 0.1866692 -0.3101238 -0.001604833
      vertex 0.2023622 -0.3453425 -0.001753067
      vertex 0.1830193 -0.312231 -0.001506724
    endloop
  endfacet
  facet normal -0.05380266 -0.01977172 -0.9983558
    outer loop
      vertex 0.1866692 -0.3101238 -0.001604833
      vertex 0.2063935 -0.343015 -0.002016413
      vertex 0.2023622 -0.3453425 -0.001753067
    endloop
  endfacet
  facet normal -0.4627022 -0.2671413 -0.845306
    outer loop
      vertex 0.1830193 -0.312231 -0.001506724
      vertex 0.2001282 -0.3466322 0
      vertex 0.1809548 -0.313423 0
    endloop
  endfacet
  facet normal -0.4879955 -0.2789222 -0.8270809
    outer loop
      vertex 0.1830193 -0.312231 -0.001506724
      vertex 0.2023622 -0.3453425 -0.001753067
      vertex 0.2001282 -0.3466322 0
    endloop
  endfacet
  facet normal -0.8601133 -0.4994752 -0.1035845
    outer loop
      vertex 0.2001282 -0.3466322 0
      vertex 0.2190774 -0.379971 0.003411769
      vertex 0.1998481 -0.346794 0.003105633
    endloop
  endfacet
  facet normal -0.8635432 -0.4985669 -0.07565899
    outer loop
      vertex 0.2001282 -0.3466322 0
      vertex 0.2193016 -0.3798415 0
      vertex 0.2190774 -0.379971 0.003411769
    endloop
  endfacet
  facet normal -0.777186 -0.4507771 0.4390694
    outer loop
      vertex 0.1998481 -0.346794 0.003105633
      vertex 0.2211576 -0.37877 0.007996308
      vertex 0.2016441 -0.3457571 0.007349158
    endloop
  endfacet
  facet normal -0.7682215 -0.4409768 0.4640853
    outer loop
      vertex 0.1998481 -0.346794 0.003105633
      vertex 0.2190774 -0.379971 0.003411769
      vertex 0.2211576 -0.37877 0.007996308
    endloop
  endfacet
  facet normal -0.656859 -0.3819231 0.6501315
    outer loop
      vertex 0.2016441 -0.3457571 0.007349158
      vertex 0.2255429 -0.3762381 0.01358902
      vertex 0.2055205 -0.343519 0.01258045
    endloop
  endfacet
  facet normal -0.6438429 -0.3674099 0.6711753
    outer loop
      vertex 0.2016441 -0.3457571 0.007349158
      vertex 0.2211576 -0.37877 0.007996308
      vertex 0.2255429 -0.3762381 0.01358902
    endloop
  endfacet
  facet normal -0.5680262 -0.3329307 0.7526642
    outer loop
      vertex 0.2055205 -0.343519 0.01258045
      vertex 0.2321879 -0.3724016 0.01993014
      vertex 0.2114416 -0.3401004 0.01856121
    endloop
  endfacet
  facet normal -0.5536789 -0.3150618 0.7708279
    outer loop
      vertex 0.2055205 -0.343519 0.01258045
      vertex 0.2255429 -0.3762381 0.01358902
      vertex 0.2321879 -0.3724016 0.01993014
    endloop
  endfacet
  facet normal -0.4964219 -0.2948315 0.81648
    outer loop
      vertex 0.2114416 -0.3401004 0.01856121
      vertex 0.2409874 -0.3673213 0.02669564
      vertex 0.2193187 -0.3355526 0.02499274
    endloop
  endfacet
  facet normal -0.4817037 -0.2741104 0.8323611
    outer loop
      vertex 0.2114416 -0.3401004 0.01856121
      vertex 0.2321879 -0.3724016 0.01993014
      vertex 0.2409874 -0.3673213 0.02669564
    endloop
  endfacet
  facet normal -0.4330975 -0.2617037 0.8625183
    outer loop
      vertex 0.2193187 -0.3355526 0.02499274
      vertex 0.2517661 -0.3610982 0.03353458
      vertex 0.2289997 -0.3299633 0.03154973
    endloop
  endfacet
  facet normal -0.4184177 -0.2384146 0.8764047
    outer loop
      vertex 0.2193187 -0.3355526 0.02499274
      vertex 0.2409874 -0.3673213 0.02669564
      vertex 0.2517661 -0.3610982 0.03353458
    endloop
  endfacet
  facet normal -0.3742796 -0.230711 0.8981577
    outer loop
      vertex 0.2289997 -0.3299633 0.03154973
      vertex 0.2642746 -0.3538764 0.04010691
      vertex 0.2402645 -0.3234596 0.03791463
    endloop
  endfacet
  facet normal -0.3598325 -0.2050915 0.9101967
    outer loop
      vertex 0.2289997 -0.3299633 0.03154973
      vertex 0.2517661 -0.3610982 0.03353458
      vertex 0.2642746 -0.3538764 0.04010691
    endloop
  endfacet
  facet normal -0.3186777 -0.2006004 0.926393
    outer loop
      vertex 0.2402645 -0.3234596 0.03791463
      vertex 0.2781944 -0.3458397 0.04611629
      vertex 0.2528292 -0.3162053 0.04380768
    endloop
  endfacet
  facet normal -0.304553 -0.1728949 0.9366722
    outer loop
      vertex 0.2402645 -0.3234596 0.03791463
      vertex 0.2642746 -0.3538764 0.04010691
      vertex 0.2781944 -0.3458397 0.04611629
    endloop
  endfacet
  facet normal -0.2666715 -0.1713597 0.9484314
    outer loop
      vertex 0.2528292 -0.3162053 0.04380768
      vertex 0.293081 -0.337245 0.05132395
      vertex 0.2662935 -0.3084317 0.04899797
    endloop
  endfacet
  facet normal -0.2528746 -0.1418896 0.957038
    outer loop
      vertex 0.2528292 -0.3162053 0.04380768
      vertex 0.2781944 -0.3458397 0.04611629
      vertex 0.293081 -0.337245 0.05132395
    endloop
  endfacet
  facet normal -0.228331 -0.1523684 0.9615866
    outer loop
      vertex 0.2662935 -0.3084317 0.04899797
      vertex 0.3083629 -0.328422 0.05581988
      vertex 0.2801342 -0.3004408 0.05355068
    endloop
  endfacet
  facet normal -0.2149041 -0.1215682 0.9690394
    outer loop
      vertex 0.2662935 -0.3084317 0.04899797
      vertex 0.293081 -0.337245 0.05132395
      vertex 0.3083629 -0.328422 0.05581988
    endloop
  endfacet
  facet normal -0.1976714 -0.1389731 0.9703672
    outer loop
      vertex 0.2801342 -0.3004408 0.05355068
      vertex 0.323775 -0.3195238 0.05970765
      vertex 0.2941072 -0.2923735 0.05755247
    endloop
  endfacet
  facet normal -0.1846397 -0.107044 0.9769594
    outer loop
      vertex 0.2801342 -0.3004408 0.05355068
      vertex 0.3083629 -0.328422 0.05581988
      vertex 0.323775 -0.3195238 0.05970765
    endloop
  endfacet
  facet normal -0.1702177 -0.1267784 0.9772171
    outer loop
      vertex 0.2941072 -0.2923735 0.05755247
      vertex 0.338907 -0.3107873 0.06296707
      vertex 0.3078385 -0.2844457 0.06097278
    endloop
  endfacet
  facet normal -0.1574595 -0.09402656 0.9830389
    outer loop
      vertex 0.2941072 -0.2923735 0.05755247
      vertex 0.323775 -0.3195238 0.05970765
      vertex 0.338907 -0.3107873 0.06296707
    endloop
  endfacet
  facet normal -0.1456478 -0.1153681 0.9825868
    outer loop
      vertex 0.3078385 -0.2844457 0.06097278
      vertex 0.3533588 -0.3024436 0.06560702
      vertex 0.3209631 -0.2768682 0.06380793
    endloop
  endfacet
  facet normal -0.13302 -0.08211165 0.9877061
    outer loop
      vertex 0.3078385 -0.2844457 0.06097278
      vertex 0.338907 -0.3107873 0.06296707
      vertex 0.3533588 -0.3024436 0.06560702
    endloop
  endfacet
  facet normal -0.1237498 -0.1044278 0.9868033
    outer loop
      vertex 0.3209631 -0.2768682 0.06380793
      vertex 0.3667511 -0.2947115 0.06766169
      vertex 0.3331342 -0.2698412 0.06607786
    endloop
  endfacet
  facet normal -0.1110957 -0.07099105 0.9912709
    outer loop
      vertex 0.3209631 -0.2768682 0.06380793
      vertex 0.3533588 -0.3024436 0.06560702
      vertex 0.3667511 -0.2947115 0.06766169
    endloop
  endfacet
  facet normal -0.1044588 -0.09382875 0.9900932
    outer loop
      vertex 0.3331342 -0.2698412 0.06607786
      vertex 0.378734 -0.2877932 0.06918756
      vertex 0.3440314 -0.2635497 0.06782379
    endloop
  endfacet
  facet normal -0.09161562 -0.06053715 0.9939526
    outer loop
      vertex 0.3331342 -0.2698412 0.06607786
      vertex 0.3667511 -0.2947115 0.06766169
      vertex 0.378734 -0.2877932 0.06918756
    endloop
  endfacet
  facet normal -0.08786309 -0.08368417 0.9926112
    outer loop
      vertex 0.3440314 -0.2635497 0.06782379
      vertex 0.3889953 -0.2818688 0.07025944
      vertex 0.3533681 -0.2581591 0.06910471
    endloop
  endfacet
  facet normal -0.07466789 -0.05085807 0.9959107
    outer loop
      vertex 0.3440314 -0.2635497 0.06782379
      vertex 0.378734 -0.2877932 0.06918756
      vertex 0.3889953 -0.2818688 0.07025944
    endloop
  endfacet
  facet normal -0.07417585 -0.0743481 0.9944699
    outer loop
      vertex 0.3533681 -0.2581591 0.06910471
      vertex 0.3972677 -0.2770927 0.0709636
      vertex 0.3608987 -0.2538114 0.06999145
    endloop
  endfacet
  facet normal -0.06047082 -0.04229626 0.9972734
    outer loop
      vertex 0.3533681 -0.2581591 0.06910471
      vertex 0.3889953 -0.2818688 0.07025944
      vertex 0.3972677 -0.2770927 0.0709636
    endloop
  endfacet
  facet normal -0.06368124 -0.06635017 0.9957622
    outer loop
      vertex 0.3608987 -0.2538114 0.06999145
      vertex 0.4033357 -0.2735894 0.07138753
      vertex 0.3664245 -0.250621 0.07055742
    endloop
  endfacet
  facet normal -0.04931784 -0.03536219 0.9981569
    outer loop
      vertex 0.3608987 -0.2538114 0.06999145
      vertex 0.3972677 -0.2770927 0.0709636
      vertex 0.4033357 -0.2735894 0.07138753
    endloop
  endfacet
  facet normal -0.05666772 -0.06027771 0.9965718
    outer loop
      vertex 0.3664245 -0.250621 0.07055742
      vertex 0.4070409 -0.2714502 0.07160712
      vertex 0.3697997 -0.2486724 0.0708672
    endloop
  endfacet
  facet normal -0.04151067 -0.03061616 0.9986689
    outer loop
      vertex 0.3664245 -0.250621 0.07055742
      vertex 0.4033357 -0.2735894 0.07138753
      vertex 0.4070409 -0.2714502 0.07160712
    endloop
  endfacet
  facet normal -0.05336431 -0.05663609 0.9969677
    outer loop
      vertex 0.3697997 -0.2486724 0.0708672
      vertex 0.4082868 -0.2707309 0.07167419
      vertex 0.3709347 -0.2480171 0.07096519
    endloop
  endfacet
  facet normal -0.0372956 -0.02852913 0.998897
    outer loop
      vertex 0.3697997 -0.2486724 0.0708672
      vertex 0.4070409 -0.2714502 0.07160712
      vertex 0.4082868 -0.2707309 0.07167419
    endloop
  endfacet
  facet normal 0.3728652 0.588886 -0.7170668
    outer loop
      vertex 0.3709347 -0.2480171 0.07096519
      vertex 0.407196 -0.2713607 0.07064979
      vertex 0.3699623 -0.2485785 0.06999849
    endloop
  endfacet
  facet normal 0.3616006 0.5716507 -0.7365192
    outer loop
      vertex 0.3709347 -0.2480171 0.07096519
      vertex 0.4082868 -0.2707309 0.07167419
      vertex 0.407196 -0.2713607 0.07064979
    endloop
  endfacet
  facet normal 0.2107245 0.3127245 -0.9261742
    outer loop
      vertex 0.3699623 -0.2485785 0.06999849
      vertex 0.4036824 -0.2733892 0.06929315
      vertex 0.3667873 -0.2504116 0.06865715
    endloop
  endfacet
  facet normal 0.1941037 0.290443 -0.9369987
    outer loop
      vertex 0.3699623 -0.2485785 0.06999849
      vertex 0.407196 -0.2713607 0.07064979
      vertex 0.4036824 -0.2733892 0.06929315
    endloop
  endfacet
  facet normal 0.2142813 0.3100043 -0.9262725
    outer loop
      vertex 0.3667873 -0.2504116 0.06865715
      vertex 0.3979366 -0.2767066 0.06706276
      vertex 0.3615953 -0.2534092 0.06645281
    endloop
  endfacet
  facet normal 0.1964698 0.289542 -0.9367844
    outer loop
      vertex 0.3667873 -0.2504116 0.06865715
      vertex 0.4036824 -0.2733892 0.06929315
      vertex 0.3979366 -0.2767066 0.06706276
    endloop
  endfacet
  facet normal 0.2193924 0.3066487 -0.926193
    outer loop
      vertex 0.3615953 -0.2534092 0.06645281
      vertex 0.390119 -0.28122 0.06400163
      vertex 0.3545318 -0.2574873 0.06342947
    endloop
  endfacet
  facet normal 0.2003728 0.288043 -0.9364197
    outer loop
      vertex 0.3615953 -0.2534092 0.06645281
      vertex 0.3979366 -0.2767066 0.06706276
      vertex 0.390119 -0.28122 0.06400163
    endloop
  endfacet
  facet normal 0.2260679 0.3028721 -0.9258303
    outer loop
      vertex 0.3545318 -0.2574873 0.06342947
      vertex 0.3804454 -0.2868051 0.06016611
      vertex 0.3457925 -0.262533 0.05964488
    endloop
  endfacet
  facet normal 0.2058561 0.2861191 -0.93582
    outer loop
      vertex 0.3545318 -0.2574873 0.06342947
      vertex 0.390119 -0.28122 0.06400163
      vertex 0.3804454 -0.2868051 0.06016611
    endloop
  endfacet
  facet normal 0.2342236 0.2987749 -0.925134
    outer loop
      vertex 0.3457925 -0.262533 0.05964488
      vertex 0.3691783 -0.2933102 0.05562605
      vertex 0.335615 -0.2684089 0.05517051
    endloop
  endfacet
  facet normal 0.2128661 0.2838282 -0.934949
    outer loop
      vertex 0.3457925 -0.262533 0.05964488
      vertex 0.3804454 -0.2868051 0.06016611
      vertex 0.3691783 -0.2933102 0.05562605
    endloop
  endfacet
  facet normal 0.2436096 0.2942654 -0.9241549
    outer loop
      vertex 0.335615 -0.2684089 0.05517051
      vertex 0.3566167 -0.3005626 0.05046835
      vertex 0.3242704 -0.2749587 0.05009449
    endloop
  endfacet
  facet normal 0.2211805 0.2810351 -0.9338621
    outer loop
      vertex 0.335615 -0.2684089 0.05517051
      vertex 0.3691783 -0.2933102 0.05562605
      vertex 0.3566167 -0.3005626 0.05046835
    endloop
  endfacet
  facet normal 0.2537481 0.2890294 -0.9230785
    outer loop
      vertex 0.3242704 -0.2749587 0.05009449
      vertex 0.3430849 -0.3083752 0.04480326
      vertex 0.3120521 -0.282013 0.04452696
    endloop
  endfacet
  facet normal 0.2303448 0.2773822 -0.9327381
    outer loop
      vertex 0.3242704 -0.2749587 0.05009449
      vertex 0.3566167 -0.3005626 0.05046835
      vertex 0.3430849 -0.3083752 0.04480326
    endloop
  endfacet
  facet normal 0.2638938 0.2825603 -0.9222363
    outer loop
      vertex 0.3120521 -0.282013 0.04452696
      vertex 0.3289205 -0.3165531 0.03877117
      vertex 0.2992648 -0.2893957 0.03860596
    endloop
  endfacet
  facet normal 0.2396322 0.2723203 -0.9318895
    outer loop
      vertex 0.3120521 -0.282013 0.04452696
      vertex 0.3430849 -0.3083752 0.04480326
      vertex 0.3289205 -0.3165531 0.03877117
    endloop
  endfacet
  facet normal 0.2730287 0.2742371 -0.9220897
    outer loop
      vertex 0.2992648 -0.2893957 0.03860596
      vertex 0.3144627 -0.3249003 0.03254668
      vertex 0.2862141 -0.2969305 0.03250079
    endloop
  endfacet
  facet normal 0.2480377 0.2651877 -0.9317472
    outer loop
      vertex 0.2992648 -0.2893957 0.03860596
      vertex 0.3289205 -0.3165531 0.03877117
      vertex 0.3144627 -0.3249003 0.03254668
    endloop
  endfacet
  facet normal 0.2798914 0.2634227 -0.9231843
    outer loop
      vertex 0.2862141 -0.2969305 0.03250079
      vertex 0.3000427 -0.3332256 0.02633684
      vertex 0.2731977 -0.3044456 0.02641009
    endloop
  endfacet
  facet normal 0.2543062 0.2553103 -0.9328156
    outer loop
      vertex 0.2862141 -0.2969305 0.03250079
      vertex 0.3144627 -0.3249003 0.03254668
      vertex 0.3000427 -0.3332256 0.02633684
    endloop
  endfacet
  facet normal 0.2869006 0.2533537 -0.9238506
    outer loop
      vertex 0.2731977 -0.3044456 0.02641009
      vertex 0.2861718 -0.341234 0.02035044
      vertex 0.2606771 -0.3116743 0.02053944
    endloop
  endfacet
  facet normal 0.2609748 0.2458043 -0.9335268
    outer loop
      vertex 0.2731977 -0.3044456 0.02641009
      vertex 0.3000427 -0.3332256 0.02633684
      vertex 0.2861718 -0.341234 0.02035044
    endloop
  endfacet
  facet normal 0.2984577 0.2480056 -0.9216378
    outer loop
      vertex 0.2606771 -0.3116743 0.02053944
      vertex 0.2730938 -0.3487846 0.01457433
      vertex 0.2488752 -0.3184882 0.01488404
    endloop
  endfacet
  facet normal 0.272371 0.2408714 -0.9315552
    outer loop
      vertex 0.2606771 -0.3116743 0.02053944
      vertex 0.2861718 -0.341234 0.02035044
      vertex 0.2730938 -0.3487846 0.01457433
    endloop
  endfacet
  facet normal 0.3027268 0.2375978 -0.9229863
    outer loop
      vertex 0.2488752 -0.3184882 0.01488404
      vertex 0.2609746 -0.3557816 0.009252294
      vertex 0.2379378 -0.3248029 0.009671187
    endloop
  endfacet
  facet normal 0.2765445 0.2306038 -0.9329228
    outer loop
      vertex 0.2488752 -0.3184882 0.01488404
      vertex 0.2730938 -0.3487846 0.01457433
      vertex 0.2609746 -0.3557816 0.009252294
    endloop
  endfacet
  facet normal 0.2965235 0.2209033 -0.9291262
    outer loop
      vertex 0.2379378 -0.3248029 0.009671187
      vertex 0.2500231 -0.3621045 0.004659495
      vertex 0.2280495 -0.3305119 0.005158042
    endloop
  endfacet
  facet normal 0.2703087 0.2137039 -0.9387566
    outer loop
      vertex 0.2379378 -0.3248029 0.009671187
      vertex 0.2609746 -0.3557816 0.009252294
      vertex 0.2500231 -0.3621045 0.004659495
    endloop
  endfacet
  facet normal 0.2755188 0.1961551 -0.9410699
    outer loop
      vertex 0.2280495 -0.3305119 0.005158042
      vertex 0.2404374 -0.3676388 0.001046227
      vertex 0.2193854 -0.3355141 0.00157879
    endloop
  endfacet
  facet normal 0.2493038 0.1883887 -0.9499249
    outer loop
      vertex 0.2280495 -0.3305119 0.005158042
      vertex 0.2500231 -0.3621045 0.004659495
      vertex 0.2404374 -0.3676388 0.001046227
    endloop
  endfacet
  facet normal 0.2310059 0.1589356 -0.9598832
    outer loop
      vertex 0.2193854 -0.3355141 0.00157879
      vertex 0.2324076 -0.3722748 -0.001374047
      vertex 0.2121141 -0.3397122 -0.0008662367
    endloop
  endfacet
  facet normal 0.2047868 0.1502361 -0.9672081
    outer loop
      vertex 0.2193854 -0.3355141 0.00157879
      vertex 0.2404374 -0.3676388 0.001046227
      vertex 0.2324076 -0.3722748 -0.001374047
    endloop
  endfacet
  facet normal 0.1418168 0.09741934 -0.9850875
    outer loop
      vertex 0.2121141 -0.3397122 -0.0008662367
      vertex 0.2261108 -0.3759102 -0.002430987
      vertex 0.2063935 -0.343015 -0.002016413
    endloop
  endfacet
  facet normal 0.1155845 0.08746419 -0.9894394
    outer loop
      vertex 0.2121141 -0.3397122 -0.0008662367
      vertex 0.2324076 -0.3722748 -0.001374047
      vertex 0.2261108 -0.3759102 -0.002430987
    endloop
  endfacet
  facet normal -0.05198152 -0.02292931 -0.9983848
    outer loop
      vertex 0.2063935 -0.343015 -0.002016413
      vertex 0.221702 -0.3784557 -0.001999515
      vertex 0.2023622 -0.3453425 -0.001753067
    endloop
  endfacet
  facet normal -0.07782882 -0.03409303 -0.9963836
    outer loop
      vertex 0.2063935 -0.343015 -0.002016413
      vertex 0.2261108 -0.3759102 -0.002430987
      vertex 0.221702 -0.3784557 -0.001999515
    endloop
  endfacet
  facet normal -0.4867749 -0.2810396 -0.8270834
    outer loop
      vertex 0.2023622 -0.3453425 -0.001753067
      vertex 0.2193016 -0.3798415 0
      vertex 0.2001282 -0.3466322 0
    endloop
  endfacet
  facet normal -0.5078038 -0.2905476 -0.8109977
    outer loop
      vertex 0.2023622 -0.3453425 -0.001753067
      vertex 0.221702 -0.3784557 -0.001999515
      vertex 0.2193016 -0.3798415 0
    endloop
  endfacet
  facet normal -0.8623797 -0.5005767 -0.07565879
    outer loop
      vertex 0.2193016 -0.3798415 0
      vertex 0.2383082 -0.4131471 0.003715732
      vertex 0.2190774 -0.379971 0.003411769
    endloop
  endfacet
  facet normal -0.864864 -0.4993295 -0.05177189
    outer loop
      vertex 0.2193016 -0.3798415 0
      vertex 0.238475 -0.4130508 0
      vertex 0.2383082 -0.4131471 0.003715732
    endloop
  endfacet
  facet normal -0.7664337 -0.4440761 0.464086
    outer loop
      vertex 0.2190774 -0.379971 0.003411769
      vertex 0.2406729 -0.4117819 0.008637152
      vertex 0.2211576 -0.37877 0.007996308
    endloop
  endfacet
  facet normal -0.7584429 -0.4351909 0.4851527
    outer loop
      vertex 0.2190774 -0.379971 0.003411769
      vertex 0.2383082 -0.4131471 0.003715732
      vertex 0.2406729 -0.4117819 0.008637152
    endloop
  endfacet
  facet normal -0.6412109 -0.3719772 0.6711792
    outer loop
      vertex 0.2211576 -0.37877 0.007996308
      vertex 0.2455663 -0.4089567 0.0145853
      vertex 0.2255429 -0.3762381 0.01358902
    endloop
  endfacet
  facet normal -0.6299015 -0.3590029 0.6887243
    outer loop
      vertex 0.2211576 -0.37877 0.007996308
      vertex 0.2406729 -0.4117819 0.008637152
      vertex 0.2455663 -0.4089567 0.0145853
    endloop
  endfacet
  facet normal -0.5501695 -0.3211446 0.7708305
    outer loop
      vertex 0.2255429 -0.3762381 0.01358902
      vertex 0.2529331 -0.4047034 0.02127914
      vertex 0.2321879 -0.3724016 0.01993014
    endloop
  endfacet
  facet normal -0.5378425 -0.3052251 0.7858518
    outer loop
      vertex 0.2255429 -0.3762381 0.01358902
      vertex 0.2455663 -0.4089567 0.0145853
      vertex 0.2529331 -0.4047034 0.02127914
    endloop
  endfacet
  facet normal -0.4773495 -0.2816434 0.8323547
    outer loop
      vertex 0.2321879 -0.3724016 0.01993014
      vertex 0.2626517 -0.3990924 0.02836959
      vertex 0.2409874 -0.3673213 0.02669564
    endloop
  endfacet
  facet normal -0.4648081 -0.2632092 0.8453842
    outer loop
      vertex 0.2321879 -0.3724016 0.01993014
      vertex 0.2529331 -0.4047034 0.02127914
      vertex 0.2626517 -0.3990924 0.02836959
    endloop
  endfacet
  facet normal -0.4132887 -0.2472747 0.8763833
    outer loop
      vertex 0.2409874 -0.3673213 0.02669564
      vertex 0.2745236 -0.3922382 0.03548039
      vertex 0.2517661 -0.3610982 0.03353458
    endloop
  endfacet
  facet normal -0.4008689 -0.2265776 0.8876749
    outer loop
      vertex 0.2409874 -0.3673213 0.02669564
      vertex 0.2626517 -0.3990924 0.02836959
      vertex 0.2745236 -0.3922382 0.03548039
    endloop
  endfacet
  facet normal -0.3540254 -0.2151162 0.9101599
    outer loop
      vertex 0.2517661 -0.3610982 0.03353458
      vertex 0.28827 -0.3843017 0.04224937
      vertex 0.2642746 -0.3538764 0.04010691
    endloop
  endfacet
  facet normal -0.3418806 -0.1923732 0.9198425
    outer loop
      vertex 0.2517661 -0.3610982 0.03353458
      vertex 0.2745236 -0.3922382 0.03548039
      vertex 0.28827 -0.3843017 0.04224937
    endloop
  endfacet
  facet normal -0.2981847 -0.1838912 0.9366269
    outer loop
      vertex 0.2642746 -0.3538764 0.04010691
      vertex 0.3035379 -0.3754867 0.04836394
      vertex 0.2781944 -0.3458397 0.04611629
    endloop
  endfacet
  facet normal -0.2863793 -0.1593286 0.9447758
    outer loop
      vertex 0.2642746 -0.3538764 0.04010691
      vertex 0.28827 -0.3843017 0.04224937
      vertex 0.3035379 -0.3754867 0.04836394
    endloop
  endfacet
  facet normal -0.2461034 -0.1535925 0.9569966
    outer loop
      vertex 0.2781944 -0.3458397 0.04611629
      vertex 0.3198387 -0.3660755 0.0535779
      vertex 0.293081 -0.337245 0.05132395
    endloop
  endfacet
  facet normal -0.2346272 -0.1275081 0.9636865
    outer loop
      vertex 0.2781944 -0.3458397 0.04611629
      vertex 0.3035379 -0.3754867 0.04836394
      vertex 0.3198387 -0.3660755 0.0535779
    endloop
  endfacet
  facet normal -0.2079111 -0.1336473 0.9689744
    outer loop
      vertex 0.293081 -0.337245 0.05132395
      vertex 0.3365532 -0.3564253 0.05800624
      vertex 0.3083629 -0.328422 0.05581988
    endloop
  endfacet
  facet normal -0.1967764 -0.1064313 0.9746545
    outer loop
      vertex 0.293081 -0.337245 0.05132395
      vertex 0.3198387 -0.3660755 0.0535779
      vertex 0.3365532 -0.3564253 0.05800624
    endloop
  endfacet
  facet normal -0.1775068 -0.119353 0.9768553
    outer loop
      vertex 0.3083629 -0.328422 0.05581988
      vertex 0.3533957 -0.3467013 0.06176953
      vertex 0.323775 -0.3195238 0.05970765
    endloop
  endfacet
  facet normal -0.1667235 -0.09118481 0.9817783
    outer loop
      vertex 0.3083629 -0.328422 0.05581988
      vertex 0.3365532 -0.3564253 0.05800624
      vertex 0.3533957 -0.3467013 0.06176953
    endloop
  endfacet
  facet normal -0.1503409 -0.1063054 0.9829022
    outer loop
      vertex 0.323775 -0.3195238 0.05970765
      vertex 0.3699194 -0.3371614 0.06485814
      vertex 0.338907 -0.3107873 0.06296707
    endloop
  endfacet
  facet normal -0.1397917 -0.07746677 0.987146
    outer loop
      vertex 0.323775 -0.3195238 0.05970765
      vertex 0.3533957 -0.3467013 0.06176953
      vertex 0.3699194 -0.3371614 0.06485814
    endloop
  endfacet
  facet normal -0.1260689 -0.09410121 0.9875483
    outer loop
      vertex 0.338907 -0.3107873 0.06296707
      vertex 0.3856897 -0.3280564 0.06729376
      vertex 0.3533588 -0.3024436 0.06560702
    endloop
  endfacet
  facet normal -0.1156191 -0.06488413 0.9911722
    outer loop
      vertex 0.338907 -0.3107873 0.06296707
      vertex 0.3699194 -0.3371614 0.06485814
      vertex 0.3856897 -0.3280564 0.06729376
    endloop
  endfacet
  facet normal -0.1044605 -0.08243976 0.9911063
    outer loop
      vertex 0.3533588 -0.3024436 0.06560702
      vertex 0.400295 -0.319624 0.06912495
      vertex 0.3667511 -0.2947115 0.06766169
    endloop
  endfacet
  facet normal -0.09396465 -0.0531409 0.9941563
    outer loop
      vertex 0.3533588 -0.3024436 0.06560702
      vertex 0.3856897 -0.3280564 0.06729376
      vertex 0.400295 -0.319624 0.06912495
    endloop
  endfacet
  facet normal -0.08543591 -0.07120617 0.9937959
    outer loop
      vertex 0.3667511 -0.2947115 0.06766169
      vertex 0.4133563 -0.3120831 0.07042362
      vertex 0.378734 -0.2877932 0.06918756
    endloop
  endfacet
  facet normal -0.07474416 -0.04212167 0.9963127
    outer loop
      vertex 0.3667511 -0.2947115 0.06766169
      vertex 0.400295 -0.319624 0.06912495
      vertex 0.4133563 -0.3120831 0.07042362
    endloop
  endfacet
  facet normal -0.06907175 -0.06052611 0.9957739
    outer loop
      vertex 0.378734 -0.2877932 0.06918756
      vertex 0.4245357 -0.3056286 0.0712805
      vertex 0.3889953 -0.2818688 0.07025944
    endloop
  endfacet
  facet normal -0.05803513 -0.03194578 0.9978033
    outer loop
      vertex 0.378734 -0.2877932 0.06918756
      vertex 0.4133563 -0.3120831 0.07042362
      vertex 0.4245357 -0.3056286 0.0712805
    endloop
  endfacet
  facet normal -0.05557241 -0.05076432 0.9971633
    outer loop
      vertex 0.3889953 -0.2818688 0.07025944
      vertex 0.4335446 -0.3004273 0.0717974
      vertex 0.3972677 -0.2770927 0.0709636
    endloop
  endfacet
  facet normal -0.04404707 -0.02296517 0.9987655
    outer loop
      vertex 0.3889953 -0.2818688 0.07025944
      vertex 0.4245357 -0.3056286 0.0712805
      vertex 0.4335446 -0.3004273 0.0717974
    endloop
  endfacet
  facet normal -0.04521512 -0.04245835 0.9980746
    outer loop
      vertex 0.3972677 -0.2770927 0.0709636
      vertex 0.4401507 -0.2966133 0.0720759
      vertex 0.4033357 -0.2735894 0.07138753
    endloop
  endfacet
  facet normal -0.03306608 -0.01569761 0.9993299
    outer loop
      vertex 0.3972677 -0.2770927 0.0709636
      vertex 0.4335446 -0.3004273 0.0717974
      vertex 0.4401507 -0.2966133 0.0720759
    endloop
  endfacet
  facet normal -0.03828312 -0.03620049 0.998611
    outer loop
      vertex 0.4033357 -0.2735894 0.07138753
      vertex 0.4441837 -0.2942848 0.07220327
      vertex 0.4070409 -0.2714502 0.07160712
    endloop
  endfacet
  facet normal -0.02538791 -0.01070846 0.9996203
    outer loop
      vertex 0.4033357 -0.2735894 0.07138753
      vertex 0.4401507 -0.2966133 0.0720759
      vertex 0.4441837 -0.2942848 0.07220327
    endloop
  endfacet
  facet normal -0.03500194 -0.03249831 0.9988587
    outer loop
      vertex 0.4070409 -0.2714502 0.07160712
      vertex 0.4455397 -0.2935019 0.07223873
      vertex 0.4082868 -0.2707309 0.07167419
    endloop
  endfacet
  facet normal -0.02125435 -0.008472046 0.9997382
    outer loop
      vertex 0.4070409 -0.2714502 0.07160712
      vertex 0.4441837 -0.2942848 0.07220327
      vertex 0.4455397 -0.2935019 0.07223873
    endloop
  endfacet
  facet normal 0.3616383 0.5716085 -0.7365334
    outer loop
      vertex 0.4082868 -0.2707309 0.07167419
      vertex 0.4443307 -0.2942 0.07115788
      vertex 0.407196 -0.2713607 0.07064979
    endloop
  endfacet
  facet normal 0.3516149 0.5565707 -0.7527258
    outer loop
      vertex 0.4082868 -0.2707309 0.07167419
      vertex 0.4455397 -0.2935019 0.07223873
      vertex 0.4443307 -0.2942 0.07115788
    endloop
  endfacet
  facet normal 0.194264 0.2901947 -0.9370424
    outer loop
      vertex 0.407196 -0.2713607 0.07064979
      vertex 0.4404805 -0.2964229 0.06978864
      vertex 0.4036824 -0.2733892 0.06929315
    endloop
  endfacet
  facet normal 0.1797193 0.2711724 -0.9456038
    outer loop
      vertex 0.407196 -0.2713607 0.07064979
      vertex 0.4443307 -0.2942 0.07115788
      vertex 0.4404805 -0.2964229 0.06978864
    endloop
  endfacet
  facet normal 0.1976266 0.2877465 -0.9370943
    outer loop
      vertex 0.4036824 -0.2733892 0.06929315
      vertex 0.4341838 -0.3000583 0.06753662
      vertex 0.3979366 -0.2767066 0.06706276
    endloop
  endfacet
  facet normal 0.1819953 0.2704151 -0.9453853
    outer loop
      vertex 0.4036824 -0.2733892 0.06929315
      vertex 0.4404805 -0.2964229 0.06978864
      vertex 0.4341838 -0.3000583 0.06753662
    endloop
  endfacet
  facet normal 0.202478 0.2847688 -0.9369682
    outer loop
      vertex 0.3979366 -0.2767066 0.06706276
      vertex 0.4256162 -0.3050048 0.06444376
      vertex 0.390119 -0.28122 0.06400163
    endloop
  endfacet
  facet normal 0.185751 0.2691522 -0.9450152
    outer loop
      vertex 0.3979366 -0.2767066 0.06706276
      vertex 0.4341838 -0.3000583 0.06753662
      vertex 0.4256162 -0.3050048 0.06444376
    endloop
  endfacet
  facet normal 0.2088374 0.2814698 -0.9365691
    outer loop
      vertex 0.390119 -0.28122 0.06400163
      vertex 0.4150135 -0.3111263 0.06056482
      vertex 0.3804454 -0.2868051 0.06016611
    endloop
  endfacet
  facet normal 0.1910353 0.2675528 -0.9444157
    outer loop
      vertex 0.390119 -0.28122 0.06400163
      vertex 0.4256162 -0.3050048 0.06444376
      vertex 0.4150135 -0.3111263 0.06056482
    endloop
  endfacet
  facet normal 0.2166295 0.2779406 -0.9358529
    outer loop
      vertex 0.3804454 -0.2868051 0.06016611
      vertex 0.4026624 -0.3182572 0.05596785
      vertex 0.3691783 -0.2933102 0.05562605
    endloop
  endfacet
  facet normal 0.1978003 0.2656682 -0.9435547
    outer loop
      vertex 0.3804454 -0.2868051 0.06016611
      vertex 0.4150135 -0.3111263 0.06056482
      vertex 0.4026624 -0.3182572 0.05596785
    endloop
  endfacet
  facet normal 0.2256125 0.2740753 -0.9348699
    outer loop
      vertex 0.3691783 -0.2933102 0.05562605
      vertex 0.3888902 -0.3262086 0.05073833
      vertex 0.3566167 -0.3005626 0.05046835
    endloop
  endfacet
  facet normal 0.2058289 0.263353 -0.9424859
    outer loop
      vertex 0.3691783 -0.2933102 0.05562605
      vertex 0.4026624 -0.3182572 0.05596785
      vertex 0.3888902 -0.3262086 0.05073833
    endloop
  endfacet
  facet normal 0.2353142 0.2695419 -0.9337957
    outer loop
      vertex 0.3566167 -0.3005626 0.05046835
      vertex 0.3740518 -0.3347755 0.04498637
      vertex 0.3430849 -0.3083752 0.04480326
    endloop
  endfacet
  facet normal 0.2146699 0.2602364 -0.9413787
    outer loop
      vertex 0.3566167 -0.3005626 0.05046835
      vertex 0.3888902 -0.3262086 0.05073833
      vertex 0.3740518 -0.3347755 0.04498637
    endloop
  endfacet
  facet normal 0.2449931 0.2638118 -0.9329425
    outer loop
      vertex 0.3430849 -0.3083752 0.04480326
      vertex 0.3585175 -0.3437442 0.03885447
      vertex 0.3289205 -0.3165531 0.03877117
    endloop
  endfacet
  facet normal 0.2235983 0.2557525 -0.9405288
    outer loop
      vertex 0.3430849 -0.3083752 0.04480326
      vertex 0.3740518 -0.3347755 0.04498637
      vertex 0.3585175 -0.3437442 0.03885447
    endloop
  endfacet
  facet normal 0.2536329 0.25624 -0.932744
    outer loop
      vertex 0.3289205 -0.3165531 0.03877117
      vertex 0.3426599 -0.3528996 0.03252221
      vertex 0.3144627 -0.3249003 0.03254668
    endloop
  endfacet
  facet normal 0.2316096 0.2492215 -0.9403434
    outer loop
      vertex 0.3289205 -0.3165531 0.03877117
      vertex 0.3585175 -0.3437442 0.03885447
      vertex 0.3426599 -0.3528996 0.03252221
    endloop
  endfacet
  facet normal 0.2599727 0.2461639 -0.9337117
    outer loop
      vertex 0.3144627 -0.3249003 0.03254668
      vertex 0.3268437 -0.3620311 0.02620474
      vertex 0.3000427 -0.3332256 0.02633684
    endloop
  endfacet
  facet normal 0.237449 0.2399493 -0.9412982
    outer loop
      vertex 0.3144627 -0.3249003 0.03254668
      vertex 0.3426599 -0.3528996 0.03252221
      vertex 0.3268437 -0.3620311 0.02620474
    endloop
  endfacet
  facet normal 0.2664906 0.2368214 -0.9342903
    outer loop
      vertex 0.3000427 -0.3332256 0.02633684
      vertex 0.3116294 -0.3708151 0.02011368
      vertex 0.2861718 -0.341234 0.02035044
    endloop
  endfacet
  facet normal 0.2436985 0.2310598 -0.9419248
    outer loop
      vertex 0.3000427 -0.3332256 0.02633684
      vertex 0.3268437 -0.3620311 0.02620474
      vertex 0.3116294 -0.3708151 0.02011368
    endloop
  endfacet
  facet normal 0.2776524 0.2322128 -0.9321944
    outer loop
      vertex 0.2861718 -0.341234 0.02035044
      vertex 0.297282 -0.3790986 0.0142274
      vertex 0.2730938 -0.3487846 0.01457433
    endloop
  endfacet
  facet normal 0.2547478 0.2267615 -0.940044
    outer loop
      vertex 0.2861718 -0.341234 0.02035044
      vertex 0.3116294 -0.3708151 0.02011368
      vertex 0.297282 -0.3790986 0.0142274
    endloop
  endfacet
  facet normal 0.2814784 0.2224428 -0.9334287
    outer loop
      vertex 0.2730938 -0.3487846 0.01457433
      vertex 0.283987 -0.3867744 0.008805939
      vertex 0.2609746 -0.3557816 0.009252294
    endloop
  endfacet
  facet normal 0.2585282 0.2170575 -0.9413019
    outer loop
      vertex 0.2730938 -0.3487846 0.01457433
      vertex 0.297282 -0.3790986 0.0142274
      vertex 0.283987 -0.3867744 0.008805939
    endloop
  endfacet
  facet normal 0.2747667 0.2062529 -0.9391289
    outer loop
      vertex 0.2609746 -0.3557816 0.009252294
      vertex 0.2719779 -0.3937079 0.004142151
      vertex 0.2500231 -0.3621045 0.004659495
    endloop
  endfacet
  facet normal 0.2518392 0.2006273 -0.9467448
    outer loop
      vertex 0.2609746 -0.3557816 0.009252294
      vertex 0.283987 -0.3867744 0.008805939
      vertex 0.2719779 -0.3937079 0.004142151
    endloop
  endfacet
  facet normal 0.2531739 0.1818491 -0.9501757
    outer loop
      vertex 0.2500231 -0.3621045 0.004659495
      vertex 0.2614757 -0.3997714 0.0005021796
      vertex 0.2404374 -0.3676388 0.001046227
    endloop
  endfacet
  facet normal 0.2303131 0.1756658 -0.9571298
    outer loop
      vertex 0.2500231 -0.3621045 0.004659495
      vertex 0.2719779 -0.3937079 0.004142151
      vertex 0.2614757 -0.3997714 0.0005021796
    endloop
  endfacet
  facet normal 0.2079773 0.1447883 -0.9673581
    outer loop
      vertex 0.2404374 -0.3676388 0.001046227
      vertex 0.2526917 -0.4048428 -0.001887623
      vertex 0.2324076 -0.3722748 -0.001374047
    endloop
  endfacet
  facet normal 0.1852002 0.137731 -0.9730011
    outer loop
      vertex 0.2404374 -0.3676388 0.001046227
      vertex 0.2614757 -0.3997714 0.0005021796
      vertex 0.2526917 -0.4048428 -0.001887623
    endloop
  endfacet
  facet normal 0.1180322 0.08324648 -0.9895142
    outer loop
      vertex 0.2324076 -0.3722748 -0.001374047
      vertex 0.2458226 -0.4088087 -0.002847406
      vertex 0.2261108 -0.3759102 -0.002430987
    endloop
  endfacet
  facet normal 0.0953627 0.07504719 -0.9926096
    outer loop
      vertex 0.2324076 -0.3722748 -0.001374047
      vertex 0.2526917 -0.4048428 -0.001887623
      vertex 0.2458226 -0.4088087 -0.002847406
    endloop
  endfacet
  facet normal -0.07612803 -0.0370433 -0.9964097
    outer loop
      vertex 0.2261108 -0.3759102 -0.002430987
      vertex 0.2410395 -0.4115702 -0.002245848
      vertex 0.221702 -0.3784557 -0.001999515
    endloop
  endfacet
  facet normal -0.09828601 -0.0463074 -0.9940802
    outer loop
      vertex 0.2261108 -0.3759102 -0.002430987
      vertex 0.2458226 -0.4088087 -0.002847406
      vertex 0.2410395 -0.4115702 -0.002245848
    endloop
  endfacet
  facet normal -0.506665 -0.2925232 -0.8109999
    outer loop
      vertex 0.221702 -0.3784557 -0.001999515
      vertex 0.238475 -0.4130508 0
      vertex 0.2193016 -0.3798415 0
    endloop
  endfacet
  facet normal -0.5243952 -0.3002966 -0.7967632
    outer loop
      vertex 0.221702 -0.3784557 -0.001999515
      vertex 0.2410395 -0.4115702 -0.002245848
      vertex 0.238475 -0.4130508 0
    endloop
  endfacet
endsolid fan
